gene	run	timepoint	fraction	rep	class	n_precursors	min_PG_qvalue	min_precursor_qvalue	pg_quantity
GRB2	20200217_EXPL2_Evo1_AMV_SA_21m_DIA_Prot_HeLa_SUBCELL_EGF_CTRL_FR1_Rep1	CTRL	FR1	Rep1	A	4	0.0002989536733366549	0.0001900598726933822	4.79397e+07
GRB2	20200217_EXPL2_Evo1_AMV_SA_21m_DIA_Prot_HeLa_SUBCELL_EGF_CTRL_FR1_Rep2	CTRL	FR1	Rep2	A	5	0.00029180041747167706	0.00015903307939879596	4.19373e+07
GRB2	20200217_EXPL2_Evo1_AMV_SA_21m_DIA_Prot_HeLa_SUBCELL_EGF_CTRL_FR1_Rep3	CTRL	FR1	Rep3	A	4	0.00032247661147266626	0.00028760425630025566	4.58876e+07
GRB2	20200217_EXPL2_Evo1_AMV_SA_21m_DIA_Prot_HeLa_SUBCELL_EGF_CTRL_FR1_Rep4	CTRL	FR1	Rep4	A	5	0.00031289111939258873	1.2683916565947584e-06	4.57816e+07
GRB2	20200217_EXPL2_Evo1_AMV_SA_21m_DIA_Prot_HeLa_SUBCELL_EGF_CTRL_FR2_Rep1	CTRL	FR2	Rep1	A	4	0.00024654832668602467	5.378946661949158e-05	3.65017e+07
GRB2	20200217_EXPL2_Evo1_AMV_SA_21m_DIA_Prot_HeLa_SUBCELL_EGF_CTRL_FR2_Rep2	CTRL	FR2	Rep2	A	3	0.00025647602160461247	0.0002467511221766472	3.024e+07
GRB2	20200217_EXPL2_Evo1_AMV_SA_21m_DIA_Prot_HeLa_SUBCELL_EGF_CTRL_FR2_Rep3	CTRL	FR2	Rep3	A	3	0.00026802465436048806	0.00011728829122148454	2.86451e+07
GRB2	20200217_EXPL2_Evo1_AMV_SA_21m_DIA_Prot_HeLa_SUBCELL_EGF_CTRL_FR2_Rep4	CTRL	FR2	Rep4	A	5	0.00024721879162825644	4.434983225110045e-07	2.54397e+07
GRB2	20200217_EXPL2_Evo1_AMV_SA_21m_DIA_Prot_HeLa_SUBCELL_EGF_CTRL_FR3_Rep1	CTRL	FR3	Rep1	A	5	0.00026434045867063105	0.0001167406007880345	9.79381e+06
GRB2	20200217_EXPL2_Evo1_AMV_SA_21m_DIA_Prot_HeLa_SUBCELL_EGF_CTRL_FR3_Rep2	CTRL	FR3	Rep2	A	5	0.0002682403428480029	8.042464401114557e-07	9.71965e+06
GRB2	20200217_EXPL2_Evo1_AMV_SA_21m_DIA_Prot_HeLa_SUBCELL_EGF_CTRL_FR3_Rep3	CTRL	FR3	Rep3	A	3	0.0003353453939780593	0.00013661202683579177	5.92084e+06
GRB2	20200217_EXPL2_Evo1_AMV_SA_21m_DIA_Prot_HeLa_SUBCELL_EGF_CTRL_FR3_Rep4	CTRL	FR3	Rep4	A	5	0.00030826139845885336	0.00015559358871541917	2.21484e+07
GRB2	20200217_EXPL2_Evo1_AMV_SA_21m_DIA_Prot_HeLa_SUBCELL_EGF_CTRL_FR4_Rep1	CTRL	FR4	Rep1	A	4	0.00026448030257597566	0.000306520116282627	6.62175e+06
GRB2	20200217_EXPL2_Evo1_AMV_SA_21m_DIA_Prot_HeLa_SUBCELL_EGF_CTRL_FR4_Rep2	CTRL	FR4	Rep2	A	2	0.0002470355830155313	0.0004075734468642622	4.27577e+06
GRB2	20200217_EXPL2_Evo1_AMV_SA_21m_DIA_Prot_HeLa_SUBCELL_EGF_CTRL_FR4_Rep3	CTRL	FR4	Rep3	C	0			
GRB2	20200217_EXPL2_Evo1_AMV_SA_21m_DIA_Prot_HeLa_SUBCELL_EGF_CTRL_FR4_Rep4	CTRL	FR4	Rep4	A	4	0.00021537799329962581	9.770395763553097e-07	2.7554e+07
GRB2	20200217_EXPL2_Evo1_AMV_SA_21m_DIA_Prot_HeLa_SUBCELL_EGF_CTRL_FR5_Rep1	CTRL	FR5	Rep1	C	0			
GRB2	20200217_EXPL2_Evo1_AMV_SA_21m_DIA_Prot_HeLa_SUBCELL_EGF_CTRL_FR5_Rep2	CTRL	FR5	Rep2	C	0			
GRB2	20200217_EXPL2_Evo1_AMV_SA_21m_DIA_Prot_HeLa_SUBCELL_EGF_CTRL_FR5_Rep3	CTRL	FR5	Rep3	C	0			
GRB2	20200217_EXPL2_Evo1_AMV_SA_21m_DIA_Prot_HeLa_SUBCELL_EGF_CTRL_FR5_Rep4	CTRL	FR5	Rep4	A	2	0.0002198768634116277	0.0003209551505278796	1.23624e+07
GRB2	20200217_EXPL2_Evo1_AMV_SA_21m_DIA_Prot_HeLa_SUBCELL_EGF_CTRL_FR6_Rep1	CTRL	FR6	Rep1	C	0			
GRB2	20200217_EXPL2_Evo1_AMV_SA_21m_DIA_Prot_HeLa_SUBCELL_EGF_CTRL_FR6_Rep2	CTRL	FR6	Rep2	C	0			
GRB2	20200217_EXPL2_Evo1_AMV_SA_21m_DIA_Prot_HeLa_SUBCELL_EGF_CTRL_FR6_Rep3	CTRL	FR6	Rep3	C	0			
GRB2	20200217_EXPL2_Evo1_AMV_SA_21m_DIA_Prot_HeLa_SUBCELL_EGF_CTRL_FR6_Rep4	CTRL	FR6	Rep4	A	1	0.0007579585653729737	0.0014226268976926804	8.64261e+06
GRB2	20200217_EXPL2_Evo1_AMV_SA_21m_DIA_Prot_HeLa_SUBCELL_EGF_2min_FR1_Rep1	2min	FR1	Rep1	A	4	0.0003124999930150807	0.00014481210382655263	1.86221e+07
GRB2	20200217_EXPL2_Evo1_AMV_SA_21m_DIA_Prot_HeLa_SUBCELL_EGF_2min_FR1_Rep2	2min	FR1	Rep2	A	3	0.00031847134232521057	0.00011820330837508664	1.92016e+07
GRB2	20200217_EXPL2_Evo1_AMV_SA_21m_DIA_Prot_HeLa_SUBCELL_EGF_2min_FR1_Rep3	2min	FR1	Rep3	A	4	0.0003003905003424734	9.000900172395632e-05	2.33908e+07
GRB2	20200217_EXPL2_Evo1_AMV_SA_21m_DIA_Prot_HeLa_SUBCELL_EGF_2min_FR1_Rep4	2min	FR1	Rep4	A	3	0.0003071253013331443	0.00016043639334384352	2.14813e+07
GRB2	20200217_EXPL2_Evo1_AMV_SA_21m_DIA_Prot_HeLa_SUBCELL_EGF_2min_FR2_Rep1	2min	FR2	Rep1	A	4	0.0002798768400680274	7.630675099790096e-05	2.47687e+07
GRB2	20200217_EXPL2_Evo1_AMV_SA_21m_DIA_Prot_HeLa_SUBCELL_EGF_2min_FR2_Rep2	2min	FR2	Rep2	A	5	0.00024576063151471317	7.920164648567152e-07	2.18237e+07
GRB2	20200217_EXPL2_Evo1_AMV_SA_21m_DIA_Prot_HeLa_SUBCELL_EGF_2min_FR2_Rep3	2min	FR2	Rep3	A	4	0.0002509410260245204	0.00014296606241259724	2.29788e+07
GRB2	20200217_EXPL2_Evo1_AMV_SA_21m_DIA_Prot_HeLa_SUBCELL_EGF_2min_FR2_Rep4	2min	FR2	Rep4	A	2	0.0002788622514344752	0.00011305822408758104	1.59521e+07
GRB2	20200217_EXPL2_Evo1_AMV_SA_21m_DIA_Prot_HeLa_SUBCELL_EGF_2min_FR3_Rep1	2min	FR3	Rep1	A	5	0.00033400134998373687	1.5149220189414336e-06	1.01464e+07
GRB2	20200217_EXPL2_Evo1_AMV_SA_21m_DIA_Prot_HeLa_SUBCELL_EGF_2min_FR3_Rep2	2min	FR3	Rep2	A	6	0.0002919707912951708	1.271455857931869e-06	1.69798e+07
GRB2	20200217_EXPL2_Evo1_AMV_SA_21m_DIA_Prot_HeLa_SUBCELL_EGF_2min_FR3_Rep3	2min	FR3	Rep3	A	6	0.00035100034438073635	1.4760147450942895e-06	8.38854e+06
GRB2	20200217_EXPL2_Evo1_AMV_SA_21m_DIA_Prot_HeLa_SUBCELL_EGF_2min_FR3_Rep4	2min	FR3	Rep4	A	5	0.00036218762397766113	1.6139445051521761e-06	8.1178e+06
GRB2	20200217_EXPL2_Evo1_AMV_SA_21m_DIA_Prot_HeLa_SUBCELL_EGF_2min_FR4_Rep1	2min	FR4	Rep1	A	6	0.00028490027762018144	6.966699288568634e-07	7.20858e+07
GRB2	20200217_EXPL2_Evo1_AMV_SA_21m_DIA_Prot_HeLa_SUBCELL_EGF_2min_FR4_Rep2	2min	FR4	Rep2	A	10	0.0002442598924972117	6.016846896272909e-07	9.81904e+07
GRB2	20200217_EXPL2_Evo1_AMV_SA_21m_DIA_Prot_HeLa_SUBCELL_EGF_2min_FR4_Rep3	2min	FR4	Rep3	A	9	0.00026116479421034455	1.3182177553971997e-06	5.73384e+07
GRB2	20200217_EXPL2_Evo1_AMV_SA_21m_DIA_Prot_HeLa_SUBCELL_EGF_2min_FR4_Rep4	2min	FR4	Rep4	A	5	0.0002658867451827973	9.039139285960118e-07	5.0869e+07
GRB2	20200217_EXPL2_Evo1_AMV_SA_21m_DIA_Prot_HeLa_SUBCELL_EGF_2min_FR5_Rep1	2min	FR5	Rep1	C	0			
GRB2	20200217_EXPL2_Evo1_AMV_SA_21m_DIA_Prot_HeLa_SUBCELL_EGF_2min_FR5_Rep2	2min	FR5	Rep2	C	0			
GRB2	20200217_EXPL2_Evo1_AMV_SA_21m_DIA_Prot_HeLa_SUBCELL_EGF_2min_FR5_Rep3	2min	FR5	Rep3	C	0			
GRB2	20200217_EXPL2_Evo1_AMV_SA_21m_DIA_Prot_HeLa_SUBCELL_EGF_2min_FR5_Rep4	2min	FR5	Rep4	C	0			
GRB2	20200217_EXPL2_Evo1_AMV_SA_21m_DIA_Prot_HeLa_SUBCELL_EGF_2min_FR6_Rep1	2min	FR6	Rep1	C	0			
GRB2	20200217_EXPL2_Evo1_AMV_SA_21m_DIA_Prot_HeLa_SUBCELL_EGF_2min_FR6_Rep2	2min	FR6	Rep2	C	0			
GRB2	20200217_EXPL2_Evo1_AMV_SA_21m_DIA_Prot_HeLa_SUBCELL_EGF_2min_FR6_Rep3	2min	FR6	Rep3	A	1	0.0033167495857924223	0.0004737315757665783	3.34817e+06
GRB2	20200217_EXPL2_Evo1_AMV_SA_21m_DIA_Prot_HeLa_SUBCELL_EGF_2min_FR6_Rep4	2min	FR6	Rep4	A	1	0.0095075573772192	0.0012299634981900454	4.24712e+06
GRB2	20200217_EXPL2_Evo1_AMV_SA_21m_DIA_Prot_HeLa_SUBCELL_EGF_8min_FR1_Rep1	8min	FR1	Rep1	A	3	0.00034176348708570004	0.0001252818910870701	1.98049e+07
GRB2	20200217_EXPL2_Evo1_AMV_SA_21m_DIA_Prot_HeLa_SUBCELL_EGF_8min_FR1_Rep2	8min	FR1	Rep2	A	3	0.00031847134232521057	0.00013819789455737919	1.48623e+07
GRB2	20200217_EXPL2_Evo1_AMV_SA_21m_DIA_Prot_HeLa_SUBCELL_EGF_8min_FR1_Rep3	8min	FR1	Rep3	A	4	0.00030571690876968205	0.00015907103079371154	1.82955e+07
GRB2	20200217_EXPL2_Evo1_AMV_SA_21m_DIA_Prot_HeLa_SUBCELL_EGF_8min_FR1_Rep4	8min	FR1	Rep4	A	3	0.000309501716401428	0.00019403660553507507	1.94699e+07
GRB2	20200217_EXPL2_Evo1_AMV_SA_21m_DIA_Prot_HeLa_SUBCELL_EGF_8min_FR2_Rep1	8min	FR2	Rep1	A	4	0.000281928398180753	0.00014091785124037415	1.20335e+07
GRB2	20200217_EXPL2_Evo1_AMV_SA_21m_DIA_Prot_HeLa_SUBCELL_EGF_8min_FR2_Rep2	8min	FR2	Rep2	A	5	0.0002604844921734184	0.0001307417405769229	2.34467e+07
GRB2	20200217_EXPL2_Evo1_AMV_SA_21m_DIA_Prot_HeLa_SUBCELL_EGF_8min_FR2_Rep3	8min	FR2	Rep3	A	3	0.00026838431949727237	9.398496331414208e-05	1.59794e+07
GRB2	20200217_EXPL2_Evo1_AMV_SA_21m_DIA_Prot_HeLa_SUBCELL_EGF_8min_FR2_Rep4	8min	FR2	Rep4	A	5	0.0002707092498894781	7.005254155956209e-05	2.52081e+07
GRB2	20200217_EXPL2_Evo1_AMV_SA_21m_DIA_Prot_HeLa_SUBCELL_EGF_8min_FR3_Rep1	8min	FR3	Rep1	A	5	0.0003760812396649271	1.1944576954192598e-06	6.7203e+06
GRB2	20200217_EXPL2_Evo1_AMV_SA_21m_DIA_Prot_HeLa_SUBCELL_EGF_8min_FR3_Rep2	8min	FR3	Rep2	A	5	0.00031075201695784926	1.336183913736022e-06	1.08701e+07
GRB2	20200217_EXPL2_Evo1_AMV_SA_21m_DIA_Prot_HeLa_SUBCELL_EGF_8min_FR3_Rep3	8min	FR3	Rep3	A	4	0.00035637919791042805	1.779359422471316e-06	1.12064e+07
GRB2	20200217_EXPL2_Evo1_AMV_SA_21m_DIA_Prot_HeLa_SUBCELL_EGF_8min_FR3_Rep4	8min	FR3	Rep4	A	6	0.00035236080293543637	1.5857913240324706e-06	1.95619e+07
GRB2	20200217_EXPL2_Evo1_AMV_SA_21m_DIA_Prot_HeLa_SUBCELL_EGF_8min_FR4_Rep1	8min	FR4	Rep1	A	9	0.0002997601986862719	7.360518452514953e-07	7.32438e+07
GRB2	20200217_EXPL2_Evo1_AMV_SA_21m_DIA_Prot_HeLa_SUBCELL_EGF_8min_FR4_Rep2	8min	FR4	Rep2	A	9	0.00025846471544355154	0.0001017501053865999	6.28181e+07
GRB2	20200217_EXPL2_Evo1_AMV_SA_21m_DIA_Prot_HeLa_SUBCELL_EGF_8min_FR4_Rep3	8min	FR4	Rep3	A	9	0.0002857142826542258	7.22856725587917e-07	6.95554e+07
GRB2	20200217_EXPL2_Evo1_AMV_SA_21m_DIA_Prot_HeLa_SUBCELL_EGF_8min_FR4_Rep4	8min	FR4	Rep4	A	9	0.00026946913567371666	7.686986123189854e-07	3.5031e+07
GRB2	20200217_EXPL2_Evo1_AMV_SA_21m_DIA_Prot_HeLa_SUBCELL_EGF_8min_FR5_Rep1	8min	FR5	Rep1	C	0			
GRB2	20200217_EXPL2_Evo1_AMV_SA_21m_DIA_Prot_HeLa_SUBCELL_EGF_8min_FR5_Rep2	8min	FR5	Rep2	C	0			
GRB2	20200217_EXPL2_Evo1_AMV_SA_21m_DIA_Prot_HeLa_SUBCELL_EGF_8min_FR5_Rep3	8min	FR5	Rep3	A	1	0.00321802101098001	0.003353314707055688	5.35412e+06
GRB2	20200217_EXPL2_Evo1_AMV_SA_21m_DIA_Prot_HeLa_SUBCELL_EGF_8min_FR5_Rep4	8min	FR5	Rep4	C	0			
GRB2	20200217_EXPL2_Evo1_AMV_SA_21m_DIA_Prot_HeLa_SUBCELL_EGF_8min_FR6_Rep1	8min	FR6	Rep1	A	1	0.006214396562427282	0.0006519471644423902	4.52726e+06
GRB2	20200217_EXPL2_Evo1_AMV_SA_21m_DIA_Prot_HeLa_SUBCELL_EGF_8min_FR6_Rep2	8min	FR6	Rep2	B	1	0.01452969666570425	0.0019097927724942565	
GRB2	20200217_EXPL2_Evo1_AMV_SA_21m_DIA_Prot_HeLa_SUBCELL_EGF_8min_FR6_Rep3	8min	FR6	Rep3	A	1	0.0011976048117503524	0.0001145213027484715	5.65602e+06
GRB2	20200217_EXPL2_Evo1_AMV_SA_21m_DIA_Prot_HeLa_SUBCELL_EGF_8min_FR6_Rep4	8min	FR6	Rep4	A	2	0.0003590664127841592	0.00010720411955844611	1.05501e+07
GRB2	20200217_EXPL2_Evo1_AMV_SA_21m_DIA_Prot_HeLa_SUBCELL_EGF_20min_FR1_Rep1	20min	FR1	Rep1	A	4	0.0003277614014223218	0.00022207417350728065	2.09193e+07
GRB2	20200217_EXPL2_Evo1_AMV_SA_21m_DIA_Prot_HeLa_SUBCELL_EGF_20min_FR1_Rep2	20min	FR1	Rep2	A	4	0.00029904305119998753	1.6157698610186344e-06	2.56051e+07
GRB2	20200217_EXPL2_Evo1_AMV_SA_21m_DIA_Prot_HeLa_SUBCELL_EGF_20min_FR1_Rep3	20min	FR1	Rep3	A	4	0.00030931024230085313	8.275405321001017e-07	2.55813e+07
GRB2	20200217_EXPL2_Evo1_AMV_SA_21m_DIA_Prot_HeLa_SUBCELL_EGF_20min_FR1_Rep4	20min	FR1	Rep4	A	5	0.000300210143905133	1.0446045735079679e-06	2.69218e+07
GRB2	20200217_EXPL2_Evo1_AMV_SA_21m_DIA_Prot_HeLa_SUBCELL_EGF_20min_FR2_Rep1	20min	FR2	Rep1	A	3	0.0002690341789275408	8.451299072476104e-05	1.79696e+07
GRB2	20200217_EXPL2_Evo1_AMV_SA_21m_DIA_Prot_HeLa_SUBCELL_EGF_20min_FR2_Rep2	20min	FR2	Rep2	A	4	0.00027979855076409876	0.0002589108480606228	1.12062e+07
GRB2	20200217_EXPL2_Evo1_AMV_SA_21m_DIA_Prot_HeLa_SUBCELL_EGF_20min_FR2_Rep3	20min	FR2	Rep3	A	3	0.0002542588335927576	0.00012686062837019563	1.81307e+07
GRB2	20200217_EXPL2_Evo1_AMV_SA_21m_DIA_Prot_HeLa_SUBCELL_EGF_20min_FR2_Rep4	20min	FR2	Rep4	A	3	0.00026281210011802614	9.276007767766714e-05	1.76173e+07
GRB2	20200217_EXPL2_Evo1_AMV_SA_21m_DIA_Prot_HeLa_SUBCELL_EGF_20min_FR3_Rep1	20min	FR3	Rep1	A	5	0.0003113324928563088	1.2946659353474388e-06	1.19441e+07
GRB2	20200217_EXPL2_Evo1_AMV_SA_21m_DIA_Prot_HeLa_SUBCELL_EGF_20min_FR3_Rep2	20min	FR3	Rep2	A	6	0.00035676060360856354	1.6844942365423776e-06	1.61082e+07
GRB2	20200217_EXPL2_Evo1_AMV_SA_21m_DIA_Prot_HeLa_SUBCELL_EGF_20min_FR3_Rep3	20min	FR3	Rep3	A	6	0.0003511235991027206	1.2716175206151092e-06	3.00695e+07
GRB2	20200217_EXPL2_Evo1_AMV_SA_21m_DIA_Prot_HeLa_SUBCELL_EGF_20min_FR3_Rep4	20min	FR3	Rep4	A	4	0.00031436653807759285	1.1467890317362617e-06	8.52249e+06
GRB2	20200217_EXPL2_Evo1_AMV_SA_21m_DIA_Prot_HeLa_SUBCELL_EGF_20min_FR4_Rep1	20min	FR4	Rep1	A	7	0.00025913448189385235	1.175502575279097e-06	4.25649e+07
GRB2	20200217_EXPL2_Evo1_AMV_SA_21m_DIA_Prot_HeLa_SUBCELL_EGF_20min_FR4_Rep2	20min	FR4	Rep2	A	6	0.0002811357844620943	8.192940299522888e-07	3.7081e+07
GRB2	20200217_EXPL2_Evo1_AMV_SA_21m_DIA_Prot_HeLa_SUBCELL_EGF_20min_FR4_Rep3	20min	FR4	Rep3	A	3	0.00025700335390865803	5.817674377794901e-07	1.71153e+07
GRB2	20200217_EXPL2_Evo1_AMV_SA_21m_DIA_Prot_HeLa_SUBCELL_EGF_20min_FR4_Rep4	20min	FR4	Rep4	A	6	0.00026226069894619286	7.726781063865928e-07	2.77014e+07
GRB2	20200217_EXPL2_Evo1_AMV_SA_21m_DIA_Prot_HeLa_SUBCELL_EGF_20min_FR5_Rep1	20min	FR5	Rep1	C	0			
GRB2	20200217_EXPL2_Evo1_AMV_SA_21m_DIA_Prot_HeLa_SUBCELL_EGF_20min_FR5_Rep2	20min	FR5	Rep2	C	0			
GRB2	20200217_EXPL2_Evo1_AMV_SA_21m_DIA_Prot_HeLa_SUBCELL_EGF_20min_FR5_Rep3	20min	FR5	Rep3	C	0			
GRB2	20200217_EXPL2_Evo1_AMV_SA_21m_DIA_Prot_HeLa_SUBCELL_EGF_20min_FR5_Rep4	20min	FR5	Rep4	C	0			
GRB2	20200217_EXPL2_Evo1_AMV_SA_21m_DIA_Prot_HeLa_SUBCELL_EGF_20min_FR6_Rep1	20min	FR6	Rep1	B	1	0.01370906364172697	0.0017660752637311816	
GRB2	20200217_EXPL2_Evo1_AMV_SA_21m_DIA_Prot_HeLa_SUBCELL_EGF_20min_FR6_Rep2	20min	FR6	Rep2	A	3	0.0003396739193703979	0.00010775862028822303	6.11747e+06
GRB2	20200217_EXPL2_Evo1_AMV_SA_21m_DIA_Prot_HeLa_SUBCELL_EGF_20min_FR6_Rep3	20min	FR6	Rep3	A	5	0.00030385900754481554	0.00016760712605901062	1.42776e+07
GRB2	20200217_EXPL2_Evo1_AMV_SA_21m_DIA_Prot_HeLa_SUBCELL_EGF_20min_FR6_Rep4	20min	FR6	Rep4	B	1	0.015033695846796036	0.0021566024515777826	
GRB2	20200217_EXPL2_Evo1_AMV_SA_21m_DIA_Prot_HeLa_SUBCELL_EGF_90min_FR1_Rep1	90min	FR1	Rep1	A	3	0.00027639578911475837	8.14597588032484e-05	5.15331e+07
GRB2	20200217_EXPL2_Evo1_AMV_SA_21m_DIA_Prot_HeLa_SUBCELL_EGF_90min_FR1_Rep2	90min	FR1	Rep2	A	3	0.00032041012309491634	0.00013422819029074162	2.86328e+07
GRB2	20200217_EXPL2_Evo1_AMV_SA_21m_DIA_Prot_HeLa_SUBCELL_EGF_90min_FR1_Rep3	90min	FR1	Rep3	A	4	0.0003101736947428435	9.375585818816035e-07	2.94957e+07
GRB2	20200217_EXPL2_Evo1_AMV_SA_21m_DIA_Prot_HeLa_SUBCELL_EGF_90min_FR1_Rep4	90min	FR1	Rep4	A	4	0.0003368137404322624	0.00020652622333727777	2.23468e+07
GRB2	20200217_EXPL2_Evo1_AMV_SA_21m_DIA_Prot_HeLa_SUBCELL_EGF_90min_FR2_Rep1	90min	FR2	Rep1	A	2	0.00027085590409114957	8.700191392563283e-05	1.76577e+07
GRB2	20200217_EXPL2_Evo1_AMV_SA_21m_DIA_Prot_HeLa_SUBCELL_EGF_90min_FR2_Rep2	90min	FR2	Rep2	A	3	0.00026680895825847983	7.877116877352819e-05	2.16068e+07
GRB2	20200217_EXPL2_Evo1_AMV_SA_21m_DIA_Prot_HeLa_SUBCELL_EGF_90min_FR2_Rep3	90min	FR2	Rep3	A	2	0.0002906976733356714	0.0004297009145375341	1.44131e+07
GRB2	20200217_EXPL2_Evo1_AMV_SA_21m_DIA_Prot_HeLa_SUBCELL_EGF_90min_FR2_Rep4	90min	FR2	Rep4	A	3	0.00026809651171788573	0.0001276487164432183	1.34278e+07
GRB2	20200217_EXPL2_Evo1_AMV_SA_21m_DIA_Prot_HeLa_SUBCELL_EGF_90min_FR3_Rep1	90min	FR3	Rep1	A	5	0.0002770850551314652	7.384978744084947e-07	8.04175e+06
GRB2	20200217_EXPL2_Evo1_AMV_SA_21m_DIA_Prot_HeLa_SUBCELL_EGF_90min_FR3_Rep2	90min	FR3	Rep2	A	3	0.0002789400168694556	1.113957864617987e-06	9.79148e+06
GRB2	20200217_EXPL2_Evo1_AMV_SA_21m_DIA_Prot_HeLa_SUBCELL_EGF_90min_FR3_Rep3	90min	FR3	Rep3	A	2	0.00032310179085470736	0.00040225262637250125	4.92869e+06
GRB2	20200217_EXPL2_Evo1_AMV_SA_21m_DIA_Prot_HeLa_SUBCELL_EGF_90min_FR3_Rep4	90min	FR3	Rep4	A	2	0.0003396739193703979	0.00017368649423588067	6.73123e+06
GRB2	20200217_EXPL2_Evo1_AMV_SA_21m_DIA_Prot_HeLa_SUBCELL_EGF_90min_FR4_Rep1	90min	FR4	Rep1	A	4	0.0002426006831228733	0.00011123470176244155	1.77281e+07
GRB2	20200217_EXPL2_Evo1_AMV_SA_21m_DIA_Prot_HeLa_SUBCELL_EGF_90min_FR4_Rep2	90min	FR4	Rep2	A	5	0.0002483238058630377	0.0001343544281553477	1.72937e+07
GRB2	20200217_EXPL2_Evo1_AMV_SA_21m_DIA_Prot_HeLa_SUBCELL_EGF_90min_FR4_Rep3	90min	FR4	Rep3	A	7	0.00027670172858051956	8.222331757679058e-07	1.6272e+07
GRB2	20200217_EXPL2_Evo1_AMV_SA_21m_DIA_Prot_HeLa_SUBCELL_EGF_90min_FR4_Rep4	90min	FR4	Rep4	A	4	0.00027517887065187097	9.026085194818734e-07	1.15901e+07
GRB2	20200217_EXPL2_Evo1_AMV_SA_21m_DIA_Prot_HeLa_SUBCELL_EGF_90min_FR5_Rep1	90min	FR5	Rep1	C	0			
GRB2	20200217_EXPL2_Evo1_AMV_SA_21m_DIA_Prot_HeLa_SUBCELL_EGF_90min_FR5_Rep2	90min	FR5	Rep2	C	0			
GRB2	20200217_EXPL2_Evo1_AMV_SA_21m_DIA_Prot_HeLa_SUBCELL_EGF_90min_FR5_Rep3	90min	FR5	Rep3	C	0			
GRB2	20200217_EXPL2_Evo1_AMV_SA_21m_DIA_Prot_HeLa_SUBCELL_EGF_90min_FR5_Rep4	90min	FR5	Rep4	C	0			
GRB2	20200217_EXPL2_Evo1_AMV_SA_21m_DIA_Prot_HeLa_SUBCELL_EGF_90min_FR6_Rep1	90min	FR6	Rep1	C	0			
GRB2	20200217_EXPL2_Evo1_AMV_SA_21m_DIA_Prot_HeLa_SUBCELL_EGF_90min_FR6_Rep2	90min	FR6	Rep2	C	0			
GRB2	20200217_EXPL2_Evo1_AMV_SA_21m_DIA_Prot_HeLa_SUBCELL_EGF_90min_FR6_Rep3	90min	FR6	Rep3	A	1	0.009332023561000824	0.0010164588456973433	2.79295e+06
GRB2	20200217_EXPL2_Evo1_AMV_SA_21m_DIA_Prot_HeLa_SUBCELL_EGF_90min_FR6_Rep4	90min	FR6	Rep4	C	0			
SHC1	20200217_EXPL2_Evo1_AMV_SA_21m_DIA_Prot_HeLa_SUBCELL_EGF_CTRL_FR1_Rep1	CTRL	FR1	Rep1	A	12	0.0002989536733366549	1.9005987041964545e-06	6.02398e+07
SHC1	20200217_EXPL2_Evo1_AMV_SA_21m_DIA_Prot_HeLa_SUBCELL_EGF_CTRL_FR1_Rep2	CTRL	FR1	Rep2	A	10	0.00029180041747167706	1.5903308394626947e-06	3.82006e+07
SHC1	20200217_EXPL2_Evo1_AMV_SA_21m_DIA_Prot_HeLa_SUBCELL_EGF_CTRL_FR1_Rep3	CTRL	FR1	Rep3	A	11	0.00032247661147266626	1.9817678094113944e-06	4.14144e+07
SHC1	20200217_EXPL2_Evo1_AMV_SA_21m_DIA_Prot_HeLa_SUBCELL_EGF_CTRL_FR1_Rep4	CTRL	FR1	Rep4	A	10	0.00031289111939258873	1.2683916565947584e-06	4.91994e+07
SHC1	20200217_EXPL2_Evo1_AMV_SA_21m_DIA_Prot_HeLa_SUBCELL_EGF_CTRL_FR2_Rep1	CTRL	FR2	Rep1	A	4	0.00024654832668602467	5.37894663921179e-07	1.45625e+07
SHC1	20200217_EXPL2_Evo1_AMV_SA_21m_DIA_Prot_HeLa_SUBCELL_EGF_CTRL_FR2_Rep2	CTRL	FR2	Rep2	A	3	0.00025647602160461247	7.306736620193988e-07	1.30084e+07
SHC1	20200217_EXPL2_Evo1_AMV_SA_21m_DIA_Prot_HeLa_SUBCELL_EGF_CTRL_FR2_Rep3	CTRL	FR2	Rep3	A	3	0.00026802465436048806	1.1728828894774779e-06	1.14779e+07
SHC1	20200217_EXPL2_Evo1_AMV_SA_21m_DIA_Prot_HeLa_SUBCELL_EGF_CTRL_FR2_Rep4	CTRL	FR2	Rep4	A	6	0.00024721879162825644	4.434983225110045e-07	8.6402e+06
SHC1	20200217_EXPL2_Evo1_AMV_SA_21m_DIA_Prot_HeLa_SUBCELL_EGF_CTRL_FR3_Rep1	CTRL	FR3	Rep1	A	4	0.00026434045867063105	1.167406026070239e-06	3.27381e+06
SHC1	20200217_EXPL2_Evo1_AMV_SA_21m_DIA_Prot_HeLa_SUBCELL_EGF_CTRL_FR3_Rep2	CTRL	FR3	Rep2	A	4	0.0002682403428480029	8.042464401114557e-07	3.18801e+06
SHC1	20200217_EXPL2_Evo1_AMV_SA_21m_DIA_Prot_HeLa_SUBCELL_EGF_CTRL_FR3_Rep3	CTRL	FR3	Rep3	A	3	0.0003353453939780593	0.00013661202683579177	8.47428e+06
SHC1	20200217_EXPL2_Evo1_AMV_SA_21m_DIA_Prot_HeLa_SUBCELL_EGF_CTRL_FR3_Rep4	CTRL	FR3	Rep4	A	7	0.00030826139845885336	1.5559359098915593e-06	1.16838e+07
SHC1	20200217_EXPL2_Evo1_AMV_SA_21m_DIA_Prot_HeLa_SUBCELL_EGF_CTRL_FR4_Rep1	CTRL	FR4	Rep1	A	6	0.00026448030257597566	6.0020407545380294e-05	7.38086e+06
SHC1	20200217_EXPL2_Evo1_AMV_SA_21m_DIA_Prot_HeLa_SUBCELL_EGF_CTRL_FR4_Rep2	CTRL	FR4	Rep2	A	8	0.0002470355830155313	1.0150738489755895e-06	1.08333e+07
SHC1	20200217_EXPL2_Evo1_AMV_SA_21m_DIA_Prot_HeLa_SUBCELL_EGF_CTRL_FR4_Rep3	CTRL	FR4	Rep3	A	6	0.00024618415045551956	7.150007377276779e-07	6.7415e+06
SHC1	20200217_EXPL2_Evo1_AMV_SA_21m_DIA_Prot_HeLa_SUBCELL_EGF_CTRL_FR4_Rep4	CTRL	FR4	Rep4	A	9	0.00021537799329962581	9.770395763553097e-07	2.20879e+07
SHC1	20200217_EXPL2_Evo1_AMV_SA_21m_DIA_Prot_HeLa_SUBCELL_EGF_CTRL_FR5_Rep1	CTRL	FR5	Rep1	C	0			
SHC1	20200217_EXPL2_Evo1_AMV_SA_21m_DIA_Prot_HeLa_SUBCELL_EGF_CTRL_FR5_Rep2	CTRL	FR5	Rep2	C	0			
SHC1	20200217_EXPL2_Evo1_AMV_SA_21m_DIA_Prot_HeLa_SUBCELL_EGF_CTRL_FR5_Rep3	CTRL	FR5	Rep3	C	0			
SHC1	20200217_EXPL2_Evo1_AMV_SA_21m_DIA_Prot_HeLa_SUBCELL_EGF_CTRL_FR5_Rep4	CTRL	FR5	Rep4	A	6	0.0002198768634116277	6.61682008740172e-07	9.72278e+06
SHC1	20200217_EXPL2_Evo1_AMV_SA_21m_DIA_Prot_HeLa_SUBCELL_EGF_CTRL_FR6_Rep1	CTRL	FR6	Rep1	A	3	0.00029248319333419204	0.00025235957582481205	1.44017e+06
SHC1	20200217_EXPL2_Evo1_AMV_SA_21m_DIA_Prot_HeLa_SUBCELL_EGF_CTRL_FR6_Rep2	CTRL	FR6	Rep2	A	1	0.0002919707912951708	0.00010743446182459593	2.55803e+06
SHC1	20200217_EXPL2_Evo1_AMV_SA_21m_DIA_Prot_HeLa_SUBCELL_EGF_CTRL_FR6_Rep3	CTRL	FR6	Rep3	A	2	0.00030788176809437573	0.0001051856525009498	998738
SHC1	20200217_EXPL2_Evo1_AMV_SA_21m_DIA_Prot_HeLa_SUBCELL_EGF_CTRL_FR6_Rep4	CTRL	FR6	Rep4	A	1	0.0005253480630926788	0.00010752110392786562	3.78368e+06
SHC1	20200217_EXPL2_Evo1_AMV_SA_21m_DIA_Prot_HeLa_SUBCELL_EGF_2min_FR1_Rep1	2min	FR1	Rep1	A	7	0.0003124999930150807	1.4481211110251024e-06	3.45533e+07
SHC1	20200217_EXPL2_Evo1_AMV_SA_21m_DIA_Prot_HeLa_SUBCELL_EGF_2min_FR1_Rep2	2min	FR1	Rep2	A	7	0.00031847134232521057	1.1820330882983399e-06	2.80195e+07
SHC1	20200217_EXPL2_Evo1_AMV_SA_21m_DIA_Prot_HeLa_SUBCELL_EGF_2min_FR1_Rep3	2min	FR1	Rep3	A	10	0.0003003905003424734	9.000900149658264e-07	2.22335e+07
SHC1	20200217_EXPL2_Evo1_AMV_SA_21m_DIA_Prot_HeLa_SUBCELL_EGF_2min_FR1_Rep4	2min	FR1	Rep4	A	7	0.0003071253013331443	1.6043638879637001e-06	2.22928e+07
SHC1	20200217_EXPL2_Evo1_AMV_SA_21m_DIA_Prot_HeLa_SUBCELL_EGF_2min_FR2_Rep1	2min	FR2	Rep1	A	4	0.0002798768400680274	9.794319339562207e-05	1.21237e+07
SHC1	20200217_EXPL2_Evo1_AMV_SA_21m_DIA_Prot_HeLa_SUBCELL_EGF_2min_FR2_Rep2	2min	FR2	Rep2	A	3	0.00024576063151471317	7.920164648567152e-07	1.17233e+07
SHC1	20200217_EXPL2_Evo1_AMV_SA_21m_DIA_Prot_HeLa_SUBCELL_EGF_2min_FR2_Rep3	2min	FR2	Rep3	A	3	0.0002509410260245204	7.904513381618017e-07	7.87817e+06
SHC1	20200217_EXPL2_Evo1_AMV_SA_21m_DIA_Prot_HeLa_SUBCELL_EGF_2min_FR2_Rep4	2min	FR2	Rep4	A	3	0.0002788622514344752	0.00011305822408758104	9.61837e+06
SHC1	20200217_EXPL2_Evo1_AMV_SA_21m_DIA_Prot_HeLa_SUBCELL_EGF_2min_FR3_Rep1	2min	FR3	Rep1	A	4	0.00033400134998373687	1.5149220189414336e-06	2.21913e+06
SHC1	20200217_EXPL2_Evo1_AMV_SA_21m_DIA_Prot_HeLa_SUBCELL_EGF_2min_FR3_Rep2	2min	FR3	Rep2	A	5	0.0002919707912951708	1.271455857931869e-06	4.68852e+06
SHC1	20200217_EXPL2_Evo1_AMV_SA_21m_DIA_Prot_HeLa_SUBCELL_EGF_2min_FR3_Rep3	2min	FR3	Rep3	A	6	0.00035100034438073635	0.0001476014731451869	1.61162e+06
SHC1	20200217_EXPL2_Evo1_AMV_SA_21m_DIA_Prot_HeLa_SUBCELL_EGF_2min_FR3_Rep4	2min	FR3	Rep4	A	5	0.00036218762397766113	1.6139445051521761e-06	5.41154e+06
SHC1	20200217_EXPL2_Evo1_AMV_SA_21m_DIA_Prot_HeLa_SUBCELL_EGF_2min_FR4_Rep1	2min	FR4	Rep1	A	13	0.00028490027762018144	6.966699288568634e-07	3.68735e+07
SHC1	20200217_EXPL2_Evo1_AMV_SA_21m_DIA_Prot_HeLa_SUBCELL_EGF_2min_FR4_Rep2	2min	FR4	Rep2	A	16	0.0002442598924972117	6.016846896272909e-07	3.99702e+07
SHC1	20200217_EXPL2_Evo1_AMV_SA_21m_DIA_Prot_HeLa_SUBCELL_EGF_2min_FR4_Rep3	2min	FR4	Rep3	A	13	0.00026116479421034455	1.3182177553971997e-06	2.48132e+07
SHC1	20200217_EXPL2_Evo1_AMV_SA_21m_DIA_Prot_HeLa_SUBCELL_EGF_2min_FR4_Rep4	2min	FR4	Rep4	A	14	0.0002658867451827973	9.039139285960118e-07	3.20123e+07
SHC1	20200217_EXPL2_Evo1_AMV_SA_21m_DIA_Prot_HeLa_SUBCELL_EGF_2min_FR5_Rep1	2min	FR5	Rep1	A	1	0.0017441860400140285	0.00012598690227605402	2.09758e+06
SHC1	20200217_EXPL2_Evo1_AMV_SA_21m_DIA_Prot_HeLa_SUBCELL_EGF_2min_FR5_Rep2	2min	FR5	Rep2	A	1	0.0005929439794272184	6.343165068756207e-07	4.20593e+06
SHC1	20200217_EXPL2_Evo1_AMV_SA_21m_DIA_Prot_HeLa_SUBCELL_EGF_2min_FR5_Rep3	2min	FR5	Rep3	A	1	0.0024972253013402224	4.446223101695068e-05	2.77011e+06
SHC1	20200217_EXPL2_Evo1_AMV_SA_21m_DIA_Prot_HeLa_SUBCELL_EGF_2min_FR5_Rep4	2min	FR5	Rep4	A	2	0.00028860027668997645	6.146281521068886e-05	2.49079e+06
SHC1	20200217_EXPL2_Evo1_AMV_SA_21m_DIA_Prot_HeLa_SUBCELL_EGF_2min_FR6_Rep1	2min	FR6	Rep1	A	3	0.00030385900754481554	1.0749221246442175e-06	2.45024e+06
SHC1	20200217_EXPL2_Evo1_AMV_SA_21m_DIA_Prot_HeLa_SUBCELL_EGF_2min_FR6_Rep2	2min	FR6	Rep2	A	3	0.0002707092498894781	8.064516441663727e-05	2.39975e+06
SHC1	20200217_EXPL2_Evo1_AMV_SA_21m_DIA_Prot_HeLa_SUBCELL_EGF_2min_FR6_Rep3	2min	FR6	Rep3	A	2	0.00030845156288705766	0.0001163196429843083	2.07614e+06
SHC1	20200217_EXPL2_Evo1_AMV_SA_21m_DIA_Prot_HeLa_SUBCELL_EGF_2min_FR6_Rep4	2min	FR6	Rep4	A	3	0.00030835645156912506	0.0002184002223657444	1.83011e+06
SHC1	20200217_EXPL2_Evo1_AMV_SA_21m_DIA_Prot_HeLa_SUBCELL_EGF_8min_FR1_Rep1	8min	FR1	Rep1	A	6	0.00034176348708570004	1.2528188335636514e-06	2.47509e+07
SHC1	20200217_EXPL2_Evo1_AMV_SA_21m_DIA_Prot_HeLa_SUBCELL_EGF_8min_FR1_Rep2	8min	FR1	Rep2	A	6	0.00031847134232521057	1.381979018333368e-06	2.62135e+07
SHC1	20200217_EXPL2_Evo1_AMV_SA_21m_DIA_Prot_HeLa_SUBCELL_EGF_8min_FR1_Rep3	8min	FR1	Rep3	A	8	0.00030571690876968205	1.5907102124401717e-06	2.49359e+07
SHC1	20200217_EXPL2_Evo1_AMV_SA_21m_DIA_Prot_HeLa_SUBCELL_EGF_8min_FR1_Rep4	8min	FR1	Rep4	A	9	0.000309501716401428	0.00015262515807989985	2.67353e+07
SHC1	20200217_EXPL2_Evo1_AMV_SA_21m_DIA_Prot_HeLa_SUBCELL_EGF_8min_FR2_Rep1	8min	FR2	Rep1	A	3	0.000281928398180753	0.00010402038606116548	7.44447e+06
SHC1	20200217_EXPL2_Evo1_AMV_SA_21m_DIA_Prot_HeLa_SUBCELL_EGF_8min_FR2_Rep2	8min	FR2	Rep2	A	3	0.0002604844921734184	5.842827886226587e-05	3.88919e+06
SHC1	20200217_EXPL2_Evo1_AMV_SA_21m_DIA_Prot_HeLa_SUBCELL_EGF_8min_FR2_Rep3	8min	FR2	Rep3	A	3	0.00026838431949727237	9.398496331414208e-05	8.82028e+06
SHC1	20200217_EXPL2_Evo1_AMV_SA_21m_DIA_Prot_HeLa_SUBCELL_EGF_8min_FR2_Rep4	8min	FR2	Rep4	A	3	0.0002707092498894781	7.005254155956209e-05	1.01004e+07
SHC1	20200217_EXPL2_Evo1_AMV_SA_21m_DIA_Prot_HeLa_SUBCELL_EGF_8min_FR3_Rep1	8min	FR3	Rep1	A	2	0.0003760812396649271	1.1944576954192598e-06	1.81832e+06
SHC1	20200217_EXPL2_Evo1_AMV_SA_21m_DIA_Prot_HeLa_SUBCELL_EGF_8min_FR3_Rep2	8min	FR3	Rep2	A	4	0.00031075201695784926	1.336183913736022e-06	2.4194e+06
SHC1	20200217_EXPL2_Evo1_AMV_SA_21m_DIA_Prot_HeLa_SUBCELL_EGF_8min_FR3_Rep3	8min	FR3	Rep3	A	4	0.00035637919791042805	0.0002529297780711204	3.33121e+06
SHC1	20200217_EXPL2_Evo1_AMV_SA_21m_DIA_Prot_HeLa_SUBCELL_EGF_8min_FR3_Rep4	8min	FR3	Rep4	A	6	0.00035236080293543637	1.5857913240324706e-06	6.93445e+06
SHC1	20200217_EXPL2_Evo1_AMV_SA_21m_DIA_Prot_HeLa_SUBCELL_EGF_8min_FR4_Rep1	8min	FR4	Rep1	A	13	0.0002997601986862719	7.360518452514953e-07	3.12709e+07
SHC1	20200217_EXPL2_Evo1_AMV_SA_21m_DIA_Prot_HeLa_SUBCELL_EGF_8min_FR4_Rep2	8min	FR4	Rep2	A	14	0.00025846471544355154	1.017501062960946e-06	2.99856e+07
SHC1	20200217_EXPL2_Evo1_AMV_SA_21m_DIA_Prot_HeLa_SUBCELL_EGF_8min_FR4_Rep3	8min	FR4	Rep3	A	12	0.0002857142826542258	7.22856725587917e-07	2.4621e+07
SHC1	20200217_EXPL2_Evo1_AMV_SA_21m_DIA_Prot_HeLa_SUBCELL_EGF_8min_FR4_Rep4	8min	FR4	Rep4	A	11	0.00026946913567371666	7.686986123189854e-07	1.90772e+07
SHC1	20200217_EXPL2_Evo1_AMV_SA_21m_DIA_Prot_HeLa_SUBCELL_EGF_8min_FR5_Rep1	8min	FR5	Rep1	A	1	0.0009132419945672154	5.501155442289019e-07	3.15556e+06
SHC1	20200217_EXPL2_Evo1_AMV_SA_21m_DIA_Prot_HeLa_SUBCELL_EGF_8min_FR5_Rep2	8min	FR5	Rep2	A	1	0.0014463408151641488	4.901960710412823e-05	3.17492e+06
SHC1	20200217_EXPL2_Evo1_AMV_SA_21m_DIA_Prot_HeLa_SUBCELL_EGF_8min_FR5_Rep3	8min	FR5	Rep3	A	2	0.00030257186153903604	5.487269663717598e-05	3.62869e+06
SHC1	20200217_EXPL2_Evo1_AMV_SA_21m_DIA_Prot_HeLa_SUBCELL_EGF_8min_FR5_Rep4	8min	FR5	Rep4	A	1	0.001123280031606555	6.080875755287707e-05	3.17389e+06
SHC1	20200217_EXPL2_Evo1_AMV_SA_21m_DIA_Prot_HeLa_SUBCELL_EGF_8min_FR6_Rep1	8min	FR6	Rep1	A	4	0.0003067484649363905	1.161035697805346e-06	2.00711e+06
SHC1	20200217_EXPL2_Evo1_AMV_SA_21m_DIA_Prot_HeLa_SUBCELL_EGF_8min_FR6_Rep2	8min	FR6	Rep2	A	4	0.00033467201865278184	0.00013224889698904008	1.8781e+06
SHC1	20200217_EXPL2_Evo1_AMV_SA_21m_DIA_Prot_HeLa_SUBCELL_EGF_8min_FR6_Rep3	8min	FR6	Rep3	A	5	0.0003304692800156772	0.00011111111234640703	2.16546e+06
SHC1	20200217_EXPL2_Evo1_AMV_SA_21m_DIA_Prot_HeLa_SUBCELL_EGF_8min_FR6_Rep4	8min	FR6	Rep4	A	7	0.0003590664127841592	1.072041186489514e-06	5.60831e+06
SHC1	20200217_EXPL2_Evo1_AMV_SA_21m_DIA_Prot_HeLa_SUBCELL_EGF_20min_FR1_Rep1	20min	FR1	Rep1	A	8	0.0003277614014223218	2.2207416350283893e-06	3.45506e+07
SHC1	20200217_EXPL2_Evo1_AMV_SA_21m_DIA_Prot_HeLa_SUBCELL_EGF_20min_FR1_Rep2	20min	FR1	Rep2	A	9	0.00029904305119998753	1.6157698610186344e-06	3.47852e+07
SHC1	20200217_EXPL2_Evo1_AMV_SA_21m_DIA_Prot_HeLa_SUBCELL_EGF_20min_FR1_Rep3	20min	FR1	Rep3	A	10	0.00030931024230085313	8.275405321001017e-07	3.5711e+07
SHC1	20200217_EXPL2_Evo1_AMV_SA_21m_DIA_Prot_HeLa_SUBCELL_EGF_20min_FR1_Rep4	20min	FR1	Rep4	A	11	0.000300210143905133	1.0446045735079679e-06	3.74887e+07
SHC1	20200217_EXPL2_Evo1_AMV_SA_21m_DIA_Prot_HeLa_SUBCELL_EGF_20min_FR2_Rep1	20min	FR2	Rep1	A	3	0.0002690341789275408	8.451299072476104e-05	1.03386e+07
SHC1	20200217_EXPL2_Evo1_AMV_SA_21m_DIA_Prot_HeLa_SUBCELL_EGF_20min_FR2_Rep2	20min	FR2	Rep2	A	2	0.00027979855076409876	0.00010998680227203295	6.44657e+06
SHC1	20200217_EXPL2_Evo1_AMV_SA_21m_DIA_Prot_HeLa_SUBCELL_EGF_20min_FR2_Rep3	20min	FR2	Rep3	A	2	0.0002542588335927576	8.559445268474519e-05	8.03888e+06
SHC1	20200217_EXPL2_Evo1_AMV_SA_21m_DIA_Prot_HeLa_SUBCELL_EGF_20min_FR2_Rep4	20min	FR2	Rep4	A	2	0.00026281210011802614	9.276007767766714e-05	6.68718e+06
SHC1	20200217_EXPL2_Evo1_AMV_SA_21m_DIA_Prot_HeLa_SUBCELL_EGF_20min_FR3_Rep1	20min	FR3	Rep1	A	5	0.0003113324928563088	1.2946659353474388e-06	5.12754e+06
SHC1	20200217_EXPL2_Evo1_AMV_SA_21m_DIA_Prot_HeLa_SUBCELL_EGF_20min_FR3_Rep2	20min	FR3	Rep2	A	7	0.00035676060360856354	1.6844942365423776e-06	5.24374e+06
SHC1	20200217_EXPL2_Evo1_AMV_SA_21m_DIA_Prot_HeLa_SUBCELL_EGF_20min_FR3_Rep3	20min	FR3	Rep3	A	7	0.0003511235991027206	1.2716175206151092e-06	4.40178e+06
SHC1	20200217_EXPL2_Evo1_AMV_SA_21m_DIA_Prot_HeLa_SUBCELL_EGF_20min_FR3_Rep4	20min	FR3	Rep4	A	4	0.00031436653807759285	1.1467890317362617e-06	2.17406e+06
SHC1	20200217_EXPL2_Evo1_AMV_SA_21m_DIA_Prot_HeLa_SUBCELL_EGF_20min_FR4_Rep1	20min	FR4	Rep1	A	10	0.00025913448189385235	1.175502575279097e-06	1.6638e+07
SHC1	20200217_EXPL2_Evo1_AMV_SA_21m_DIA_Prot_HeLa_SUBCELL_EGF_20min_FR4_Rep2	20min	FR4	Rep2	A	11	0.0002811357844620943	6.855419201201585e-07	2.37536e+07
SHC1	20200217_EXPL2_Evo1_AMV_SA_21m_DIA_Prot_HeLa_SUBCELL_EGF_20min_FR4_Rep3	20min	FR4	Rep3	A	10	0.00025700335390865803	5.817674377794901e-07	1.40075e+07
SHC1	20200217_EXPL2_Evo1_AMV_SA_21m_DIA_Prot_HeLa_SUBCELL_EGF_20min_FR4_Rep4	20min	FR4	Rep4	A	11	0.00026226069894619286	7.726781063865928e-07	1.58785e+07
SHC1	20200217_EXPL2_Evo1_AMV_SA_21m_DIA_Prot_HeLa_SUBCELL_EGF_20min_FR5_Rep1	20min	FR5	Rep1	A	1	0.0013935340102761984	0.00013184495037421584	1.73267e+06
SHC1	20200217_EXPL2_Evo1_AMV_SA_21m_DIA_Prot_HeLa_SUBCELL_EGF_20min_FR5_Rep2	20min	FR5	Rep2	A	1	0.0011500862892717123	4.3047784856753424e-05	1.57175e+06
SHC1	20200217_EXPL2_Evo1_AMV_SA_21m_DIA_Prot_HeLa_SUBCELL_EGF_20min_FR5_Rep3	20min	FR5	Rep3	A	1	0.0014116318197920918	8.375209290534258e-05	1.57961e+06
SHC1	20200217_EXPL2_Evo1_AMV_SA_21m_DIA_Prot_HeLa_SUBCELL_EGF_20min_FR5_Rep4	20min	FR5	Rep4	A	1	0.005229837726801634	0.00020186523033771664	2.51483e+06
SHC1	20200217_EXPL2_Evo1_AMV_SA_21m_DIA_Prot_HeLa_SUBCELL_EGF_20min_FR6_Rep1	20min	FR6	Rep1	A	3	0.0003363605646882206	0.00011717148299794644	2.95117e+06
SHC1	20200217_EXPL2_Evo1_AMV_SA_21m_DIA_Prot_HeLa_SUBCELL_EGF_20min_FR6_Rep2	20min	FR6	Rep2	A	5	0.0003396739193703979	0.00010775862028822303	4.4328e+06
SHC1	20200217_EXPL2_Evo1_AMV_SA_21m_DIA_Prot_HeLa_SUBCELL_EGF_20min_FR6_Rep3	20min	FR6	Rep3	A	9	0.00030385900754481554	1.4632719285145868e-06	1.32364e+07
SHC1	20200217_EXPL2_Evo1_AMV_SA_21m_DIA_Prot_HeLa_SUBCELL_EGF_20min_FR6_Rep4	20min	FR6	Rep4	A	1	0.0025884383358061314	0.00023077367222867906	1.90244e+06
SHC1	20200217_EXPL2_Evo1_AMV_SA_21m_DIA_Prot_HeLa_SUBCELL_EGF_90min_FR1_Rep1	90min	FR1	Rep1	A	11	0.00027639578911475837	8.1459756984259e-07	2.85738e+07
SHC1	20200217_EXPL2_Evo1_AMV_SA_21m_DIA_Prot_HeLa_SUBCELL_EGF_90min_FR1_Rep2	90min	FR1	Rep2	A	10	0.00032041012309491634	1.3422818483377341e-06	3.03617e+07
SHC1	20200217_EXPL2_Evo1_AMV_SA_21m_DIA_Prot_HeLa_SUBCELL_EGF_90min_FR1_Rep3	90min	FR1	Rep3	A	11	0.0003101736947428435	9.375585818816035e-07	2.42626e+07
SHC1	20200217_EXPL2_Evo1_AMV_SA_21m_DIA_Prot_HeLa_SUBCELL_EGF_90min_FR1_Rep4	90min	FR1	Rep4	A	11	0.0003368137404322624	2.06526237889193e-06	2.80071e+07
SHC1	20200217_EXPL2_Evo1_AMV_SA_21m_DIA_Prot_HeLa_SUBCELL_EGF_90min_FR2_Rep1	90min	FR2	Rep1	A	2	0.00027085590409114957	8.700191392563283e-05	5.46033e+06
SHC1	20200217_EXPL2_Evo1_AMV_SA_21m_DIA_Prot_HeLa_SUBCELL_EGF_90min_FR2_Rep2	90min	FR2	Rep2	A	4	0.00026680895825847983	7.877116877352819e-05	1.37521e+07
SHC1	20200217_EXPL2_Evo1_AMV_SA_21m_DIA_Prot_HeLa_SUBCELL_EGF_90min_FR2_Rep3	90min	FR2	Rep3	A	2	0.0002906976733356714	0.0001262148143723607	5.33922e+06
SHC1	20200217_EXPL2_Evo1_AMV_SA_21m_DIA_Prot_HeLa_SUBCELL_EGF_90min_FR2_Rep4	90min	FR2	Rep4	A	1	0.002046035835519433	0.0001276487164432183	2.93642e+06
SHC1	20200217_EXPL2_Evo1_AMV_SA_21m_DIA_Prot_HeLa_SUBCELL_EGF_90min_FR3_Rep1	90min	FR3	Rep1	A	2	0.0002770850551314652	7.384978744084947e-07	5.61785e+06
SHC1	20200217_EXPL2_Evo1_AMV_SA_21m_DIA_Prot_HeLa_SUBCELL_EGF_90min_FR3_Rep2	90min	FR3	Rep2	A	5	0.0002789400168694556	1.113957864617987e-06	7.4056e+06
SHC1	20200217_EXPL2_Evo1_AMV_SA_21m_DIA_Prot_HeLa_SUBCELL_EGF_90min_FR3_Rep3	90min	FR3	Rep3	A	2	0.00032310179085470736	0.00050163030391559	2.01608e+06
SHC1	20200217_EXPL2_Evo1_AMV_SA_21m_DIA_Prot_HeLa_SUBCELL_EGF_90min_FR3_Rep4	90min	FR3	Rep4	A	3	0.0003396739193703979	0.00019549067656043917	1.35064e+06
SHC1	20200217_EXPL2_Evo1_AMV_SA_21m_DIA_Prot_HeLa_SUBCELL_EGF_90min_FR4_Rep1	90min	FR4	Rep1	A	10	0.0002426006831228733	9.300595138483914e-07	1.12723e+07
SHC1	20200217_EXPL2_Evo1_AMV_SA_21m_DIA_Prot_HeLa_SUBCELL_EGF_90min_FR4_Rep2	90min	FR4	Rep2	A	9	0.0002483238058630377	8.981498353932693e-07	9.56343e+06
SHC1	20200217_EXPL2_Evo1_AMV_SA_21m_DIA_Prot_HeLa_SUBCELL_EGF_90min_FR4_Rep3	90min	FR4	Rep3	A	8	0.00027670172858051956	8.222331757679058e-07	9.43151e+06
SHC1	20200217_EXPL2_Evo1_AMV_SA_21m_DIA_Prot_HeLa_SUBCELL_EGF_90min_FR4_Rep4	90min	FR4	Rep4	A	10	0.00027517887065187097	9.026085194818734e-07	1.04375e+07
SHC1	20200217_EXPL2_Evo1_AMV_SA_21m_DIA_Prot_HeLa_SUBCELL_EGF_90min_FR5_Rep1	90min	FR5	Rep1	B	1	0.012748222798109055	0.0005662870244123042	
SHC1	20200217_EXPL2_Evo1_AMV_SA_21m_DIA_Prot_HeLa_SUBCELL_EGF_90min_FR5_Rep2	90min	FR5	Rep2	A	1	0.0016051364364102483	4.814636486116797e-05	1.94946e+06
SHC1	20200217_EXPL2_Evo1_AMV_SA_21m_DIA_Prot_HeLa_SUBCELL_EGF_90min_FR5_Rep3	90min	FR5	Rep3	A	1	0.004179728217422962	0.00019986409461125731	1.12262e+06
SHC1	20200217_EXPL2_Evo1_AMV_SA_21m_DIA_Prot_HeLa_SUBCELL_EGF_90min_FR5_Rep4	90min	FR5	Rep4	A	1	0.003322259057313204	0.00015532773977611214	1.4666e+06
SHC1	20200217_EXPL2_Evo1_AMV_SA_21m_DIA_Prot_HeLa_SUBCELL_EGF_90min_FR6_Rep1	90min	FR6	Rep1	A	2	0.00030395135399885476	0.000268396339379251	2.29392e+06
SHC1	20200217_EXPL2_Evo1_AMV_SA_21m_DIA_Prot_HeLa_SUBCELL_EGF_90min_FR6_Rep2	90min	FR6	Rep2	A	2	0.00030959752621129155	0.00011029614688595757	2.55885e+06
SHC1	20200217_EXPL2_Evo1_AMV_SA_21m_DIA_Prot_HeLa_SUBCELL_EGF_90min_FR6_Rep3	90min	FR6	Rep3	A	2	0.0003061849274672568	0.00011263163469266146	2.65373e+06
SHC1	20200217_EXPL2_Evo1_AMV_SA_21m_DIA_Prot_HeLa_SUBCELL_EGF_90min_FR6_Rep4	90min	FR6	Rep4	C	0			
CBL	20200217_EXPL2_Evo1_AMV_SA_21m_DIA_Prot_HeLa_SUBCELL_EGF_CTRL_FR1_Rep1	CTRL	FR1	Rep1	A	7	0.0002989536733366549	0.0001900598726933822	1.30071e+07
CBL	20200217_EXPL2_Evo1_AMV_SA_21m_DIA_Prot_HeLa_SUBCELL_EGF_CTRL_FR1_Rep2	CTRL	FR1	Rep2	A	6	0.00029180041747167706	1.5903308394626947e-06	1.90445e+07
CBL	20200217_EXPL2_Evo1_AMV_SA_21m_DIA_Prot_HeLa_SUBCELL_EGF_CTRL_FR1_Rep3	CTRL	FR1	Rep3	A	4	0.00032247661147266626	1.9817678094113944e-06	4.97547e+06
CBL	20200217_EXPL2_Evo1_AMV_SA_21m_DIA_Prot_HeLa_SUBCELL_EGF_CTRL_FR1_Rep4	CTRL	FR1	Rep4	A	4	0.00031289111939258873	0.0001926782279042527	6.08722e+06
CBL	20200217_EXPL2_Evo1_AMV_SA_21m_DIA_Prot_HeLa_SUBCELL_EGF_CTRL_FR2_Rep1	CTRL	FR2	Rep1	A	1	0.0009306654101237655	5.378946661949158e-05	2.0575e+06
CBL	20200217_EXPL2_Evo1_AMV_SA_21m_DIA_Prot_HeLa_SUBCELL_EGF_CTRL_FR2_Rep2	CTRL	FR2	Rep2	A	1	0.005209566559642553	0.0002467511221766472	1.52438e+06
CBL	20200217_EXPL2_Evo1_AMV_SA_21m_DIA_Prot_HeLa_SUBCELL_EGF_CTRL_FR2_Rep3	CTRL	FR2	Rep3	A	1	0.0012827090686187148	0.0005238932790234685	3.07504e+06
CBL	20200217_EXPL2_Evo1_AMV_SA_21m_DIA_Prot_HeLa_SUBCELL_EGF_CTRL_FR2_Rep4	CTRL	FR2	Rep4	A	2	0.00024721879162825644	0.0001624761353014037	3.6532e+06
CBL	20200217_EXPL2_Evo1_AMV_SA_21m_DIA_Prot_HeLa_SUBCELL_EGF_CTRL_FR3_Rep1	CTRL	FR3	Rep1	A	2	0.00026434045867063105	0.00013340447912923992	4.96539e+06
CBL	20200217_EXPL2_Evo1_AMV_SA_21m_DIA_Prot_HeLa_SUBCELL_EGF_CTRL_FR3_Rep2	CTRL	FR3	Rep2	A	2	0.0002682403428480029	0.00032736797584220767	2.28962e+06
CBL	20200217_EXPL2_Evo1_AMV_SA_21m_DIA_Prot_HeLa_SUBCELL_EGF_CTRL_FR3_Rep3	CTRL	FR3	Rep3	A	2	0.003467205911874771	0.0035287109203636646	1.763e+06
CBL	20200217_EXPL2_Evo1_AMV_SA_21m_DIA_Prot_HeLa_SUBCELL_EGF_CTRL_FR3_Rep4	CTRL	FR3	Rep4	A	2	0.00030826139845885336	0.00017150698113255203	6.37263e+06
CBL	20200217_EXPL2_Evo1_AMV_SA_21m_DIA_Prot_HeLa_SUBCELL_EGF_CTRL_FR4_Rep1	CTRL	FR4	Rep1	C	0			
CBL	20200217_EXPL2_Evo1_AMV_SA_21m_DIA_Prot_HeLa_SUBCELL_EGF_CTRL_FR4_Rep2	CTRL	FR4	Rep2	C	0			
CBL	20200217_EXPL2_Evo1_AMV_SA_21m_DIA_Prot_HeLa_SUBCELL_EGF_CTRL_FR4_Rep3	CTRL	FR4	Rep3	C	0			
CBL	20200217_EXPL2_Evo1_AMV_SA_21m_DIA_Prot_HeLa_SUBCELL_EGF_CTRL_FR4_Rep4	CTRL	FR4	Rep4	A	4	0.00021537799329962581	0.0004617871018126607	1.24809e+09
CBL	20200217_EXPL2_Evo1_AMV_SA_21m_DIA_Prot_HeLa_SUBCELL_EGF_CTRL_FR5_Rep1	CTRL	FR5	Rep1	C	0			
CBL	20200217_EXPL2_Evo1_AMV_SA_21m_DIA_Prot_HeLa_SUBCELL_EGF_CTRL_FR5_Rep2	CTRL	FR5	Rep2	C	0			
CBL	20200217_EXPL2_Evo1_AMV_SA_21m_DIA_Prot_HeLa_SUBCELL_EGF_CTRL_FR5_Rep3	CTRL	FR5	Rep3	C	0			
CBL	20200217_EXPL2_Evo1_AMV_SA_21m_DIA_Prot_HeLa_SUBCELL_EGF_CTRL_FR5_Rep4	CTRL	FR5	Rep4	C	0			
CBL	20200217_EXPL2_Evo1_AMV_SA_21m_DIA_Prot_HeLa_SUBCELL_EGF_CTRL_FR6_Rep1	CTRL	FR6	Rep1	C	0			
CBL	20200217_EXPL2_Evo1_AMV_SA_21m_DIA_Prot_HeLa_SUBCELL_EGF_CTRL_FR6_Rep2	CTRL	FR6	Rep2	C	0			
CBL	20200217_EXPL2_Evo1_AMV_SA_21m_DIA_Prot_HeLa_SUBCELL_EGF_CTRL_FR6_Rep3	CTRL	FR6	Rep3	C	0			
CBL	20200217_EXPL2_Evo1_AMV_SA_21m_DIA_Prot_HeLa_SUBCELL_EGF_CTRL_FR6_Rep4	CTRL	FR6	Rep4	C	0			
CBL	20200217_EXPL2_Evo1_AMV_SA_21m_DIA_Prot_HeLa_SUBCELL_EGF_2min_FR1_Rep1	2min	FR1	Rep1	A	1	0.008923592045903206	0.0004255060339346528	3.81654e+06
CBL	20200217_EXPL2_Evo1_AMV_SA_21m_DIA_Prot_HeLa_SUBCELL_EGF_2min_FR1_Rep2	2min	FR1	Rep2	A	3	0.00031847134232521057	0.00020170779316686094	2.49284e+06
CBL	20200217_EXPL2_Evo1_AMV_SA_21m_DIA_Prot_HeLa_SUBCELL_EGF_2min_FR1_Rep3	2min	FR1	Rep3	A	2	0.0003003905003424734	0.00044535991037264466	2.09038e+06
CBL	20200217_EXPL2_Evo1_AMV_SA_21m_DIA_Prot_HeLa_SUBCELL_EGF_2min_FR1_Rep4	2min	FR1	Rep4	A	2	0.0003071253013331443	0.00016043639334384352	3.15731e+06
CBL	20200217_EXPL2_Evo1_AMV_SA_21m_DIA_Prot_HeLa_SUBCELL_EGF_2min_FR2_Rep1	2min	FR2	Rep1	B	1	0.013234269805252552	0.0006000599823892117	
CBL	20200217_EXPL2_Evo1_AMV_SA_21m_DIA_Prot_HeLa_SUBCELL_EGF_2min_FR2_Rep2	2min	FR2	Rep2	A	1	0.00024576063151471317	0.002152208937332034	3.72574e+06
CBL	20200217_EXPL2_Evo1_AMV_SA_21m_DIA_Prot_HeLa_SUBCELL_EGF_2min_FR2_Rep3	2min	FR2	Rep3	A	1	0.009728056378662586	0.004238605033606291	913402
CBL	20200217_EXPL2_Evo1_AMV_SA_21m_DIA_Prot_HeLa_SUBCELL_EGF_2min_FR2_Rep4	2min	FR2	Rep4	C	0			
CBL	20200217_EXPL2_Evo1_AMV_SA_21m_DIA_Prot_HeLa_SUBCELL_EGF_2min_FR3_Rep1	2min	FR3	Rep1	C	0			
CBL	20200217_EXPL2_Evo1_AMV_SA_21m_DIA_Prot_HeLa_SUBCELL_EGF_2min_FR3_Rep2	2min	FR3	Rep2	A	2	0.005046681966632605	0.005411702673882246	1.53602e+07
CBL	20200217_EXPL2_Evo1_AMV_SA_21m_DIA_Prot_HeLa_SUBCELL_EGF_2min_FR3_Rep3	2min	FR3	Rep3	C	0			
CBL	20200217_EXPL2_Evo1_AMV_SA_21m_DIA_Prot_HeLa_SUBCELL_EGF_2min_FR3_Rep4	2min	FR3	Rep4	C	0			
CBL	20200217_EXPL2_Evo1_AMV_SA_21m_DIA_Prot_HeLa_SUBCELL_EGF_2min_FR4_Rep1	2min	FR4	Rep1	A	5	0.00028490027762018144	6.966698856558651e-05	1.51928e+07
CBL	20200217_EXPL2_Evo1_AMV_SA_21m_DIA_Prot_HeLa_SUBCELL_EGF_2min_FR4_Rep2	2min	FR4	Rep2	A	6	0.0002442598924972117	0.00010239082621410489	2.61576e+07
CBL	20200217_EXPL2_Evo1_AMV_SA_21m_DIA_Prot_HeLa_SUBCELL_EGF_2min_FR4_Rep3	2min	FR4	Rep3	A	5	0.00026116479421034455	0.00013537905761040747	1.73354e+07
CBL	20200217_EXPL2_Evo1_AMV_SA_21m_DIA_Prot_HeLa_SUBCELL_EGF_2min_FR4_Rep4	2min	FR4	Rep4	A	5	0.0002658867451827973	0.0001402393390890211	2.2219e+07
CBL	20200217_EXPL2_Evo1_AMV_SA_21m_DIA_Prot_HeLa_SUBCELL_EGF_2min_FR5_Rep1	2min	FR5	Rep1	C	0			
CBL	20200217_EXPL2_Evo1_AMV_SA_21m_DIA_Prot_HeLa_SUBCELL_EGF_2min_FR5_Rep2	2min	FR5	Rep2	C	0			
CBL	20200217_EXPL2_Evo1_AMV_SA_21m_DIA_Prot_HeLa_SUBCELL_EGF_2min_FR5_Rep3	2min	FR5	Rep3	A	1	0.008372579701244831	0.0014012738829478621	6.07522e+06
CBL	20200217_EXPL2_Evo1_AMV_SA_21m_DIA_Prot_HeLa_SUBCELL_EGF_2min_FR5_Rep4	2min	FR5	Rep4	A	2	0.0021739129442721605	0.0023130783811211586	7.706e+06
CBL	20200217_EXPL2_Evo1_AMV_SA_21m_DIA_Prot_HeLa_SUBCELL_EGF_2min_FR6_Rep1	2min	FR6	Rep1	A	2	0.0021953897085040808	0.0025898348540067673	6.49927e+06
CBL	20200217_EXPL2_Evo1_AMV_SA_21m_DIA_Prot_HeLa_SUBCELL_EGF_2min_FR6_Rep2	2min	FR6	Rep2	B	1	0.028565557673573494	0.0017698535230010748	
CBL	20200217_EXPL2_Evo1_AMV_SA_21m_DIA_Prot_HeLa_SUBCELL_EGF_2min_FR6_Rep3	2min	FR6	Rep3	C	0			
CBL	20200217_EXPL2_Evo1_AMV_SA_21m_DIA_Prot_HeLa_SUBCELL_EGF_2min_FR6_Rep4	2min	FR6	Rep4	B	1	0.07257365435361862	0.005842665210366249	
CBL	20200217_EXPL2_Evo1_AMV_SA_21m_DIA_Prot_HeLa_SUBCELL_EGF_8min_FR1_Rep1	8min	FR1	Rep1	B	1	0.009316770359873772	0.0005066996673122048	
CBL	20200217_EXPL2_Evo1_AMV_SA_21m_DIA_Prot_HeLa_SUBCELL_EGF_8min_FR1_Rep2	8min	FR1	Rep2	B	1	0.013557483442127705	0.0007145997951738536	
CBL	20200217_EXPL2_Evo1_AMV_SA_21m_DIA_Prot_HeLa_SUBCELL_EGF_8min_FR1_Rep3	8min	FR1	Rep3	A	1	0.005442176945507526	0.00702311797067523	2.29082e+06
CBL	20200217_EXPL2_Evo1_AMV_SA_21m_DIA_Prot_HeLa_SUBCELL_EGF_8min_FR1_Rep4	8min	FR1	Rep4	A	2	0.0006002400768920779	0.0011308728717267513	2.88934e+06
CBL	20200217_EXPL2_Evo1_AMV_SA_21m_DIA_Prot_HeLa_SUBCELL_EGF_8min_FR2_Rep1	8min	FR2	Rep1	C	0			
CBL	20200217_EXPL2_Evo1_AMV_SA_21m_DIA_Prot_HeLa_SUBCELL_EGF_8min_FR2_Rep2	8min	FR2	Rep2	A	2	0.003395585808902979	0.002382552484050393	3.20405e+06
CBL	20200217_EXPL2_Evo1_AMV_SA_21m_DIA_Prot_HeLa_SUBCELL_EGF_8min_FR2_Rep3	8min	FR2	Rep3	C	0			
CBL	20200217_EXPL2_Evo1_AMV_SA_21m_DIA_Prot_HeLa_SUBCELL_EGF_8min_FR2_Rep4	8min	FR2	Rep4	A	2	0.0002707092498894781	8.83158209035173e-05	3.35127e+06
CBL	20200217_EXPL2_Evo1_AMV_SA_21m_DIA_Prot_HeLa_SUBCELL_EGF_8min_FR3_Rep1	8min	FR3	Rep1	C	0			
CBL	20200217_EXPL2_Evo1_AMV_SA_21m_DIA_Prot_HeLa_SUBCELL_EGF_8min_FR3_Rep2	8min	FR3	Rep2	A	1	0.007475083228200674	0.0066936686635017395	1.83046e+07
CBL	20200217_EXPL2_Evo1_AMV_SA_21m_DIA_Prot_HeLa_SUBCELL_EGF_8min_FR3_Rep3	8min	FR3	Rep3	C	0			
CBL	20200217_EXPL2_Evo1_AMV_SA_21m_DIA_Prot_HeLa_SUBCELL_EGF_8min_FR3_Rep4	8min	FR3	Rep4	A	2	0.00035236080293543637	0.0013807209907099605	2.64988e+07
CBL	20200217_EXPL2_Evo1_AMV_SA_21m_DIA_Prot_HeLa_SUBCELL_EGF_8min_FR4_Rep1	8min	FR4	Rep1	A	8	0.0002997601986862719	7.360518452514953e-07	2.71347e+07
CBL	20200217_EXPL2_Evo1_AMV_SA_21m_DIA_Prot_HeLa_SUBCELL_EGF_8min_FR4_Rep2	8min	FR4	Rep2	A	4	0.00025846471544355154	0.00011734334839275107	1.54072e+07
CBL	20200217_EXPL2_Evo1_AMV_SA_21m_DIA_Prot_HeLa_SUBCELL_EGF_8min_FR4_Rep3	8min	FR4	Rep3	A	4	0.0002857142826542258	0.0002449299499858171	6.03718e+06
CBL	20200217_EXPL2_Evo1_AMV_SA_21m_DIA_Prot_HeLa_SUBCELL_EGF_8min_FR4_Rep4	8min	FR4	Rep4	A	4	0.00026946913567371666	0.000213276463910006	1.21189e+07
CBL	20200217_EXPL2_Evo1_AMV_SA_21m_DIA_Prot_HeLa_SUBCELL_EGF_8min_FR5_Rep1	8min	FR5	Rep1	A	1	0.004748603329062462	0.0008478168747387826	3.18993e+06
CBL	20200217_EXPL2_Evo1_AMV_SA_21m_DIA_Prot_HeLa_SUBCELL_EGF_8min_FR5_Rep2	8min	FR5	Rep2	C	0			
CBL	20200217_EXPL2_Evo1_AMV_SA_21m_DIA_Prot_HeLa_SUBCELL_EGF_8min_FR5_Rep3	8min	FR5	Rep3	B	1	0.011372251436114311	0.006838476285338402	
CBL	20200217_EXPL2_Evo1_AMV_SA_21m_DIA_Prot_HeLa_SUBCELL_EGF_8min_FR5_Rep4	8min	FR5	Rep4	C	0			
CBL	20200217_EXPL2_Evo1_AMV_SA_21m_DIA_Prot_HeLa_SUBCELL_EGF_8min_FR6_Rep1	8min	FR6	Rep1	A	1	0.0005873715272173285	0.0003210419963579625	2.76173e+06
CBL	20200217_EXPL2_Evo1_AMV_SA_21m_DIA_Prot_HeLa_SUBCELL_EGF_8min_FR6_Rep2	8min	FR6	Rep2	B	1	0.029719853773713112	0.0017582597211003304	
CBL	20200217_EXPL2_Evo1_AMV_SA_21m_DIA_Prot_HeLa_SUBCELL_EGF_8min_FR6_Rep3	8min	FR6	Rep3	A	1	0.0014518002280965447	0.008755825459957123	1.00561e+06
CBL	20200217_EXPL2_Evo1_AMV_SA_21m_DIA_Prot_HeLa_SUBCELL_EGF_8min_FR6_Rep4	8min	FR6	Rep4	A	3	0.0003590664127841592	0.00028873360133729875	3.16022e+06
CBL	20200217_EXPL2_Evo1_AMV_SA_21m_DIA_Prot_HeLa_SUBCELL_EGF_20min_FR1_Rep1	20min	FR1	Rep1	A	2	0.0003277614014223218	0.0002957704709842801	2.25789e+06
CBL	20200217_EXPL2_Evo1_AMV_SA_21m_DIA_Prot_HeLa_SUBCELL_EGF_20min_FR1_Rep2	20min	FR1	Rep2	A	2	0.00029904305119998753	1.6157698610186344e-06	2.15585e+06
CBL	20200217_EXPL2_Evo1_AMV_SA_21m_DIA_Prot_HeLa_SUBCELL_EGF_20min_FR1_Rep3	20min	FR1	Rep3	A	4	0.00030931024230085313	8.275405321001017e-07	3.84477e+06
CBL	20200217_EXPL2_Evo1_AMV_SA_21m_DIA_Prot_HeLa_SUBCELL_EGF_20min_FR1_Rep4	20min	FR1	Rep4	A	2	0.000300210143905133	5.878438059880864e-06	4.76044e+06
CBL	20200217_EXPL2_Evo1_AMV_SA_21m_DIA_Prot_HeLa_SUBCELL_EGF_20min_FR2_Rep1	20min	FR2	Rep1	B	1	0.011085973121225834	0.000495154585223645	
CBL	20200217_EXPL2_Evo1_AMV_SA_21m_DIA_Prot_HeLa_SUBCELL_EGF_20min_FR2_Rep2	20min	FR2	Rep2	C	0			
CBL	20200217_EXPL2_Evo1_AMV_SA_21m_DIA_Prot_HeLa_SUBCELL_EGF_20min_FR2_Rep3	20min	FR2	Rep3	C	0			
CBL	20200217_EXPL2_Evo1_AMV_SA_21m_DIA_Prot_HeLa_SUBCELL_EGF_20min_FR2_Rep4	20min	FR2	Rep4	C	0			
CBL	20200217_EXPL2_Evo1_AMV_SA_21m_DIA_Prot_HeLa_SUBCELL_EGF_20min_FR3_Rep1	20min	FR3	Rep1	B	1	0.060092806816101074	0.00609272625297308	
CBL	20200217_EXPL2_Evo1_AMV_SA_21m_DIA_Prot_HeLa_SUBCELL_EGF_20min_FR3_Rep2	20min	FR3	Rep2	A	3	0.00035676060360856354	0.0011819000355899334	5.25828e+07
CBL	20200217_EXPL2_Evo1_AMV_SA_21m_DIA_Prot_HeLa_SUBCELL_EGF_20min_FR3_Rep3	20min	FR3	Rep3	A	2	0.002237762324512005	0.003138676518574357	4.00678e+07
CBL	20200217_EXPL2_Evo1_AMV_SA_21m_DIA_Prot_HeLa_SUBCELL_EGF_20min_FR3_Rep4	20min	FR3	Rep4	B	1	0.06696730852127075	0.006113321986049414	
CBL	20200217_EXPL2_Evo1_AMV_SA_21m_DIA_Prot_HeLa_SUBCELL_EGF_20min_FR4_Rep1	20min	FR4	Rep1	A	1	0.0012540757888928056	0.005574213340878487	1.25822e+07
CBL	20200217_EXPL2_Evo1_AMV_SA_21m_DIA_Prot_HeLa_SUBCELL_EGF_20min_FR4_Rep2	20min	FR4	Rep2	A	1	0.0020613244269043207	0.0006211180007085204	7.60851e+06
CBL	20200217_EXPL2_Evo1_AMV_SA_21m_DIA_Prot_HeLa_SUBCELL_EGF_20min_FR4_Rep3	20min	FR4	Rep3	C	0			
CBL	20200217_EXPL2_Evo1_AMV_SA_21m_DIA_Prot_HeLa_SUBCELL_EGF_20min_FR4_Rep4	20min	FR4	Rep4	A	2	0.00026226069894619286	0.00037555157905444503	1.31575e+07
CBL	20200217_EXPL2_Evo1_AMV_SA_21m_DIA_Prot_HeLa_SUBCELL_EGF_20min_FR5_Rep1	20min	FR5	Rep1	C	0			
CBL	20200217_EXPL2_Evo1_AMV_SA_21m_DIA_Prot_HeLa_SUBCELL_EGF_20min_FR5_Rep2	20min	FR5	Rep2	C	0			
CBL	20200217_EXPL2_Evo1_AMV_SA_21m_DIA_Prot_HeLa_SUBCELL_EGF_20min_FR5_Rep3	20min	FR5	Rep3	C	0			
CBL	20200217_EXPL2_Evo1_AMV_SA_21m_DIA_Prot_HeLa_SUBCELL_EGF_20min_FR5_Rep4	20min	FR5	Rep4	C	0			
CBL	20200217_EXPL2_Evo1_AMV_SA_21m_DIA_Prot_HeLa_SUBCELL_EGF_20min_FR6_Rep1	20min	FR6	Rep1	C	0			
CBL	20200217_EXPL2_Evo1_AMV_SA_21m_DIA_Prot_HeLa_SUBCELL_EGF_20min_FR6_Rep2	20min	FR6	Rep2	A	3	0.0006702413083985448	0.003017543815076351	4.90251e+06
CBL	20200217_EXPL2_Evo1_AMV_SA_21m_DIA_Prot_HeLa_SUBCELL_EGF_20min_FR6_Rep3	20min	FR6	Rep3	A	6	0.00030385900754481554	0.00016760712605901062	1.17512e+07
CBL	20200217_EXPL2_Evo1_AMV_SA_21m_DIA_Prot_HeLa_SUBCELL_EGF_20min_FR6_Rep4	20min	FR6	Rep4	C	0			
CBL	20200217_EXPL2_Evo1_AMV_SA_21m_DIA_Prot_HeLa_SUBCELL_EGF_90min_FR1_Rep1	90min	FR1	Rep1	A	7	0.00027639578911475837	0.00014159291458781809	1.26733e+07
CBL	20200217_EXPL2_Evo1_AMV_SA_21m_DIA_Prot_HeLa_SUBCELL_EGF_90min_FR1_Rep2	90min	FR1	Rep2	A	2	0.00032041012309491634	0.0001718508283374831	7.3537e+06
CBL	20200217_EXPL2_Evo1_AMV_SA_21m_DIA_Prot_HeLa_SUBCELL_EGF_90min_FR1_Rep3	90min	FR1	Rep3	A	4	0.0003101736947428435	0.00024326954735442996	5.4257e+06
CBL	20200217_EXPL2_Evo1_AMV_SA_21m_DIA_Prot_HeLa_SUBCELL_EGF_90min_FR1_Rep4	90min	FR1	Rep4	A	4	0.0003368137404322624	2.06526237889193e-06	5.86239e+06
CBL	20200217_EXPL2_Evo1_AMV_SA_21m_DIA_Prot_HeLa_SUBCELL_EGF_90min_FR2_Rep1	90min	FR2	Rep1	C	0			
CBL	20200217_EXPL2_Evo1_AMV_SA_21m_DIA_Prot_HeLa_SUBCELL_EGF_90min_FR2_Rep2	90min	FR2	Rep2	A	1	0.005490570329129696	0.002194982022047043	2.55603e+06
CBL	20200217_EXPL2_Evo1_AMV_SA_21m_DIA_Prot_HeLa_SUBCELL_EGF_90min_FR2_Rep3	90min	FR2	Rep3	C	0			
CBL	20200217_EXPL2_Evo1_AMV_SA_21m_DIA_Prot_HeLa_SUBCELL_EGF_90min_FR2_Rep4	90min	FR2	Rep4	C	0			
CBL	20200217_EXPL2_Evo1_AMV_SA_21m_DIA_Prot_HeLa_SUBCELL_EGF_90min_FR3_Rep1	90min	FR3	Rep1	A	1	0.0002770850551314652	1.0094377103087027e-06	871926
CBL	20200217_EXPL2_Evo1_AMV_SA_21m_DIA_Prot_HeLa_SUBCELL_EGF_90min_FR3_Rep2	90min	FR3	Rep2	A	1	0.005734230857342482	0.006166928447782993	1.61703e+08
CBL	20200217_EXPL2_Evo1_AMV_SA_21m_DIA_Prot_HeLa_SUBCELL_EGF_90min_FR3_Rep3	90min	FR3	Rep3	B	1	0.06800000369548798	0.006688389461487532	
CBL	20200217_EXPL2_Evo1_AMV_SA_21m_DIA_Prot_HeLa_SUBCELL_EGF_90min_FR3_Rep4	90min	FR3	Rep4	C	0			
CBL	20200217_EXPL2_Evo1_AMV_SA_21m_DIA_Prot_HeLa_SUBCELL_EGF_90min_FR4_Rep1	90min	FR4	Rep1	C	0			
CBL	20200217_EXPL2_Evo1_AMV_SA_21m_DIA_Prot_HeLa_SUBCELL_EGF_90min_FR4_Rep2	90min	FR4	Rep2	C	0			
CBL	20200217_EXPL2_Evo1_AMV_SA_21m_DIA_Prot_HeLa_SUBCELL_EGF_90min_FR4_Rep3	90min	FR4	Rep3	C	0			
CBL	20200217_EXPL2_Evo1_AMV_SA_21m_DIA_Prot_HeLa_SUBCELL_EGF_90min_FR4_Rep4	90min	FR4	Rep4	C	0			
CBL	20200217_EXPL2_Evo1_AMV_SA_21m_DIA_Prot_HeLa_SUBCELL_EGF_90min_FR5_Rep1	90min	FR5	Rep1	C	0			
CBL	20200217_EXPL2_Evo1_AMV_SA_21m_DIA_Prot_HeLa_SUBCELL_EGF_90min_FR5_Rep2	90min	FR5	Rep2	C	0			
CBL	20200217_EXPL2_Evo1_AMV_SA_21m_DIA_Prot_HeLa_SUBCELL_EGF_90min_FR5_Rep3	90min	FR5	Rep3	C	0			
CBL	20200217_EXPL2_Evo1_AMV_SA_21m_DIA_Prot_HeLa_SUBCELL_EGF_90min_FR5_Rep4	90min	FR5	Rep4	C	0			
CBL	20200217_EXPL2_Evo1_AMV_SA_21m_DIA_Prot_HeLa_SUBCELL_EGF_90min_FR6_Rep1	90min	FR6	Rep1	C	0			
CBL	20200217_EXPL2_Evo1_AMV_SA_21m_DIA_Prot_HeLa_SUBCELL_EGF_90min_FR6_Rep2	90min	FR6	Rep2	C	0			
CBL	20200217_EXPL2_Evo1_AMV_SA_21m_DIA_Prot_HeLa_SUBCELL_EGF_90min_FR6_Rep3	90min	FR6	Rep3	B	1	0.03382616490125656	0.0021903770975768566	
CBL	20200217_EXPL2_Evo1_AMV_SA_21m_DIA_Prot_HeLa_SUBCELL_EGF_90min_FR6_Rep4	90min	FR6	Rep4	C	0			
EGFR	20200217_EXPL2_Evo1_AMV_SA_21m_DIA_Prot_HeLa_SUBCELL_EGF_CTRL_FR1_Rep1	CTRL	FR1	Rep1	C	0			
EGFR	20200217_EXPL2_Evo1_AMV_SA_21m_DIA_Prot_HeLa_SUBCELL_EGF_CTRL_FR1_Rep2	CTRL	FR1	Rep2	C	0			
EGFR	20200217_EXPL2_Evo1_AMV_SA_21m_DIA_Prot_HeLa_SUBCELL_EGF_CTRL_FR1_Rep3	CTRL	FR1	Rep3	C	0			
EGFR	20200217_EXPL2_Evo1_AMV_SA_21m_DIA_Prot_HeLa_SUBCELL_EGF_CTRL_FR1_Rep4	CTRL	FR1	Rep4	B	1	0.04904306307435036	0.003141406225040555	
EGFR	20200217_EXPL2_Evo1_AMV_SA_21m_DIA_Prot_HeLa_SUBCELL_EGF_CTRL_FR2_Rep1	CTRL	FR2	Rep1	A	3	0.00024654832668602467	0.002480520633980632	5.03443e+06
EGFR	20200217_EXPL2_Evo1_AMV_SA_21m_DIA_Prot_HeLa_SUBCELL_EGF_CTRL_FR2_Rep2	CTRL	FR2	Rep2	A	2	0.00025647602160461247	0.002886534668505192	1.00403e+07
EGFR	20200217_EXPL2_Evo1_AMV_SA_21m_DIA_Prot_HeLa_SUBCELL_EGF_CTRL_FR2_Rep3	CTRL	FR2	Rep3	B	1	0.011505047790706158	0.0021681119687855244	
EGFR	20200217_EXPL2_Evo1_AMV_SA_21m_DIA_Prot_HeLa_SUBCELL_EGF_CTRL_FR2_Rep4	CTRL	FR2	Rep4	C	0			
EGFR	20200217_EXPL2_Evo1_AMV_SA_21m_DIA_Prot_HeLa_SUBCELL_EGF_CTRL_FR3_Rep1	CTRL	FR3	Rep1	A	10	0.00026434045867063105	0.0001167406007880345	1.82899e+07
EGFR	20200217_EXPL2_Evo1_AMV_SA_21m_DIA_Prot_HeLa_SUBCELL_EGF_CTRL_FR3_Rep2	CTRL	FR3	Rep2	A	13	0.0002682403428480029	8.042464401114557e-07	1.84971e+07
EGFR	20200217_EXPL2_Evo1_AMV_SA_21m_DIA_Prot_HeLa_SUBCELL_EGF_CTRL_FR3_Rep3	CTRL	FR3	Rep3	A	6	0.0003353453939780593	0.00013661202683579177	1.13913e+07
EGFR	20200217_EXPL2_Evo1_AMV_SA_21m_DIA_Prot_HeLa_SUBCELL_EGF_CTRL_FR3_Rep4	CTRL	FR3	Rep4	C	0			
EGFR	20200217_EXPL2_Evo1_AMV_SA_21m_DIA_Prot_HeLa_SUBCELL_EGF_CTRL_FR4_Rep1	CTRL	FR4	Rep1	A	24	0.00026448030257597566	6.002040890962235e-07	1.03401e+08
EGFR	20200217_EXPL2_Evo1_AMV_SA_21m_DIA_Prot_HeLa_SUBCELL_EGF_CTRL_FR4_Rep2	CTRL	FR4	Rep2	A	25	0.0002470355830155313	1.0150738489755895e-06	1.5492e+08
EGFR	20200217_EXPL2_Evo1_AMV_SA_21m_DIA_Prot_HeLa_SUBCELL_EGF_CTRL_FR4_Rep3	CTRL	FR4	Rep3	A	21	0.00024618415045551956	7.150007377276779e-07	1.03083e+08
EGFR	20200217_EXPL2_Evo1_AMV_SA_21m_DIA_Prot_HeLa_SUBCELL_EGF_CTRL_FR4_Rep4	CTRL	FR4	Rep4	A	13	0.00021537799329962581	9.770395763553097e-07	4.89652e+07
EGFR	20200217_EXPL2_Evo1_AMV_SA_21m_DIA_Prot_HeLa_SUBCELL_EGF_CTRL_FR5_Rep1	CTRL	FR5	Rep1	A	1	0.006523511838167906	0.0020247469656169415	4.13313e+06
EGFR	20200217_EXPL2_Evo1_AMV_SA_21m_DIA_Prot_HeLa_SUBCELL_EGF_CTRL_FR5_Rep2	CTRL	FR5	Rep2	A	3	0.0002793296007439494	0.000854398705996573	1.38957e+06
EGFR	20200217_EXPL2_Evo1_AMV_SA_21m_DIA_Prot_HeLa_SUBCELL_EGF_CTRL_FR5_Rep3	CTRL	FR5	Rep3	A	1	0.0016353229293599725	0.0019830979872494936	1.68417e+06
EGFR	20200217_EXPL2_Evo1_AMV_SA_21m_DIA_Prot_HeLa_SUBCELL_EGF_CTRL_FR5_Rep4	CTRL	FR5	Rep4	A	6	0.0002198768634116277	0.00011703206837410107	5.47445e+06
EGFR	20200217_EXPL2_Evo1_AMV_SA_21m_DIA_Prot_HeLa_SUBCELL_EGF_CTRL_FR6_Rep1	CTRL	FR6	Rep1	A	12	0.00029248319333419204	0.00015521924069616944	2.99988e+07
EGFR	20200217_EXPL2_Evo1_AMV_SA_21m_DIA_Prot_HeLa_SUBCELL_EGF_CTRL_FR6_Rep2	CTRL	FR6	Rep2	A	14	0.0002919707912951708	1.0743445955085917e-06	8.49492e+07
EGFR	20200217_EXPL2_Evo1_AMV_SA_21m_DIA_Prot_HeLa_SUBCELL_EGF_CTRL_FR6_Rep3	CTRL	FR6	Rep3	A	13	0.00030788176809437573	1.051856543199392e-06	5.47431e+07
EGFR	20200217_EXPL2_Evo1_AMV_SA_21m_DIA_Prot_HeLa_SUBCELL_EGF_CTRL_FR6_Rep4	CTRL	FR6	Rep4	A	2	0.0002919707912951708	0.00013260255218483508	4.03847e+06
EGFR	20200217_EXPL2_Evo1_AMV_SA_21m_DIA_Prot_HeLa_SUBCELL_EGF_2min_FR1_Rep1	2min	FR1	Rep1	C	0			
EGFR	20200217_EXPL2_Evo1_AMV_SA_21m_DIA_Prot_HeLa_SUBCELL_EGF_2min_FR1_Rep2	2min	FR1	Rep2	C	0			
EGFR	20200217_EXPL2_Evo1_AMV_SA_21m_DIA_Prot_HeLa_SUBCELL_EGF_2min_FR1_Rep3	2min	FR1	Rep3	C	0			
EGFR	20200217_EXPL2_Evo1_AMV_SA_21m_DIA_Prot_HeLa_SUBCELL_EGF_2min_FR1_Rep4	2min	FR1	Rep4	C	0			
EGFR	20200217_EXPL2_Evo1_AMV_SA_21m_DIA_Prot_HeLa_SUBCELL_EGF_2min_FR2_Rep1	2min	FR2	Rep1	C	0			
EGFR	20200217_EXPL2_Evo1_AMV_SA_21m_DIA_Prot_HeLa_SUBCELL_EGF_2min_FR2_Rep2	2min	FR2	Rep2	C	0			
EGFR	20200217_EXPL2_Evo1_AMV_SA_21m_DIA_Prot_HeLa_SUBCELL_EGF_2min_FR2_Rep3	2min	FR2	Rep3	C	0			
EGFR	20200217_EXPL2_Evo1_AMV_SA_21m_DIA_Prot_HeLa_SUBCELL_EGF_2min_FR2_Rep4	2min	FR2	Rep4	B	1	0.027561837807297707	0.0012558638118207455	
EGFR	20200217_EXPL2_Evo1_AMV_SA_21m_DIA_Prot_HeLa_SUBCELL_EGF_2min_FR3_Rep1	2min	FR3	Rep1	A	7	0.00033400134998373687	0.00015149220416788012	9.15438e+06
EGFR	20200217_EXPL2_Evo1_AMV_SA_21m_DIA_Prot_HeLa_SUBCELL_EGF_2min_FR3_Rep2	2min	FR3	Rep2	A	8	0.0002919707912951708	0.0001271455839741975	1.64928e+07
EGFR	20200217_EXPL2_Evo1_AMV_SA_21m_DIA_Prot_HeLa_SUBCELL_EGF_2min_FR3_Rep3	2min	FR3	Rep3	A	8	0.00035100034438073635	0.0001476014731451869	1.10349e+07
EGFR	20200217_EXPL2_Evo1_AMV_SA_21m_DIA_Prot_HeLa_SUBCELL_EGF_2min_FR3_Rep4	2min	FR3	Rep4	A	6	0.00036218762397766113	1.6139445051521761e-06	8.19549e+06
EGFR	20200217_EXPL2_Evo1_AMV_SA_21m_DIA_Prot_HeLa_SUBCELL_EGF_2min_FR4_Rep1	2min	FR4	Rep1	A	24	0.00028490027762018144	6.966699288568634e-07	1.20744e+08
EGFR	20200217_EXPL2_Evo1_AMV_SA_21m_DIA_Prot_HeLa_SUBCELL_EGF_2min_FR4_Rep2	2min	FR4	Rep2	A	28	0.0002442598924972117	6.016846896272909e-07	1.83578e+08
EGFR	20200217_EXPL2_Evo1_AMV_SA_21m_DIA_Prot_HeLa_SUBCELL_EGF_2min_FR4_Rep3	2min	FR4	Rep3	A	23	0.00026116479421034455	1.3182177553971997e-06	1.15518e+08
EGFR	20200217_EXPL2_Evo1_AMV_SA_21m_DIA_Prot_HeLa_SUBCELL_EGF_2min_FR4_Rep4	2min	FR4	Rep4	A	25	0.0002658867451827973	9.039139285960118e-07	1.25947e+08
EGFR	20200217_EXPL2_Evo1_AMV_SA_21m_DIA_Prot_HeLa_SUBCELL_EGF_2min_FR5_Rep1	2min	FR5	Rep1	B	1	0.012588943354785442	0.003258973825722933	
EGFR	20200217_EXPL2_Evo1_AMV_SA_21m_DIA_Prot_HeLa_SUBCELL_EGF_2min_FR5_Rep2	2min	FR5	Rep2	A	4	0.00030478512053377926	7.985306729096919e-05	3.61789e+07
EGFR	20200217_EXPL2_Evo1_AMV_SA_21m_DIA_Prot_HeLa_SUBCELL_EGF_2min_FR5_Rep3	2min	FR5	Rep3	A	5	0.000292056065518409	0.0002244416973553598	3.03154e+07
EGFR	20200217_EXPL2_Evo1_AMV_SA_21m_DIA_Prot_HeLa_SUBCELL_EGF_2min_FR5_Rep4	2min	FR5	Rep4	A	2	0.00028860027668997645	0.002365758642554283	3.10016e+07
EGFR	20200217_EXPL2_Evo1_AMV_SA_21m_DIA_Prot_HeLa_SUBCELL_EGF_2min_FR6_Rep1	2min	FR6	Rep1	A	7	0.00030385900754481554	0.0001695202518021688	3.08911e+07
EGFR	20200217_EXPL2_Evo1_AMV_SA_21m_DIA_Prot_HeLa_SUBCELL_EGF_2min_FR6_Rep2	2min	FR6	Rep2	A	10	0.0002707092498894781	8.064516441663727e-05	6.65844e+07
EGFR	20200217_EXPL2_Evo1_AMV_SA_21m_DIA_Prot_HeLa_SUBCELL_EGF_2min_FR6_Rep3	2min	FR6	Rep3	A	10	0.00030845156288705766	1.1088933433711645e-06	6.06776e+07
EGFR	20200217_EXPL2_Evo1_AMV_SA_21m_DIA_Prot_HeLa_SUBCELL_EGF_2min_FR6_Rep4	2min	FR6	Rep4	A	9	0.00030835645156912506	0.0001283614692511037	7.34462e+07
EGFR	20200217_EXPL2_Evo1_AMV_SA_21m_DIA_Prot_HeLa_SUBCELL_EGF_8min_FR1_Rep1	8min	FR1	Rep1	C	0			
EGFR	20200217_EXPL2_Evo1_AMV_SA_21m_DIA_Prot_HeLa_SUBCELL_EGF_8min_FR1_Rep2	8min	FR1	Rep2	C	0			
EGFR	20200217_EXPL2_Evo1_AMV_SA_21m_DIA_Prot_HeLa_SUBCELL_EGF_8min_FR1_Rep3	8min	FR1	Rep3	C	0			
EGFR	20200217_EXPL2_Evo1_AMV_SA_21m_DIA_Prot_HeLa_SUBCELL_EGF_8min_FR1_Rep4	8min	FR1	Rep4	C	0			
EGFR	20200217_EXPL2_Evo1_AMV_SA_21m_DIA_Prot_HeLa_SUBCELL_EGF_8min_FR2_Rep1	8min	FR2	Rep1	B	1	0.015246188268065453	0.0006119451718404889	
EGFR	20200217_EXPL2_Evo1_AMV_SA_21m_DIA_Prot_HeLa_SUBCELL_EGF_8min_FR2_Rep2	8min	FR2	Rep2	C	0			
EGFR	20200217_EXPL2_Evo1_AMV_SA_21m_DIA_Prot_HeLa_SUBCELL_EGF_8min_FR2_Rep3	8min	FR2	Rep3	C	0			
EGFR	20200217_EXPL2_Evo1_AMV_SA_21m_DIA_Prot_HeLa_SUBCELL_EGF_8min_FR2_Rep4	8min	FR2	Rep4	C	0			
EGFR	20200217_EXPL2_Evo1_AMV_SA_21m_DIA_Prot_HeLa_SUBCELL_EGF_8min_FR3_Rep1	8min	FR3	Rep1	A	4	0.0003760812396649271	1.1944576954192598e-06	6.98319e+06
EGFR	20200217_EXPL2_Evo1_AMV_SA_21m_DIA_Prot_HeLa_SUBCELL_EGF_8min_FR3_Rep2	8min	FR3	Rep2	A	4	0.00031075201695784926	0.0001336183922830969	9.33904e+06
EGFR	20200217_EXPL2_Evo1_AMV_SA_21m_DIA_Prot_HeLa_SUBCELL_EGF_8min_FR3_Rep3	8min	FR3	Rep3	A	4	0.00035637919791042805	0.00017793594452086836	9.1554e+06
EGFR	20200217_EXPL2_Evo1_AMV_SA_21m_DIA_Prot_HeLa_SUBCELL_EGF_8min_FR3_Rep4	8min	FR3	Rep4	A	8	0.00035236080293543637	1.5857913240324706e-06	1.10648e+07
EGFR	20200217_EXPL2_Evo1_AMV_SA_21m_DIA_Prot_HeLa_SUBCELL_EGF_8min_FR4_Rep1	8min	FR4	Rep1	A	23	0.0002997601986862719	7.360518452514953e-07	1.21893e+08
EGFR	20200217_EXPL2_Evo1_AMV_SA_21m_DIA_Prot_HeLa_SUBCELL_EGF_8min_FR4_Rep2	8min	FR4	Rep2	A	22	0.00025846471544355154	1.017501062960946e-06	1.10872e+08
EGFR	20200217_EXPL2_Evo1_AMV_SA_21m_DIA_Prot_HeLa_SUBCELL_EGF_8min_FR4_Rep3	8min	FR4	Rep3	A	21	0.0002857142826542258	7.22856725587917e-07	1.11629e+08
EGFR	20200217_EXPL2_Evo1_AMV_SA_21m_DIA_Prot_HeLa_SUBCELL_EGF_8min_FR4_Rep4	8min	FR4	Rep4	A	19	0.00026946913567371666	7.686986123189854e-07	9.31191e+07
EGFR	20200217_EXPL2_Evo1_AMV_SA_21m_DIA_Prot_HeLa_SUBCELL_EGF_8min_FR5_Rep1	8min	FR5	Rep1	A	2	0.0003124999930150807	0.0037808355409651995	3.01078e+07
EGFR	20200217_EXPL2_Evo1_AMV_SA_21m_DIA_Prot_HeLa_SUBCELL_EGF_8min_FR5_Rep2	8min	FR5	Rep2	A	2	0.0003062787000089884	0.00012969608360435814	991978
EGFR	20200217_EXPL2_Evo1_AMV_SA_21m_DIA_Prot_HeLa_SUBCELL_EGF_8min_FR5_Rep3	8min	FR5	Rep3	A	5	0.00030257186153903604	5.487269663717598e-05	3.20858e+07
EGFR	20200217_EXPL2_Evo1_AMV_SA_21m_DIA_Prot_HeLa_SUBCELL_EGF_8min_FR5_Rep4	8min	FR5	Rep4	A	4	0.0002892681513912976	0.00012705403787549585	2.57626e+07
EGFR	20200217_EXPL2_Evo1_AMV_SA_21m_DIA_Prot_HeLa_SUBCELL_EGF_8min_FR6_Rep1	8min	FR6	Rep1	A	12	0.0003067484649363905	1.161035697805346e-06	2.89379e+07
EGFR	20200217_EXPL2_Evo1_AMV_SA_21m_DIA_Prot_HeLa_SUBCELL_EGF_8min_FR6_Rep2	8min	FR6	Rep2	A	11	0.00033467201865278184	0.00013224889698904008	3.54839e+07
EGFR	20200217_EXPL2_Evo1_AMV_SA_21m_DIA_Prot_HeLa_SUBCELL_EGF_8min_FR6_Rep3	8min	FR6	Rep3	A	10	0.0003304692800156772	0.00011111111234640703	6.57662e+06
EGFR	20200217_EXPL2_Evo1_AMV_SA_21m_DIA_Prot_HeLa_SUBCELL_EGF_8min_FR6_Rep4	8min	FR6	Rep4	A	17	0.0003590664127841592	0.00010720411955844611	7.55321e+07
EGFR	20200217_EXPL2_Evo1_AMV_SA_21m_DIA_Prot_HeLa_SUBCELL_EGF_20min_FR1_Rep1	20min	FR1	Rep1	C	0			
EGFR	20200217_EXPL2_Evo1_AMV_SA_21m_DIA_Prot_HeLa_SUBCELL_EGF_20min_FR1_Rep2	20min	FR1	Rep2	C	0			
EGFR	20200217_EXPL2_Evo1_AMV_SA_21m_DIA_Prot_HeLa_SUBCELL_EGF_20min_FR1_Rep3	20min	FR1	Rep3	C	0			
EGFR	20200217_EXPL2_Evo1_AMV_SA_21m_DIA_Prot_HeLa_SUBCELL_EGF_20min_FR1_Rep4	20min	FR1	Rep4	C	0			
EGFR	20200217_EXPL2_Evo1_AMV_SA_21m_DIA_Prot_HeLa_SUBCELL_EGF_20min_FR2_Rep1	20min	FR2	Rep1	B	1	0.018033867701888084	0.00389629858545959	
EGFR	20200217_EXPL2_Evo1_AMV_SA_21m_DIA_Prot_HeLa_SUBCELL_EGF_20min_FR2_Rep2	20min	FR2	Rep2	A	2	0.00027979855076409876	0.0003543167549651116	1.68619e+06
EGFR	20200217_EXPL2_Evo1_AMV_SA_21m_DIA_Prot_HeLa_SUBCELL_EGF_20min_FR2_Rep3	20min	FR2	Rep3	A	1	0.002411381807178259	0.0008823429816402495	773462
EGFR	20200217_EXPL2_Evo1_AMV_SA_21m_DIA_Prot_HeLa_SUBCELL_EGF_20min_FR2_Rep4	20min	FR2	Rep4	C	0			
EGFR	20200217_EXPL2_Evo1_AMV_SA_21m_DIA_Prot_HeLa_SUBCELL_EGF_20min_FR3_Rep1	20min	FR3	Rep1	A	10	0.0003113324928563088	1.2946659353474388e-06	1.46768e+07
EGFR	20200217_EXPL2_Evo1_AMV_SA_21m_DIA_Prot_HeLa_SUBCELL_EGF_20min_FR3_Rep2	20min	FR3	Rep2	A	13	0.00035676060360856354	1.6844942365423776e-06	2.11803e+07
EGFR	20200217_EXPL2_Evo1_AMV_SA_21m_DIA_Prot_HeLa_SUBCELL_EGF_20min_FR3_Rep3	20min	FR3	Rep3	A	13	0.0003511235991027206	1.2716175206151092e-06	2.6033e+07
EGFR	20200217_EXPL2_Evo1_AMV_SA_21m_DIA_Prot_HeLa_SUBCELL_EGF_20min_FR3_Rep4	20min	FR3	Rep4	A	10	0.00031436653807759285	0.00011467889999039471	1.31339e+07
EGFR	20200217_EXPL2_Evo1_AMV_SA_21m_DIA_Prot_HeLa_SUBCELL_EGF_20min_FR4_Rep1	20min	FR4	Rep1	A	19	0.00025913448189385235	1.175502575279097e-06	9.81965e+07
EGFR	20200217_EXPL2_Evo1_AMV_SA_21m_DIA_Prot_HeLa_SUBCELL_EGF_20min_FR4_Rep2	20min	FR4	Rep2	A	20	0.0002811357844620943	6.855419201201585e-07	9.07916e+07
EGFR	20200217_EXPL2_Evo1_AMV_SA_21m_DIA_Prot_HeLa_SUBCELL_EGF_20min_FR4_Rep3	20min	FR4	Rep3	A	19	0.00025700335390865803	5.817674377794901e-07	5.99724e+07
EGFR	20200217_EXPL2_Evo1_AMV_SA_21m_DIA_Prot_HeLa_SUBCELL_EGF_20min_FR4_Rep4	20min	FR4	Rep4	A	20	0.00026226069894619286	7.726781063865928e-07	9.45558e+07
EGFR	20200217_EXPL2_Evo1_AMV_SA_21m_DIA_Prot_HeLa_SUBCELL_EGF_20min_FR5_Rep1	20min	FR5	Rep1	A	4	0.00030156815773807466	0.0006525758653879166	8.3818e+06
EGFR	20200217_EXPL2_Evo1_AMV_SA_21m_DIA_Prot_HeLa_SUBCELL_EGF_20min_FR5_Rep2	20min	FR5	Rep2	A	2	0.00029256875859573483	0.00027127578505314887	2.71934e+07
EGFR	20200217_EXPL2_Evo1_AMV_SA_21m_DIA_Prot_HeLa_SUBCELL_EGF_20min_FR5_Rep3	20min	FR5	Rep3	C	0			
EGFR	20200217_EXPL2_Evo1_AMV_SA_21m_DIA_Prot_HeLa_SUBCELL_EGF_20min_FR5_Rep4	20min	FR5	Rep4	A	3	0.0003065603959839791	0.0012122051557525992	4.75392e+06
EGFR	20200217_EXPL2_Evo1_AMV_SA_21m_DIA_Prot_HeLa_SUBCELL_EGF_20min_FR6_Rep1	20min	FR6	Rep1	A	8	0.0003363605646882206	0.00011717148299794644	3.99543e+06
EGFR	20200217_EXPL2_Evo1_AMV_SA_21m_DIA_Prot_HeLa_SUBCELL_EGF_20min_FR6_Rep2	20min	FR6	Rep2	A	11	0.0003396739193703979	0.00010775862028822303	5.95877e+07
EGFR	20200217_EXPL2_Evo1_AMV_SA_21m_DIA_Prot_HeLa_SUBCELL_EGF_20min_FR6_Rep3	20min	FR6	Rep3	A	21	0.00030385900754481554	0.00014632719103246927	9.03966e+07
EGFR	20200217_EXPL2_Evo1_AMV_SA_21m_DIA_Prot_HeLa_SUBCELL_EGF_20min_FR6_Rep4	20min	FR6	Rep4	A	7	0.00032164683216251433	0.00013856173609383404	5.54692e+06
EGFR	20200217_EXPL2_Evo1_AMV_SA_21m_DIA_Prot_HeLa_SUBCELL_EGF_90min_FR1_Rep1	90min	FR1	Rep1	C	0			
EGFR	20200217_EXPL2_Evo1_AMV_SA_21m_DIA_Prot_HeLa_SUBCELL_EGF_90min_FR1_Rep2	90min	FR1	Rep2	C	0			
EGFR	20200217_EXPL2_Evo1_AMV_SA_21m_DIA_Prot_HeLa_SUBCELL_EGF_90min_FR1_Rep3	90min	FR1	Rep3	C	0			
EGFR	20200217_EXPL2_Evo1_AMV_SA_21m_DIA_Prot_HeLa_SUBCELL_EGF_90min_FR1_Rep4	90min	FR1	Rep4	C	0			
EGFR	20200217_EXPL2_Evo1_AMV_SA_21m_DIA_Prot_HeLa_SUBCELL_EGF_90min_FR2_Rep1	90min	FR2	Rep1	C	0			
EGFR	20200217_EXPL2_Evo1_AMV_SA_21m_DIA_Prot_HeLa_SUBCELL_EGF_90min_FR2_Rep2	90min	FR2	Rep2	C	0			
EGFR	20200217_EXPL2_Evo1_AMV_SA_21m_DIA_Prot_HeLa_SUBCELL_EGF_90min_FR2_Rep3	90min	FR2	Rep3	C	0			
EGFR	20200217_EXPL2_Evo1_AMV_SA_21m_DIA_Prot_HeLa_SUBCELL_EGF_90min_FR2_Rep4	90min	FR2	Rep4	C	0			
EGFR	20200217_EXPL2_Evo1_AMV_SA_21m_DIA_Prot_HeLa_SUBCELL_EGF_90min_FR3_Rep1	90min	FR3	Rep1	A	10	0.0002770850551314652	7.384978744084947e-07	1.39139e+07
EGFR	20200217_EXPL2_Evo1_AMV_SA_21m_DIA_Prot_HeLa_SUBCELL_EGF_90min_FR3_Rep2	90min	FR3	Rep2	A	5	0.0002789400168694556	0.00011139579146401957	8.7009e+06
EGFR	20200217_EXPL2_Evo1_AMV_SA_21m_DIA_Prot_HeLa_SUBCELL_EGF_90min_FR3_Rep3	90min	FR3	Rep3	A	5	0.00032310179085470736	9.561143815517426e-05	1.09917e+07
EGFR	20200217_EXPL2_Evo1_AMV_SA_21m_DIA_Prot_HeLa_SUBCELL_EGF_90min_FR3_Rep4	90min	FR3	Rep4	A	4	0.0003396739193703979	0.00017368649423588067	8.01683e+06
EGFR	20200217_EXPL2_Evo1_AMV_SA_21m_DIA_Prot_HeLa_SUBCELL_EGF_90min_FR4_Rep1	90min	FR4	Rep1	A	13	0.0002426006831228733	9.300595411332324e-05	5.85431e+07
EGFR	20200217_EXPL2_Evo1_AMV_SA_21m_DIA_Prot_HeLa_SUBCELL_EGF_90min_FR4_Rep2	90min	FR4	Rep2	A	14	0.0002483238058630377	8.981498353932693e-07	4.93802e+07
EGFR	20200217_EXPL2_Evo1_AMV_SA_21m_DIA_Prot_HeLa_SUBCELL_EGF_90min_FR4_Rep3	90min	FR4	Rep3	A	14	0.00027670172858051956	8.222331757679058e-07	4.89782e+07
EGFR	20200217_EXPL2_Evo1_AMV_SA_21m_DIA_Prot_HeLa_SUBCELL_EGF_90min_FR4_Rep4	90min	FR4	Rep4	A	12	0.00027517887065187097	9.026085194818734e-07	6.70549e+07
EGFR	20200217_EXPL2_Evo1_AMV_SA_21m_DIA_Prot_HeLa_SUBCELL_EGF_90min_FR5_Rep1	90min	FR5	Rep1	B	1	0.02005251869559288	0.00230617169290781	
EGFR	20200217_EXPL2_Evo1_AMV_SA_21m_DIA_Prot_HeLa_SUBCELL_EGF_90min_FR5_Rep2	90min	FR5	Rep2	A	1	0.002116402145475149	0.0004084815736860037	3.03541e+06
EGFR	20200217_EXPL2_Evo1_AMV_SA_21m_DIA_Prot_HeLa_SUBCELL_EGF_90min_FR5_Rep3	90min	FR5	Rep3	A	2	0.00028826750349253416	0.00019986409461125731	2.16972e+06
EGFR	20200217_EXPL2_Evo1_AMV_SA_21m_DIA_Prot_HeLa_SUBCELL_EGF_90min_FR5_Rep4	90min	FR5	Rep4	A	2	0.003567788051441312	0.0022614202462136745	7.19605e+06
EGFR	20200217_EXPL2_Evo1_AMV_SA_21m_DIA_Prot_HeLa_SUBCELL_EGF_90min_FR6_Rep1	90min	FR6	Rep1	A	5	0.00030395135399885476	0.00011951714986935258	3.31237e+06
EGFR	20200217_EXPL2_Evo1_AMV_SA_21m_DIA_Prot_HeLa_SUBCELL_EGF_90min_FR6_Rep2	90min	FR6	Rep2	A	5	0.00030959752621129155	1.1029615052393638e-06	5.59525e+06
EGFR	20200217_EXPL2_Evo1_AMV_SA_21m_DIA_Prot_HeLa_SUBCELL_EGF_90min_FR6_Rep3	90min	FR6	Rep3	A	8	0.0003061849274672568	0.00011263163469266146	5.77426e+06
EGFR	20200217_EXPL2_Evo1_AMV_SA_21m_DIA_Prot_HeLa_SUBCELL_EGF_90min_FR6_Rep4	90min	FR6	Rep4	A	3	0.00031735957600176334	0.0001849910622695461	3.56362e+06
