run	fraction	timepoint	rep	q025_log2	shiftedImpVal_log2	n_values_used	n_detQuant_cells
20200217_EXPL2_Evo1_AMV_SA_21m_DIA_Prot_HeLa_SUBCELL_EGF_2min_FR1_Rep1	FR1	2min	Rep1	19.9536948723668	19.9536948723668	3794	78
20200217_EXPL2_Evo1_AMV_SA_21m_DIA_Prot_HeLa_SUBCELL_EGF_2min_FR1_Rep2	FR1	2min	Rep2	19.8199118040033	19.8199118040033	3794	78
20200217_EXPL2_Evo1_AMV_SA_21m_DIA_Prot_HeLa_SUBCELL_EGF_2min_FR1_Rep3	FR1	2min	Rep3	19.9381699579309	19.9381699579309	3794	78
20200217_EXPL2_Evo1_AMV_SA_21m_DIA_Prot_HeLa_SUBCELL_EGF_2min_FR1_Rep4	FR1	2min	Rep4	19.8436222208322	19.8436222208322	3794	78
20200217_EXPL2_Evo1_AMV_SA_21m_DIA_Prot_HeLa_SUBCELL_EGF_8min_FR1_Rep1	FR1	8min	Rep1	19.983060719209	19.983060719209	3798	74
20200217_EXPL2_Evo1_AMV_SA_21m_DIA_Prot_HeLa_SUBCELL_EGF_8min_FR1_Rep2	FR1	8min	Rep2	19.878937809579	19.878937809579	3798	74
20200217_EXPL2_Evo1_AMV_SA_21m_DIA_Prot_HeLa_SUBCELL_EGF_8min_FR1_Rep3	FR1	8min	Rep3	19.8948717295513	19.8948717295513	3798	74
20200217_EXPL2_Evo1_AMV_SA_21m_DIA_Prot_HeLa_SUBCELL_EGF_8min_FR1_Rep4	FR1	8min	Rep4	19.8926544801226	19.8926544801226	3798	74
20200217_EXPL2_Evo1_AMV_SA_21m_DIA_Prot_HeLa_SUBCELL_EGF_20min_FR1_Rep1	FR1	20min	Rep1	20.0003269401541	20.0003269401541	3804	68
20200217_EXPL2_Evo1_AMV_SA_21m_DIA_Prot_HeLa_SUBCELL_EGF_20min_FR1_Rep2	FR1	20min	Rep2	20.0028627630037	20.0028627630037	3804	68
20200217_EXPL2_Evo1_AMV_SA_21m_DIA_Prot_HeLa_SUBCELL_EGF_20min_FR1_Rep3	FR1	20min	Rep3	19.9272171853572	19.9272171853572	3804	68
20200217_EXPL2_Evo1_AMV_SA_21m_DIA_Prot_HeLa_SUBCELL_EGF_20min_FR1_Rep4	FR1	20min	Rep4	19.9752918043846	19.9752918043846	3804	68
20200217_EXPL2_Evo1_AMV_SA_21m_DIA_Prot_HeLa_SUBCELL_EGF_90min_FR1_Rep1	FR1	90min	Rep1	19.9121443656948	19.9121443656948	3808	64
20200217_EXPL2_Evo1_AMV_SA_21m_DIA_Prot_HeLa_SUBCELL_EGF_90min_FR1_Rep2	FR1	90min	Rep2	19.9962169642604	19.9962169642604	3808	64
20200217_EXPL2_Evo1_AMV_SA_21m_DIA_Prot_HeLa_SUBCELL_EGF_90min_FR1_Rep3	FR1	90min	Rep3	20.2260330918974	20.2260330918974	3808	64
20200217_EXPL2_Evo1_AMV_SA_21m_DIA_Prot_HeLa_SUBCELL_EGF_90min_FR1_Rep4	FR1	90min	Rep4	19.9247158234832	19.9247158234832	3808	64
20200217_EXPL2_Evo1_AMV_SA_21m_DIA_Prot_HeLa_SUBCELL_EGF_CTRL_FR1_Rep1	FR1	CTRL	Rep1	19.8854993129709	19.8854993129709	3806	66
20200217_EXPL2_Evo1_AMV_SA_21m_DIA_Prot_HeLa_SUBCELL_EGF_CTRL_FR1_Rep2	FR1	CTRL	Rep2	19.9409606492062	19.9409606492062	3806	66
20200217_EXPL2_Evo1_AMV_SA_21m_DIA_Prot_HeLa_SUBCELL_EGF_CTRL_FR1_Rep3	FR1	CTRL	Rep3	19.7804209601407	19.7804209601407	3806	66
20200217_EXPL2_Evo1_AMV_SA_21m_DIA_Prot_HeLa_SUBCELL_EGF_CTRL_FR1_Rep4	FR1	CTRL	Rep4	19.8427109327396	19.8427109327396	3806	66
20200217_EXPL2_Evo1_AMV_SA_21m_DIA_Prot_HeLa_SUBCELL_EGF_2min_FR2_Rep1	FR2	2min	Rep1	20.0688974348446	20.0688974348446	4393	92
20200217_EXPL2_Evo1_AMV_SA_21m_DIA_Prot_HeLa_SUBCELL_EGF_2min_FR2_Rep2	FR2	2min	Rep2	19.8333607053519	19.8333607053519	4393	92
20200217_EXPL2_Evo1_AMV_SA_21m_DIA_Prot_HeLa_SUBCELL_EGF_2min_FR2_Rep3	FR2	2min	Rep3	19.8733782984165	19.8733782984165	4393	92
20200217_EXPL2_Evo1_AMV_SA_21m_DIA_Prot_HeLa_SUBCELL_EGF_2min_FR2_Rep4	FR2	2min	Rep4	20.0672875339148	20.0672875339148	4393	92
20200217_EXPL2_Evo1_AMV_SA_21m_DIA_Prot_HeLa_SUBCELL_EGF_8min_FR2_Rep1	FR2	8min	Rep1	20.0784021471754	20.0784021471754	4335	150
20200217_EXPL2_Evo1_AMV_SA_21m_DIA_Prot_HeLa_SUBCELL_EGF_8min_FR2_Rep2	FR2	8min	Rep2	19.9599887963481	19.9599887963481	4335	150
20200217_EXPL2_Evo1_AMV_SA_21m_DIA_Prot_HeLa_SUBCELL_EGF_8min_FR2_Rep3	FR2	8min	Rep3	20.0629260394435	20.0629260394435	4335	150
20200217_EXPL2_Evo1_AMV_SA_21m_DIA_Prot_HeLa_SUBCELL_EGF_8min_FR2_Rep4	FR2	8min	Rep4	20.0422586109649	20.0422586109649	4335	150
20200217_EXPL2_Evo1_AMV_SA_21m_DIA_Prot_HeLa_SUBCELL_EGF_20min_FR2_Rep1	FR2	20min	Rep1	19.9604127723775	19.9604127723775	4396	89
20200217_EXPL2_Evo1_AMV_SA_21m_DIA_Prot_HeLa_SUBCELL_EGF_20min_FR2_Rep2	FR2	20min	Rep2	20.0161876959676	20.0161876959676	4396	89
20200217_EXPL2_Evo1_AMV_SA_21m_DIA_Prot_HeLa_SUBCELL_EGF_20min_FR2_Rep3	FR2	20min	Rep3	19.8719136300404	19.8719136300404	4396	89
20200217_EXPL2_Evo1_AMV_SA_21m_DIA_Prot_HeLa_SUBCELL_EGF_20min_FR2_Rep4	FR2	20min	Rep4	19.9843567976037	19.9843567976037	4396	89
20200217_EXPL2_Evo1_AMV_SA_21m_DIA_Prot_HeLa_SUBCELL_EGF_90min_FR2_Rep1	FR2	90min	Rep1	19.976822706212	19.976822706212	4357	128
20200217_EXPL2_Evo1_AMV_SA_21m_DIA_Prot_HeLa_SUBCELL_EGF_90min_FR2_Rep2	FR2	90min	Rep2	19.5997499227686	19.5997499227686	4357	128
20200217_EXPL2_Evo1_AMV_SA_21m_DIA_Prot_HeLa_SUBCELL_EGF_90min_FR2_Rep3	FR2	90min	Rep3	20.1276564320346	20.1276564320346	4357	128
20200217_EXPL2_Evo1_AMV_SA_21m_DIA_Prot_HeLa_SUBCELL_EGF_90min_FR2_Rep4	FR2	90min	Rep4	19.9793805647804	19.9793805647804	4357	128
20200217_EXPL2_Evo1_AMV_SA_21m_DIA_Prot_HeLa_SUBCELL_EGF_CTRL_FR2_Rep1	FR2	CTRL	Rep1	19.8523956659657	19.8523956659657	4434	51
20200217_EXPL2_Evo1_AMV_SA_21m_DIA_Prot_HeLa_SUBCELL_EGF_CTRL_FR2_Rep2	FR2	CTRL	Rep2	19.8711050375191	19.8711050375191	4434	51
20200217_EXPL2_Evo1_AMV_SA_21m_DIA_Prot_HeLa_SUBCELL_EGF_CTRL_FR2_Rep3	FR2	CTRL	Rep3	20.0816305233291	20.0816305233291	4434	51
20200217_EXPL2_Evo1_AMV_SA_21m_DIA_Prot_HeLa_SUBCELL_EGF_CTRL_FR2_Rep4	FR2	CTRL	Rep4	19.9854670919009	19.9854670919009	4434	51
20200217_EXPL2_Evo1_AMV_SA_21m_DIA_Prot_HeLa_SUBCELL_EGF_2min_FR3_Rep1	FR3	2min	Rep1	19.1596266908169	19.1596266908169	3863	178
20200217_EXPL2_Evo1_AMV_SA_21m_DIA_Prot_HeLa_SUBCELL_EGF_2min_FR3_Rep2	FR3	2min	Rep2	19.0509719307007	19.0509719307007	3863	178
20200217_EXPL2_Evo1_AMV_SA_21m_DIA_Prot_HeLa_SUBCELL_EGF_2min_FR3_Rep3	FR3	2min	Rep3	19.2140236576551	19.2140236576551	3863	178
20200217_EXPL2_Evo1_AMV_SA_21m_DIA_Prot_HeLa_SUBCELL_EGF_2min_FR3_Rep4	FR3	2min	Rep4	19.2185212781473	19.2185212781473	3863	178
20200217_EXPL2_Evo1_AMV_SA_21m_DIA_Prot_HeLa_SUBCELL_EGF_8min_FR3_Rep1	FR3	8min	Rep1	19.4765436156357	19.4765436156357	3733	308
20200217_EXPL2_Evo1_AMV_SA_21m_DIA_Prot_HeLa_SUBCELL_EGF_8min_FR3_Rep2	FR3	8min	Rep2	19.369183436521	19.369183436521	3733	308
20200217_EXPL2_Evo1_AMV_SA_21m_DIA_Prot_HeLa_SUBCELL_EGF_8min_FR3_Rep3	FR3	8min	Rep3	19.4202682156819	19.4202682156819	3733	308
20200217_EXPL2_Evo1_AMV_SA_21m_DIA_Prot_HeLa_SUBCELL_EGF_8min_FR3_Rep4	FR3	8min	Rep4	19.4757939288194	19.4757939288194	3733	308
20200217_EXPL2_Evo1_AMV_SA_21m_DIA_Prot_HeLa_SUBCELL_EGF_20min_FR3_Rep1	FR3	20min	Rep1	19.2030866938851	19.2030866938851	3930	111
20200217_EXPL2_Evo1_AMV_SA_21m_DIA_Prot_HeLa_SUBCELL_EGF_20min_FR3_Rep2	FR3	20min	Rep2	19.2392646833682	19.2392646833682	3930	111
20200217_EXPL2_Evo1_AMV_SA_21m_DIA_Prot_HeLa_SUBCELL_EGF_20min_FR3_Rep3	FR3	20min	Rep3	18.9934814091745	18.9934814091745	3930	111
20200217_EXPL2_Evo1_AMV_SA_21m_DIA_Prot_HeLa_SUBCELL_EGF_20min_FR3_Rep4	FR3	20min	Rep4	19.2340851861699	19.2340851861699	3930	111
20200217_EXPL2_Evo1_AMV_SA_21m_DIA_Prot_HeLa_SUBCELL_EGF_90min_FR3_Rep1	FR3	90min	Rep1	19.1252884072894	19.1252884072894	3983	58
20200217_EXPL2_Evo1_AMV_SA_21m_DIA_Prot_HeLa_SUBCELL_EGF_90min_FR3_Rep2	FR3	90min	Rep2	18.8972325162432	18.8972325162432	3983	58
20200217_EXPL2_Evo1_AMV_SA_21m_DIA_Prot_HeLa_SUBCELL_EGF_90min_FR3_Rep3	FR3	90min	Rep3	19.2117189915639	19.2117189915639	3983	58
20200217_EXPL2_Evo1_AMV_SA_21m_DIA_Prot_HeLa_SUBCELL_EGF_90min_FR3_Rep4	FR3	90min	Rep4	19.1264754476514	19.1264754476514	3983	58
20200217_EXPL2_Evo1_AMV_SA_21m_DIA_Prot_HeLa_SUBCELL_EGF_CTRL_FR3_Rep1	FR3	CTRL	Rep1	19.029254239621	19.029254239621	4014	27
20200217_EXPL2_Evo1_AMV_SA_21m_DIA_Prot_HeLa_SUBCELL_EGF_CTRL_FR3_Rep2	FR3	CTRL	Rep2	18.8947199126327	18.8947199126327	4014	27
20200217_EXPL2_Evo1_AMV_SA_21m_DIA_Prot_HeLa_SUBCELL_EGF_CTRL_FR3_Rep3	FR3	CTRL	Rep3	19.2099271574195	19.2099271574195	4014	27
20200217_EXPL2_Evo1_AMV_SA_21m_DIA_Prot_HeLa_SUBCELL_EGF_CTRL_FR3_Rep4	FR3	CTRL	Rep4	18.2213548617306	18.2213548617306	4014	27
20200217_EXPL2_Evo1_AMV_SA_21m_DIA_Prot_HeLa_SUBCELL_EGF_2min_FR4_Rep1	FR4	2min	Rep1	19.8792733682004	19.8792733682004	4507	105
20200217_EXPL2_Evo1_AMV_SA_21m_DIA_Prot_HeLa_SUBCELL_EGF_2min_FR4_Rep2	FR4	2min	Rep2	19.7833723151061	19.7833723151061	4507	105
20200217_EXPL2_Evo1_AMV_SA_21m_DIA_Prot_HeLa_SUBCELL_EGF_2min_FR4_Rep3	FR4	2min	Rep3	19.819956552064	19.819956552064	4507	105
20200217_EXPL2_Evo1_AMV_SA_21m_DIA_Prot_HeLa_SUBCELL_EGF_2min_FR4_Rep4	FR4	2min	Rep4	19.7563920298924	19.7563920298924	4507	105
20200217_EXPL2_Evo1_AMV_SA_21m_DIA_Prot_HeLa_SUBCELL_EGF_8min_FR4_Rep1	FR4	8min	Rep1	19.8293733945701	19.8293733945701	4486	126
20200217_EXPL2_Evo1_AMV_SA_21m_DIA_Prot_HeLa_SUBCELL_EGF_8min_FR4_Rep2	FR4	8min	Rep2	19.9437762536038	19.9437762536038	4486	126
20200217_EXPL2_Evo1_AMV_SA_21m_DIA_Prot_HeLa_SUBCELL_EGF_8min_FR4_Rep3	FR4	8min	Rep3	19.9318969986602	19.9318969986602	4486	126
20200217_EXPL2_Evo1_AMV_SA_21m_DIA_Prot_HeLa_SUBCELL_EGF_8min_FR4_Rep4	FR4	8min	Rep4	19.9381977359522	19.9381977359522	4486	126
20200217_EXPL2_Evo1_AMV_SA_21m_DIA_Prot_HeLa_SUBCELL_EGF_20min_FR4_Rep1	FR4	20min	Rep1	19.9450926192481	19.9450926192481	4503	109
20200217_EXPL2_Evo1_AMV_SA_21m_DIA_Prot_HeLa_SUBCELL_EGF_20min_FR4_Rep2	FR4	20min	Rep2	19.7685077157144	19.7685077157144	4503	109
20200217_EXPL2_Evo1_AMV_SA_21m_DIA_Prot_HeLa_SUBCELL_EGF_20min_FR4_Rep3	FR4	20min	Rep3	19.7121650122543	19.7121650122543	4503	109
20200217_EXPL2_Evo1_AMV_SA_21m_DIA_Prot_HeLa_SUBCELL_EGF_20min_FR4_Rep4	FR4	20min	Rep4	19.8350166655002	19.8350166655002	4503	109
20200217_EXPL2_Evo1_AMV_SA_21m_DIA_Prot_HeLa_SUBCELL_EGF_90min_FR4_Rep1	FR4	90min	Rep1	19.5714581278617	19.5714581278617	4569	43
20200217_EXPL2_Evo1_AMV_SA_21m_DIA_Prot_HeLa_SUBCELL_EGF_90min_FR4_Rep2	FR4	90min	Rep2	19.8387446993329	19.8387446993329	4569	43
20200217_EXPL2_Evo1_AMV_SA_21m_DIA_Prot_HeLa_SUBCELL_EGF_90min_FR4_Rep3	FR4	90min	Rep3	19.9500079732857	19.9500079732857	4569	43
20200217_EXPL2_Evo1_AMV_SA_21m_DIA_Prot_HeLa_SUBCELL_EGF_90min_FR4_Rep4	FR4	90min	Rep4	19.8461747400598	19.8461747400598	4569	43
20200217_EXPL2_Evo1_AMV_SA_21m_DIA_Prot_HeLa_SUBCELL_EGF_CTRL_FR4_Rep1	FR4	CTRL	Rep1	19.6457196245298	19.6457196245298	4576	36
20200217_EXPL2_Evo1_AMV_SA_21m_DIA_Prot_HeLa_SUBCELL_EGF_CTRL_FR4_Rep2	FR4	CTRL	Rep2	19.7230284986427	19.7230284986427	4576	36
20200217_EXPL2_Evo1_AMV_SA_21m_DIA_Prot_HeLa_SUBCELL_EGF_CTRL_FR4_Rep3	FR4	CTRL	Rep3	19.8061814937407	19.8061814937407	4576	36
20200217_EXPL2_Evo1_AMV_SA_21m_DIA_Prot_HeLa_SUBCELL_EGF_CTRL_FR4_Rep4	FR4	CTRL	Rep4	19.0202239716232	19.0202239716232	4576	36
20200217_EXPL2_Evo1_AMV_SA_21m_DIA_Prot_HeLa_SUBCELL_EGF_2min_FR5_Rep1	FR5	2min	Rep1	19.4782337420161	19.4782337420161	3933	131
20200217_EXPL2_Evo1_AMV_SA_21m_DIA_Prot_HeLa_SUBCELL_EGF_2min_FR5_Rep2	FR5	2min	Rep2	19.6962015292498	19.6962015292498	3933	131
20200217_EXPL2_Evo1_AMV_SA_21m_DIA_Prot_HeLa_SUBCELL_EGF_2min_FR5_Rep3	FR5	2min	Rep3	19.7875704116281	19.7875704116281	3933	131
20200217_EXPL2_Evo1_AMV_SA_21m_DIA_Prot_HeLa_SUBCELL_EGF_2min_FR5_Rep4	FR5	2min	Rep4	19.7996527552683	19.7996527552683	3933	131
20200217_EXPL2_Evo1_AMV_SA_21m_DIA_Prot_HeLa_SUBCELL_EGF_8min_FR5_Rep1	FR5	8min	Rep1	19.8254074729732	19.8254074729732	3937	127
20200217_EXPL2_Evo1_AMV_SA_21m_DIA_Prot_HeLa_SUBCELL_EGF_8min_FR5_Rep2	FR5	8min	Rep2	19.6980599215705	19.6980599215705	3937	127
20200217_EXPL2_Evo1_AMV_SA_21m_DIA_Prot_HeLa_SUBCELL_EGF_8min_FR5_Rep3	FR5	8min	Rep3	19.7878933697408	19.7878933697408	3937	127
20200217_EXPL2_Evo1_AMV_SA_21m_DIA_Prot_HeLa_SUBCELL_EGF_8min_FR5_Rep4	FR5	8min	Rep4	19.6149204723319	19.6149204723319	3937	127
20200217_EXPL2_Evo1_AMV_SA_21m_DIA_Prot_HeLa_SUBCELL_EGF_20min_FR5_Rep1	FR5	20min	Rep1	19.7508321046771	19.7508321046771	3912	152
20200217_EXPL2_Evo1_AMV_SA_21m_DIA_Prot_HeLa_SUBCELL_EGF_20min_FR5_Rep2	FR5	20min	Rep2	19.6899286153843	19.6899286153843	3912	152
20200217_EXPL2_Evo1_AMV_SA_21m_DIA_Prot_HeLa_SUBCELL_EGF_20min_FR5_Rep3	FR5	20min	Rep3	19.790395000248	19.790395000248	3912	152
20200217_EXPL2_Evo1_AMV_SA_21m_DIA_Prot_HeLa_SUBCELL_EGF_20min_FR5_Rep4	FR5	20min	Rep4	19.7863940317072	19.7863940317072	3912	152
20200217_EXPL2_Evo1_AMV_SA_21m_DIA_Prot_HeLa_SUBCELL_EGF_90min_FR5_Rep1	FR5	90min	Rep1	19.5970242586013	19.5970242586013	4020	44
20200217_EXPL2_Evo1_AMV_SA_21m_DIA_Prot_HeLa_SUBCELL_EGF_90min_FR5_Rep2	FR5	90min	Rep2	19.4845225576413	19.4845225576413	4020	44
20200217_EXPL2_Evo1_AMV_SA_21m_DIA_Prot_HeLa_SUBCELL_EGF_90min_FR5_Rep3	FR5	90min	Rep3	19.6824302547556	19.6824302547556	4020	44
20200217_EXPL2_Evo1_AMV_SA_21m_DIA_Prot_HeLa_SUBCELL_EGF_90min_FR5_Rep4	FR5	90min	Rep4	19.5181954577302	19.5181954577302	4020	44
20200217_EXPL2_Evo1_AMV_SA_21m_DIA_Prot_HeLa_SUBCELL_EGF_CTRL_FR5_Rep1	FR5	CTRL	Rep1	19.6357501693245	19.6357501693245	4036	28
20200217_EXPL2_Evo1_AMV_SA_21m_DIA_Prot_HeLa_SUBCELL_EGF_CTRL_FR5_Rep2	FR5	CTRL	Rep2	19.5540875660178	19.5540875660178	4036	28
20200217_EXPL2_Evo1_AMV_SA_21m_DIA_Prot_HeLa_SUBCELL_EGF_CTRL_FR5_Rep3	FR5	CTRL	Rep3	19.6225862084639	19.6225862084639	4036	28
20200217_EXPL2_Evo1_AMV_SA_21m_DIA_Prot_HeLa_SUBCELL_EGF_CTRL_FR5_Rep4	FR5	CTRL	Rep4	18.7378755928729	18.7378755928729	4036	28
20200217_EXPL2_Evo1_AMV_SA_21m_DIA_Prot_HeLa_SUBCELL_EGF_2min_FR6_Rep1	FR6	2min	Rep1	19.2046552769688	19.2046552769688	4154	53
20200217_EXPL2_Evo1_AMV_SA_21m_DIA_Prot_HeLa_SUBCELL_EGF_2min_FR6_Rep2	FR6	2min	Rep2	19.0514161059214	19.0514161059214	4154	53
20200217_EXPL2_Evo1_AMV_SA_21m_DIA_Prot_HeLa_SUBCELL_EGF_2min_FR6_Rep3	FR6	2min	Rep3	19.1771092004852	19.1771092004852	4154	53
20200217_EXPL2_Evo1_AMV_SA_21m_DIA_Prot_HeLa_SUBCELL_EGF_2min_FR6_Rep4	FR6	2min	Rep4	19.1034805940077	19.1034805940077	4154	53
20200217_EXPL2_Evo1_AMV_SA_21m_DIA_Prot_HeLa_SUBCELL_EGF_8min_FR6_Rep1	FR6	8min	Rep1	19.3101092549372	19.3101092549372	4030	177
20200217_EXPL2_Evo1_AMV_SA_21m_DIA_Prot_HeLa_SUBCELL_EGF_8min_FR6_Rep2	FR6	8min	Rep2	19.248000984635	19.248000984635	4030	177
20200217_EXPL2_Evo1_AMV_SA_21m_DIA_Prot_HeLa_SUBCELL_EGF_8min_FR6_Rep3	FR6	8min	Rep3	19.3173323437139	19.3173323437139	4030	177
20200217_EXPL2_Evo1_AMV_SA_21m_DIA_Prot_HeLa_SUBCELL_EGF_8min_FR6_Rep4	FR6	8min	Rep4	19.3127163306967	19.3127163306967	4030	177
20200217_EXPL2_Evo1_AMV_SA_21m_DIA_Prot_HeLa_SUBCELL_EGF_20min_FR6_Rep1	FR6	20min	Rep1	19.2744646726806	19.2744646726806	4078	129
20200217_EXPL2_Evo1_AMV_SA_21m_DIA_Prot_HeLa_SUBCELL_EGF_20min_FR6_Rep2	FR6	20min	Rep2	19.2082771341069	19.2082771341069	4078	129
20200217_EXPL2_Evo1_AMV_SA_21m_DIA_Prot_HeLa_SUBCELL_EGF_20min_FR6_Rep3	FR6	20min	Rep3	19.1145440572078	19.1145440572078	4078	129
20200217_EXPL2_Evo1_AMV_SA_21m_DIA_Prot_HeLa_SUBCELL_EGF_20min_FR6_Rep4	FR6	20min	Rep4	19.2818041876442	19.2818041876442	4078	129
20200217_EXPL2_Evo1_AMV_SA_21m_DIA_Prot_HeLa_SUBCELL_EGF_90min_FR6_Rep1	FR6	90min	Rep1	19.1420999365182	19.1420999365182	4099	108
20200217_EXPL2_Evo1_AMV_SA_21m_DIA_Prot_HeLa_SUBCELL_EGF_90min_FR6_Rep2	FR6	90min	Rep2	19.3230576136962	19.3230576136962	4099	108
20200217_EXPL2_Evo1_AMV_SA_21m_DIA_Prot_HeLa_SUBCELL_EGF_90min_FR6_Rep3	FR6	90min	Rep3	19.0620889657389	19.0620889657389	4099	108
20200217_EXPL2_Evo1_AMV_SA_21m_DIA_Prot_HeLa_SUBCELL_EGF_90min_FR6_Rep4	FR6	90min	Rep4	19.1473358274151	19.1473358274151	4099	108
20200217_EXPL2_Evo1_AMV_SA_21m_DIA_Prot_HeLa_SUBCELL_EGF_CTRL_FR6_Rep1	FR6	CTRL	Rep1	19.1953840444163	19.1953840444163	4156	51
20200217_EXPL2_Evo1_AMV_SA_21m_DIA_Prot_HeLa_SUBCELL_EGF_CTRL_FR6_Rep2	FR6	CTRL	Rep2	19.0874763768826	19.0874763768826	4156	51
20200217_EXPL2_Evo1_AMV_SA_21m_DIA_Prot_HeLa_SUBCELL_EGF_CTRL_FR6_Rep3	FR6	CTRL	Rep3	19.3121331982648	19.3121331982648	4156	51
20200217_EXPL2_Evo1_AMV_SA_21m_DIA_Prot_HeLa_SUBCELL_EGF_CTRL_FR6_Rep4	FR6	CTRL	Rep4	18.5623632606954	18.5623632606954	4156	51
