gene	timepoint	MS_author_pipeline	MS_gate1_raw	MS_gate1_centered	MS_perrep_mean_gate1_raw	n_obs_cells_tp	n_obs_cells_ctrl	n_imputed_cells_tp	n_imputed_cells_ctrl
GRB2	2min					18	16	2	4
GRB2	8min		0.129841257064	0.128771752255		19	16	1	4
GRB2	20min					18	16	2	4
GRB2	90min					17	16	3	4
SHC1	2min	0.086321614947651	0.0980988390288	0.101262434532	0.0909613401814	24	21	0	3
SHC1	8min	0.0848412344301492	0.088291979737	0.095128905134	0.052440299875	24	21	0	3
SHC1	20min	0.049025348786022	0.0542636460839	0.0679162024399	0.0469124794316	24	21	0	3
SHC1	90min	0.0153809359932689	0.0288374942181	0.0370598532497		22	21	2	3
CBL	2min					12	13	8	7
CBL	8min					13	13	7	7
CBL	20min					11	13	9	7
CBL	90min					7	13	13	7
EGFR	2min		无	无	无	15	15	1	1
EGFR	8min		无	无	无	16	15	0	1
EGFR	20min		无	无	无	15	15	1	1
EGFR	90min		无	无	无	15	15	1	1
