gene	timepoint	rep	fraction	value_log2_final	source
GRB2	CTRL	Rep1	FR1	25.4328864704863	observed
GRB2	CTRL	Rep2	FR1	25.1317609397246	observed
GRB2	CTRL	Rep3	FR1	25.4891283476457	observed
GRB2	CTRL	Rep4	FR1	25.3959503701356	observed
GRB2	CTRL	Rep1	FR2	24.6808578363655	observed
GRB2	CTRL	Rep2	FR2	24.5423184798039	observed
GRB2	CTRL	Rep3	FR2	24.6971477992382	observed
GRB2	CTRL	Rep4	FR2	24.9352471460784	observed
GRB2	CTRL	Rep1	FR3	22.6796847263721	observed
GRB2	CTRL	Rep2	FR3	22.6260409816427	observed
GRB2	CTRL	Rep3	FR3	22.4456474796539	observed
GRB2	CTRL	Rep4	FR3	23.6352218465629	observed
GRB2	CTRL	Rep1	FR4	22.6274274992055	observed
GRB2	CTRL	Rep2	FR4	21.5738852676368	observed
GRB2	CTRL	Rep3	FR4	21.8955177283626	KNN
GRB2	CTRL	Rep4	FR4	25.3229042890934	observed
GRB2	CTRL	Rep1	FR5		filtered_out
GRB2	CTRL	Rep2	FR5		filtered_out
GRB2	CTRL	Rep3	FR5		filtered_out
GRB2	CTRL	Rep4	FR5		filtered_out
GRB2	CTRL	Rep1	FR6	22.2160210244748	KNN
GRB2	CTRL	Rep2	FR6	21.4717145998507	KNN
GRB2	CTRL	Rep3	FR6	22.0423634912764	KNN
GRB2	CTRL	Rep4	FR6	21.907417590591	observed
GRB2	2min	Rep1	FR1	24.1639172588469	observed
GRB2	2min	Rep2	FR1	24.1494783017785	observed
GRB2	2min	Rep3	FR1	24.4762782729454	observed
GRB2	2min	Rep4	FR1	24.436966741524	observed
GRB2	2min	Rep1	FR2	24.303506026743	observed
GRB2	2min	Rep2	FR2	24.0965586459659	observed
GRB2	2min	Rep3	FR2	24.2508893718985	observed
GRB2	2min	Rep4	FR2	24.1784421495793	observed
GRB2	2min	Rep1	FR3	23.4226204694254	observed
GRB2	2min	Rep2	FR3	23.6692825141379	observed
GRB2	2min	Rep3	FR3	23.5834145433733	observed
GRB2	2min	Rep4	FR3	23.2967484096776	observed
GRB2	2min	Rep1	FR4	26.2348422572814	observed
GRB2	2min	Rep2	FR4	26.1279641952898	observed
GRB2	2min	Rep3	FR4	25.8507737234931	observed
GRB2	2min	Rep4	FR4	25.5868584432224	observed
GRB2	2min	Rep1	FR5		filtered_out
GRB2	2min	Rep2	FR5		filtered_out
GRB2	2min	Rep3	FR5		filtered_out
GRB2	2min	Rep4	FR5		filtered_out
GRB2	2min	Rep1	FR6	21.2564650612123	KNN
GRB2	2min	Rep2	FR6	21.5448847269441	KNN
GRB2	2min	Rep3	FR6	22.0568630194689	observed
GRB2	2min	Rep4	FR6	21.9104598675403	observed
GRB2	8min	Rep1	FR1	24.4937296232568	observed
GRB2	8min	Rep2	FR1	23.8692185484788	observed
GRB2	8min	Rep3	FR1	24.1434494619198	observed
GRB2	8min	Rep4	FR1	24.1141508196723	observed
GRB2	8min	Rep1	FR2	23.8679007758749	observed
GRB2	8min	Rep2	FR2	24.3765141408656	observed
GRB2	8min	Rep3	FR2	24.0836796994183	observed
GRB2	8min	Rep4	FR2	24.6320367856586	observed
GRB2	8min	Rep1	FR3	23.0042672052285	observed
GRB2	8min	Rep2	FR3	23.4151425484213	observed
GRB2	8min	Rep3	FR3	23.7454763758019	observed
GRB2	8min	Rep4	FR3	24.515109577741	observed
GRB2	8min	Rep1	FR4	26.1250034736193	observed
GRB2	8min	Rep2	FR4	25.9756228507473	observed
GRB2	8min	Rep3	FR4	26.1182782611683	observed
GRB2	8min	Rep4	FR4	25.2689720190723	observed
GRB2	8min	Rep1	FR5		filtered_out
GRB2	8min	Rep2	FR5		filtered_out
GRB2	8min	Rep3	FR5		filtered_out
GRB2	8min	Rep4	FR5		filtered_out
GRB2	8min	Rep1	FR6	22.2463960186738	observed
GRB2	8min	Rep2	FR6	22.4192659234157	KNN
GRB2	8min	Rep3	FR6	22.6400383665604	observed
GRB2	8min	Rep4	FR6	23.7649792156854	observed
GRB2	20min	Rep1	FR1	24.2294209431391	observed
GRB2	20min	Rep2	FR1	24.6594671499471	observed
GRB2	20min	Rep3	FR1	24.5860267874048	observed
GRB2	20min	Rep4	FR1	24.5899737103681	observed
GRB2	20min	Rep1	FR2	23.9328344361887	observed
GRB2	20min	Rep2	FR2	23.7569635255758	observed
GRB2	20min	Rep3	FR2	24.1669019710389	observed
GRB2	20min	Rep4	FR2	24.0553353534928	observed
GRB2	20min	Rep1	FR3	23.5004866647941	observed
GRB2	20min	Rep2	FR3	24.0827852472632	observed
GRB2	20min	Rep3	FR3	25.0681788402403	observed
GRB2	20min	Rep4	FR3	23.0595166178412	observed
GRB2	20min	Rep1	FR4	25.4189794125983	observed
GRB2	20min	Rep2	FR4	25.1577242710309	observed
GRB2	20min	Rep3	FR4	24.0328564814845	observed
GRB2	20min	Rep4	FR4	24.9210671258865	observed
GRB2	20min	Rep1	FR5		filtered_out
GRB2	20min	Rep2	FR5		filtered_out
GRB2	20min	Rep3	FR5		filtered_out
GRB2	20min	Rep4	FR5		filtered_out
GRB2	20min	Rep1	FR6	21.6951179357609	KNN
GRB2	20min	Rep2	FR6	22.3592107185701	observed
GRB2	20min	Rep3	FR6	23.7214721812611	observed
GRB2	20min	Rep4	FR6	21.6188731721037	KNN
GRB2	90min	Rep1	FR1	25.3449950795217	observed
GRB2	90min	Rep2	FR1	24.8450612419713	observed
GRB2	90min	Rep3	FR1	24.9338951609649	observed
GRB2	90min	Rep4	FR1	24.5717002055554	observed
GRB2	90min	Rep1	FR2	23.928096331446	observed
GRB2	90min	Rep2	FR2	24.4261129016244	observed
GRB2	90min	Rep3	FR2	24.033581152336	observed
GRB2	90min	Rep4	FR2	23.9697031392647	observed
GRB2	90min	Rep1	FR3	22.6305937006745	observed
GRB2	90min	Rep2	FR3	22.6881346070214	observed
GRB2	90min	Rep3	FR3	22.2180672933913	observed
GRB2	90min	Rep4	FR3	22.6974185463263	observed
GRB2	90min	Rep1	FR4	23.7058575129288	observed
GRB2	90min	Rep2	FR4	24.1310759211324	observed
GRB2	90min	Rep3	FR4	23.9764246147377	observed
GRB2	90min	Rep4	FR4	23.2942879699652	observed
GRB2	90min	Rep1	FR5		filtered_out
GRB2	90min	Rep2	FR5		filtered_out
GRB2	90min	Rep3	FR5		filtered_out
GRB2	90min	Rep4	FR5		filtered_out
GRB2	90min	Rep1	FR6	21.5780026090048	KNN
GRB2	90min	Rep2	FR6	20.9911057474121	KNN
GRB2	90min	Rep3	FR6	21.0557313754752	observed
GRB2	90min	Rep4	FR6	21.3910450085179	KNN
SHC1	CTRL	Rep1	FR1	25.7559749463054	observed
SHC1	CTRL	Rep2	FR1	24.9985253298357	observed
SHC1	CTRL	Rep3	FR1	25.3307830390617	observed
SHC1	CTRL	Rep4	FR1	25.5024556644306	observed
SHC1	CTRL	Rep1	FR2	23.3020767704144	observed
SHC1	CTRL	Rep2	FR2	23.3303132031839	observed
SHC1	CTRL	Rep3	FR2	23.3690463707496	observed
SHC1	CTRL	Rep4	FR2	23.1950217358294	observed
SHC1	CTRL	Rep1	FR3	21.0047666801048	observed
SHC1	CTRL	Rep2	FR3	20.9872506924531	observed
SHC1	CTRL	Rep3	FR3	22.978859835143	observed
SHC1	CTRL	Rep4	FR3	21.6410752029159	observed
SHC1	CTRL	Rep1	FR4	22.7691662111282	observed
SHC1	CTRL	Rep2	FR4	22.9085535547295	observed
SHC1	CTRL	Rep3	FR4	22.7153457836155	observed
SHC1	CTRL	Rep4	FR4	24.8177926238081	observed
SHC1	CTRL	Rep1	FR5	21.2553973270781	KNN
SHC1	CTRL	Rep2	FR5	20.8615352946956	KNN
SHC1	CTRL	Rep3	FR5	21.2358707009689	KNN
SHC1	CTRL	Rep4	FR5	21.7819060980486	observed
SHC1	CTRL	Rep1	FR6	20.4801019351753	observed
SHC1	CTRL	Rep2	FR6	20.7220391021118	observed
SHC1	CTRL	Rep3	FR6	19.9640473268707	observed
SHC1	CTRL	Rep4	FR6	20.3428359394575	observed
SHC1	2min	Rep1	FR1	25.0541995836466	observed
SHC1	2min	Rep2	FR1	24.6908235539914	observed
SHC1	2min	Rep3	FR1	24.4066553235921	observed
SHC1	2min	Rep4	FR1	24.4883769079643	observed
SHC1	2min	Rep1	FR2	23.3030341033347	observed
SHC1	2min	Rep2	FR2	23.1787948345508	observed
SHC1	2min	Rep3	FR2	22.6479815428013	observed
SHC1	2min	Rep4	FR2	23.4366379084366	observed
SHC1	2min	Rep1	FR3	21.3255985580173	observed
SHC1	2min	Rep2	FR3	21.829991397164	observed
SHC1	2min	Rep3	FR3	21.3496866505158	observed
SHC1	2min	Rep4	FR3	22.8047810303396	observed
SHC1	2min	Rep1	FR4	25.2668520018299	observed
SHC1	2min	Rep2	FR4	24.8479036151064	observed
SHC1	2min	Rep3	FR4	24.6548144861045	observed
SHC1	2min	Rep4	FR4	24.9207706235064	observed
SHC1	2min	Rep1	FR5	21.4178800711591	observed
SHC1	2min	Rep2	FR5	22.0601177618809	observed
SHC1	2min	Rep3	FR5	21.4050653002661	observed
SHC1	2min	Rep4	FR5	21.1978537863597	observed
SHC1	2min	Rep1	FR6	21.1830554773583	observed
SHC1	2min	Rep2	FR6	20.4920179751204	observed
SHC1	2min	Rep3	FR6	21.3173285674951	observed
SHC1	2min	Rep4	FR6	20.6515404390141	observed
SHC1	8min	Rep1	FR1	24.8108405374804	observed
SHC1	8min	Rep2	FR1	24.687330018026	observed
SHC1	8min	Rep3	FR1	24.5935445622419	observed
SHC1	8min	Rep4	FR1	24.5771097730089	observed
SHC1	8min	Rep1	FR2	23.1707800403761	observed
SHC1	8min	Rep2	FR2	21.7876996709972	observed
SHC1	8min	Rep3	FR2	23.2152144309521	observed
SHC1	8min	Rep4	FR2	23.3044094495978	observed
SHC1	8min	Rep1	FR3	21.2156778009177	observed
SHC1	8min	Rep2	FR3	21.3391953148505	observed
SHC1	8min	Rep3	FR3	22.0470596568659	observed
SHC1	8min	Rep4	FR3	22.9878928856969	observed
SHC1	8min	Rep1	FR4	24.8947607401392	observed
SHC1	8min	Rep2	FR4	24.9200450743445	observed
SHC1	8min	Rep3	FR4	24.6359528379973	observed
SHC1	8min	Rep4	FR4	24.4028736643095	observed
SHC1	8min	Rep1	FR5	21.6324389239477	observed
SHC1	8min	Rep2	FR5	21.6725573857836	observed
SHC1	8min	Rep3	FR5	21.7507224736797	observed
SHC1	8min	Rep4	FR5	21.6674605643842	observed
SHC1	8min	Rep1	FR6	21.104356456868	observed
SHC1	8min	Rep2	FR6	20.9846602339902	observed
SHC1	8min	Rep3	FR6	21.2369598203793	observed
SHC1	8min	Rep4	FR6	22.7983916365279	observed
SHC1	20min	Rep1	FR1	24.9524034262705	observed
SHC1	20min	Rep2	FR1	25.1048493133999	observed
SHC1	20min	Rep3	FR1	25.072392450368	observed
SHC1	20min	Rep4	FR1	25.0714856536471	observed
SHC1	20min	Rep1	FR2	23.1023160234474	observed
SHC1	20min	Rep2	FR2	22.9667840021651	observed
SHC1	20min	Rep3	FR2	22.9023915271249	observed
SHC1	20min	Rep4	FR2	22.6533014476935	observed
SHC1	20min	Rep1	FR3	22.1825704212956	observed
SHC1	20min	Rep2	FR3	22.5202577710459	observed
SHC1	20min	Rep3	FR3	22.0608762565245	observed
SHC1	20min	Rep4	FR3	21.0544791331753	observed
SHC1	20min	Rep1	FR4	24.0548130919474	observed
SHC1	20min	Rep2	FR4	24.5114348338206	observed
SHC1	20min	Rep3	FR4	23.7429008839202	observed
SHC1	20min	Rep4	FR4	24.1190332744923	observed
SHC1	20min	Rep1	FR5	20.8943335259549	observed
SHC1	20min	Rep2	FR5	20.8088682323314	observed
SHC1	20min	Rep3	FR5	20.8593913824508	observed
SHC1	20min	Rep4	FR5	21.529681582055	observed
SHC1	20min	Rep1	FR6	21.5881203114153	observed
SHC1	20min	Rep2	FR6	21.8943219393104	observed
SHC1	20min	Rep3	FR6	23.5685705157019	observed
SHC1	20min	Rep4	FR6	21.1874687729844	observed
SHC1	90min	Rep1	FR1	24.4975575435484	observed
SHC1	90min	Rep2	FR1	24.9346718236004	observed
SHC1	90min	Rep3	FR1	24.6458905535164	observed
SHC1	90min	Rep4	FR1	24.8959200937597	observed
SHC1	90min	Rep1	FR2	22.2108624979719	observed
SHC1	90min	Rep2	FR2	23.5591802520583	observed
SHC1	90min	Rep3	FR2	22.5997307715675	observed
SHC1	90min	Rep4	FR2	21.7341850880012	observed
SHC1	90min	Rep1	FR3	22.0509514511952	observed
SHC1	90min	Rep2	FR3	22.0902862230782	observed
SHC1	90min	Rep3	FR3	20.9499015531445	observed
SHC1	90min	Rep4	FR3	20.4408544166985	observed
SHC1	90min	Rep1	FR4	23.0661535081138	observed
SHC1	90min	Rep2	FR4	23.2476198181662	observed
SHC1	90min	Rep3	FR4	23.1888361189806	observed
SHC1	90min	Rep4	FR4	23.1259694057279	observed
SHC1	90min	Rep1	FR5	20.1751902585249	KNN
SHC1	90min	Rep2	FR5	20.687849240338	observed
SHC1	90min	Rep3	FR5	19.9152813063409	observed
SHC1	90min	Rep4	FR5	20.1269261096614	observed
SHC1	90min	Rep1	FR6	20.9791699349633	observed
SHC1	90min	Rep2	FR6	21.1692133179496	observed
SHC1	90min	Rep3	FR6	20.9396227535398	observed
SHC1	90min	Rep4	FR6	20.7625897795364	KNN
CBL	CTRL	Rep1	FR1	23.4380158764327	observed
CBL	CTRL	Rep2	FR1	23.889482699202	observed
CBL	CTRL	Rep3	FR1	22.2539245436738	observed
CBL	CTRL	Rep4	FR1	22.3527439351305	observed
CBL	CTRL	Rep1	FR2	20.3123357661069	observed
CBL	CTRL	Rep2	FR2	20.111949391071	observed
CBL	CTRL	Rep3	FR2	21.4629639624275	observed
CBL	CTRL	Rep4	FR2	21.6792506643143	observed
CBL	CTRL	Rep1	FR3	21.6965283226883	observed
CBL	CTRL	Rep2	FR3	20.5378054062046	observed
CBL	CTRL	Rep3	FR3	20.6945471344298	observed
CBL	CTRL	Rep4	FR3	21.8513202007252	observed
CBL	CTRL	Rep1	FR4	21.6961277903584	KNN
CBL	CTRL	Rep2	FR4	20.9756877258138	KNN
CBL	CTRL	Rep3	FR4	22.5810045039631	KNN
CBL	CTRL	Rep4	FR4	30.7272158034318	observed
CBL	CTRL	Rep1	FR5		filtered_out
CBL	CTRL	Rep2	FR5		filtered_out
CBL	CTRL	Rep3	FR5		filtered_out
CBL	CTRL	Rep4	FR5		filtered_out
CBL	CTRL	Rep1	FR6	19.1953840444163	detQuant
CBL	CTRL	Rep2	FR6	19.0874763768826	detQuant
CBL	CTRL	Rep3	FR6	19.3121331982648	detQuant
CBL	CTRL	Rep4	FR6	18.5623632606954	detQuant
CBL	2min	Rep1	FR1	21.7406780827848	observed
CBL	2min	Rep2	FR1	21.1197821080131	observed
CBL	2min	Rep3	FR1	20.9024990403233	observed
CBL	2min	Rep4	FR1	21.6248114573165	observed
CBL	2min	Rep1	FR2	21.3923832866971	KNN
CBL	2min	Rep2	FR2	21.4058204093848	observed
CBL	2min	Rep3	FR2	19.3800419086863	observed
CBL	2min	Rep4	FR2	21.0165938566528	KNN
CBL	2min	Rep1	FR3	21.7592435832869	KNN
CBL	2min	Rep2	FR3	23.5192740165966	observed
CBL	2min	Rep3	FR3	21.7862410093206	KNN
CBL	2min	Rep4	FR3	21.3736771894161	KNN
CBL	2min	Rep1	FR4	23.9883153053768	observed
CBL	2min	Rep2	FR4	24.2337077431871	observed
CBL	2min	Rep3	FR4	24.135820533738	observed
CBL	2min	Rep4	FR4	24.3957405900828	observed
CBL	2min	Rep1	FR5		filtered_out
CBL	2min	Rep2	FR5		filtered_out
CBL	2min	Rep3	FR5		filtered_out
CBL	2min	Rep4	FR5		filtered_out
CBL	2min	Rep1	FR6	22.6507678740632	observed
CBL	2min	Rep2	FR6	21.9314929068543	KNN
CBL	2min	Rep3	FR6	20.1682797388813	KNN
CBL	2min	Rep4	FR6	21.7608015194591	KNN
CBL	8min	Rep1	FR1	20.5325046896257	KNN
CBL	8min	Rep2	FR1	21.1172405821085	KNN
CBL	8min	Rep3	FR1	21.0432651440299	observed
CBL	8min	Rep4	FR1	21.2373464023545	observed
CBL	8min	Rep1	FR2	22.5605004150861	KNN
CBL	8min	Rep2	FR2	21.3979102494585	observed
CBL	8min	Rep3	FR2	22.2853135545207	KNN
CBL	8min	Rep4	FR2	21.6494745346286	observed
CBL	8min	Rep1	FR3	22.1548268238733	KNN
CBL	8min	Rep2	FR3	24.1637681265404	observed
CBL	8min	Rep3	FR3	22.5752723090701	KNN
CBL	8min	Rep4	FR3	24.949515494352	observed
CBL	8min	Rep1	FR4	24.693596880163	observed
CBL	8min	Rep2	FR4	23.9570704542146	observed
CBL	8min	Rep3	FR4	22.6047522722351	observed
CBL	8min	Rep4	FR4	23.7451939273516	observed
CBL	8min	Rep1	FR5		filtered_out
CBL	8min	Rep2	FR5		filtered_out
CBL	8min	Rep3	FR5		filtered_out
CBL	8min	Rep4	FR5		filtered_out
CBL	8min	Rep1	FR6	21.5462299517436	observed
CBL	8min	Rep2	FR6	20.776971115076	KNN
CBL	8min	Rep3	FR6	20.1467774624767	observed
CBL	8min	Rep4	FR6	22.0018150485563	observed
CBL	20min	Rep1	FR1	20.9419153843352	observed
CBL	20min	Rep2	FR1	20.979421119885	observed
CBL	20min	Rep3	FR1	21.6529582968282	observed
CBL	20min	Rep4	FR1	22.0115259589642	observed
CBL	20min	Rep1	FR2	19.9604127723775	detQuant
CBL	20min	Rep2	FR2	20.0161876959676	detQuant
CBL	20min	Rep3	FR2	19.8719136300404	detQuant
CBL	20min	Rep4	FR2	19.9843567976037	detQuant
CBL	20min	Rep1	FR3	23.5004827897767	KNN
CBL	20min	Rep2	FR3	25.7863967434944	observed
CBL	20min	Rep3	FR3	25.4825243347189	observed
CBL	20min	Rep4	FR3	24.0141747047226	KNN
CBL	20min	Rep1	FR4	23.6569812996669	observed
CBL	20min	Rep2	FR4	22.8701947645355	observed
CBL	20min	Rep3	FR4	22.0912735592356	KNN
CBL	20min	Rep4	FR4	23.8490189745844	observed
CBL	20min	Rep1	FR5		filtered_out
CBL	20min	Rep2	FR5		filtered_out
CBL	20min	Rep3	FR5		filtered_out
CBL	20min	Rep4	FR5		filtered_out
CBL	20min	Rep1	FR6	21.2085159713378	KNN
CBL	20min	Rep2	FR6	22.0337437448844	observed
CBL	20min	Rep3	FR6	23.4274874386263	observed
CBL	20min	Rep4	FR6	21.6083239285453	KNN
CBL	90min	Rep1	FR1	23.0701657704877	observed
CBL	90min	Rep2	FR1	22.8337614264619	observed
CBL	90min	Rep3	FR1	22.4471969861757	observed
CBL	90min	Rep4	FR1	22.6642410593764	observed
CBL	90min	Rep1	FR2	21.193766890373	KNN
CBL	90min	Rep2	FR2	20.8052021787667	observed
CBL	90min	Rep3	FR2	21.025781884804	KNN
CBL	90min	Rep4	FR2	21.3817445928706	KNN
CBL	90min	Rep1	FR3	19.4218845729946	observed
CBL	90min	Rep2	FR3	26.7358417653728	observed
CBL	90min	Rep3	FR3	19.4391972869417	KNN
CBL	90min	Rep4	FR3	19.593865452131	KNN
CBL	90min	Rep1	FR4	19.5714581278617	detQuant
CBL	90min	Rep2	FR4	19.8387446993329	detQuant
CBL	90min	Rep3	FR4	19.9500079732857	detQuant
CBL	90min	Rep4	FR4	19.8461747400598	detQuant
CBL	90min	Rep1	FR5		filtered_out
CBL	90min	Rep2	FR5		filtered_out
CBL	90min	Rep3	FR5		filtered_out
CBL	90min	Rep4	FR5		filtered_out
CBL	90min	Rep1	FR6	19.1420999365182	detQuant
CBL	90min	Rep2	FR6	19.3230576136962	detQuant
CBL	90min	Rep3	FR6	19.0620889657389	detQuant
CBL	90min	Rep4	FR6	19.1473358274151	detQuant
EGFR	CTRL	Rep1	FR1		filtered_out
EGFR	CTRL	Rep2	FR1		filtered_out
EGFR	CTRL	Rep3	FR1		filtered_out
EGFR	CTRL	Rep4	FR1		filtered_out
EGFR	CTRL	Rep1	FR2		filtered_out
EGFR	CTRL	Rep2	FR2		filtered_out
EGFR	CTRL	Rep3	FR2		filtered_out
EGFR	CTRL	Rep4	FR2		filtered_out
EGFR	CTRL	Rep1	FR3	23.5955066827088	observed
EGFR	CTRL	Rep2	FR3	23.5612322823909	observed
EGFR	CTRL	Rep3	FR3	23.395099882563	observed
EGFR	CTRL	Rep4	FR3	23.3921072902608	KNN
EGFR	CTRL	Rep1	FR4	26.5784289043609	observed
EGFR	CTRL	Rep2	FR4	26.7246076678459	observed
EGFR	CTRL	Rep3	FR4	26.6520805821253	observed
EGFR	CTRL	Rep4	FR4	26.3404889351912	observed
EGFR	CTRL	Rep1	FR5	22.1847451365579	observed
EGFR	CTRL	Rep2	FR5	20.0241981127605	observed
EGFR	CTRL	Rep3	FR5	20.4685431200212	observed
EGFR	CTRL	Rep4	FR5	21.6069835524948	observed
EGFR	CTRL	Rep1	FR6	24.910764528833	observed
EGFR	CTRL	Rep2	FR6	25.8764587939769	observed
EGFR	CTRL	Rep3	FR6	25.8038239592861	observed
EGFR	CTRL	Rep4	FR6	21.1124971310041	observed
EGFR	2min	Rep1	FR1		filtered_out
EGFR	2min	Rep2	FR1		filtered_out
EGFR	2min	Rep3	FR1		filtered_out
EGFR	2min	Rep4	FR1		filtered_out
EGFR	2min	Rep1	FR2		filtered_out
EGFR	2min	Rep2	FR2		filtered_out
EGFR	2min	Rep3	FR2		filtered_out
EGFR	2min	Rep4	FR2		filtered_out
EGFR	2min	Rep1	FR3	23.2677357985388	observed
EGFR	2min	Rep2	FR3	23.6326346217483	observed
EGFR	2min	Rep3	FR3	23.9573755132735	observed
EGFR	2min	Rep4	FR3	23.3030857984658	observed
EGFR	2min	Rep1	FR4	26.978016361662	observed
EGFR	2min	Rep2	FR4	26.9919270135161	observed
EGFR	2min	Rep3	FR4	26.8470453580545	observed
EGFR	2min	Rep4	FR4	26.8884777470108	observed
EGFR	2min	Rep1	FR5	23.8699665795802	KNN
EGFR	2min	Rep2	FR5	25.0549502177768	observed
EGFR	2min	Rep3	FR5	24.9019510026602	observed
EGFR	2min	Rep4	FR5	24.8780247626312	observed
EGFR	2min	Rep1	FR6	25.1426946246815	observed
EGFR	2min	Rep2	FR6	25.5182865376562	observed
EGFR	2min	Rep3	FR6	26.1910442528539	observed
EGFR	2min	Rep4	FR6	26.0384353530572	observed
EGFR	8min	Rep1	FR1		filtered_out
EGFR	8min	Rep2	FR1		filtered_out
EGFR	8min	Rep3	FR1		filtered_out
EGFR	8min	Rep4	FR1		filtered_out
EGFR	8min	Rep1	FR2		filtered_out
EGFR	8min	Rep2	FR2		filtered_out
EGFR	8min	Rep3	FR2		filtered_out
EGFR	8min	Rep4	FR2		filtered_out
EGFR	8min	Rep1	FR3	23.0565173012556	observed
EGFR	8min	Rep2	FR3	23.1890627681226	observed
EGFR	8min	Rep3	FR3	23.4490325489905	observed
EGFR	8min	Rep4	FR3	23.6874889375231	observed
EGFR	8min	Rep1	FR4	26.8270057402438	observed
EGFR	8min	Rep2	FR4	26.7487550394202	observed
EGFR	8min	Rep3	FR4	26.7608067836838	observed
EGFR	8min	Rep4	FR4	26.6458831725394	observed
EGFR	8min	Rep1	FR5	24.843799299868	observed
EGFR	8min	Rep2	FR5	19.9274339378009	observed
EGFR	8min	Rep3	FR5	24.9005341656835	observed
EGFR	8min	Rep4	FR5	24.7076202433572	observed
EGFR	8min	Rep1	FR6	24.9666153774778	observed
EGFR	8min	Rep2	FR6	25.2171825166794	observed
EGFR	8min	Rep3	FR6	22.8223518527441	observed
EGFR	8min	Rep4	FR6	26.5681779966457	observed
EGFR	20min	Rep1	FR1		filtered_out
EGFR	20min	Rep2	FR1		filtered_out
EGFR	20min	Rep3	FR1		filtered_out
EGFR	20min	Rep4	FR1		filtered_out
EGFR	20min	Rep1	FR2		filtered_out
EGFR	20min	Rep2	FR2		filtered_out
EGFR	20min	Rep3	FR2		filtered_out
EGFR	20min	Rep4	FR2		filtered_out
EGFR	20min	Rep1	FR3	23.817176884169	observed
EGFR	20min	Rep2	FR3	24.4717125479698	observed
EGFR	20min	Rep3	FR3	24.8680646961646	observed
EGFR	20min	Rep4	FR3	23.6840233979594	observed
EGFR	20min	Rep1	FR4	26.6371500440712	observed
EGFR	20min	Rep2	FR4	26.4264044673795	observed
EGFR	20min	Rep3	FR4	25.814852275683	observed
EGFR	20min	Rep4	FR4	26.708370861334	observed
EGFR	20min	Rep1	FR5	23.1365400293878	observed
EGFR	20min	Rep2	FR5	24.8997097084862	observed
EGFR	20min	Rep3	FR5	22.2139202701964	KNN
EGFR	20min	Rep4	FR5	22.4704886399976	observed
EGFR	20min	Rep1	FR6	22.0721407615517	observed
EGFR	20min	Rep2	FR6	25.674599134032	observed
EGFR	20min	Rep3	FR6	26.3978205297542	observed
EGFR	20min	Rep4	FR6	22.7927454500264	observed
EGFR	90min	Rep1	FR1		filtered_out
EGFR	90min	Rep2	FR1		filtered_out
EGFR	90min	Rep3	FR1		filtered_out
EGFR	90min	Rep4	FR1		filtered_out
EGFR	90min	Rep1	FR2		filtered_out
EGFR	90min	Rep2	FR2		filtered_out
EGFR	90min	Rep3	FR2		filtered_out
EGFR	90min	Rep4	FR2		filtered_out
EGFR	90min	Rep1	FR3	23.4356033385347	observed
EGFR	90min	Rep2	FR3	22.52555070368	observed
EGFR	90min	Rep3	FR3	23.3761382963525	observed
EGFR	90min	Rep4	FR3	22.9516104022861	observed
EGFR	90min	Rep1	FR4	25.4121327560411	observed
EGFR	90min	Rep2	FR4	25.668167239421	observed
EGFR	90min	Rep3	FR4	25.5609976695794	observed
EGFR	90min	Rep4	FR4	25.8272358268784	observed
EGFR	90min	Rep1	FR5	21.3419378457401	KNN
EGFR	90min	Rep2	FR5	21.3943872207249	observed
EGFR	90min	Rep3	FR5	20.9257585685079	observed
EGFR	90min	Rep4	FR5	22.5589941628844	observed
EGFR	90min	Rep1	FR6	21.5323644410404	observed
EGFR	90min	Rep2	FR6	22.325001016825	observed
EGFR	90min	Rep3	FR6	22.1324056006403	observed
EGFR	90min	Rep4	FR6	21.9997446070795	observed
