gene	timepoint	MS_author_pipeline	MS_max1	MS_max2	share_max1_tp	share_max1_ctrl	direction_max1	p_max1	p_max2	pval_combi	pval_combi_FDR	color_category	MS_gt_0.1	FDR_lt_0.05	n_proteins_in_FDR
GRB2	2min														1382
GRB2	8min														1382
GRB2	20min														1382
GRB2	90min														1382
SHC1	2min	0.086321614947651	FR4	FR1	0.413916136170499	0.169081550475067	up	0.00871726682878468	0.010452739360734	0.000938833380769377	0.144163081358142	limegreen	no	no	1382
SHC1	8min	0.0848412344301492	FR1	FR4	0.360257424377142	0.590917925220915	down	0.00537446273838539	0.0172700504472205	0.000954614028820627	0.102274678761073	limegreen	no	no	1382
SHC1	20min	0.049025348786022	FR1	FR4	0.475919814920191	0.590917925220915	down	0.108284682948297	0.133960158285489	0.075911990715954	0.403501427574802	limegreen	no	no	1382
SHC1	90min	0.0153809359932689	FR1	FR6	0.557148590284368	0.590917925220915	down	0.013813682531019	0.0642127829843845	0.00712064477047978	0.321841915293419	dodgerblue	no	no	1382
CBL	2min														1382
CBL	8min														1382
CBL	20min														1382
CBL	90min														1382
EGFR	2min														1382
EGFR	8min														1382
EGFR	20min														1382
EGFR	90min														1382
