run	gene	n_precursors	min_PG_qvalue	min_precursor_qvalue
20200217_EXPL2_Evo1_AMV_SA_21m_DIA_Prot_HeLa_SUBCELL_EGF_20min_FR1_Rep1	GRB2	4	0.0003277614014223218	0.00022207417350728065
20200217_EXPL2_Evo1_AMV_SA_21m_DIA_Prot_HeLa_SUBCELL_EGF_20min_FR1_Rep1	SHC1	8	0.0003277614014223218	2.2207416350283893e-06
20200217_EXPL2_Evo1_AMV_SA_21m_DIA_Prot_HeLa_SUBCELL_EGF_20min_FR1_Rep1	CBL	2	0.0003277614014223218	0.0002957704709842801
20200217_EXPL2_Evo1_AMV_SA_21m_DIA_Prot_HeLa_SUBCELL_EGF_20min_FR1_Rep1	EGFR	0		
20200217_EXPL2_Evo1_AMV_SA_21m_DIA_Prot_HeLa_SUBCELL_EGF_20min_FR1_Rep2	GRB2	4	0.00029904305119998753	1.6157698610186344e-06
20200217_EXPL2_Evo1_AMV_SA_21m_DIA_Prot_HeLa_SUBCELL_EGF_20min_FR1_Rep2	SHC1	9	0.00029904305119998753	1.6157698610186344e-06
20200217_EXPL2_Evo1_AMV_SA_21m_DIA_Prot_HeLa_SUBCELL_EGF_20min_FR1_Rep2	CBL	2	0.00029904305119998753	1.6157698610186344e-06
20200217_EXPL2_Evo1_AMV_SA_21m_DIA_Prot_HeLa_SUBCELL_EGF_20min_FR1_Rep2	EGFR	0		
20200217_EXPL2_Evo1_AMV_SA_21m_DIA_Prot_HeLa_SUBCELL_EGF_20min_FR1_Rep3	GRB2	4	0.00030931024230085313	8.275405321001017e-07
20200217_EXPL2_Evo1_AMV_SA_21m_DIA_Prot_HeLa_SUBCELL_EGF_20min_FR1_Rep3	SHC1	10	0.00030931024230085313	8.275405321001017e-07
20200217_EXPL2_Evo1_AMV_SA_21m_DIA_Prot_HeLa_SUBCELL_EGF_20min_FR1_Rep3	CBL	4	0.00030931024230085313	8.275405321001017e-07
20200217_EXPL2_Evo1_AMV_SA_21m_DIA_Prot_HeLa_SUBCELL_EGF_20min_FR1_Rep3	EGFR	0		
20200217_EXPL2_Evo1_AMV_SA_21m_DIA_Prot_HeLa_SUBCELL_EGF_20min_FR1_Rep4	GRB2	5	0.000300210143905133	1.0446045735079679e-06
20200217_EXPL2_Evo1_AMV_SA_21m_DIA_Prot_HeLa_SUBCELL_EGF_20min_FR1_Rep4	SHC1	11	0.000300210143905133	1.0446045735079679e-06
20200217_EXPL2_Evo1_AMV_SA_21m_DIA_Prot_HeLa_SUBCELL_EGF_20min_FR1_Rep4	CBL	2	0.000300210143905133	5.878438059880864e-06
20200217_EXPL2_Evo1_AMV_SA_21m_DIA_Prot_HeLa_SUBCELL_EGF_20min_FR1_Rep4	EGFR	0		
20200217_EXPL2_Evo1_AMV_SA_21m_DIA_Prot_HeLa_SUBCELL_EGF_20min_FR2_Rep1	GRB2	3	0.0002690341789275408	8.451299072476104e-05
20200217_EXPL2_Evo1_AMV_SA_21m_DIA_Prot_HeLa_SUBCELL_EGF_20min_FR2_Rep1	SHC1	3	0.0002690341789275408	8.451299072476104e-05
20200217_EXPL2_Evo1_AMV_SA_21m_DIA_Prot_HeLa_SUBCELL_EGF_20min_FR2_Rep1	CBL	1	0.011085973121225834	0.000495154585223645
20200217_EXPL2_Evo1_AMV_SA_21m_DIA_Prot_HeLa_SUBCELL_EGF_20min_FR2_Rep1	EGFR	1	0.018033867701888084	0.00389629858545959
20200217_EXPL2_Evo1_AMV_SA_21m_DIA_Prot_HeLa_SUBCELL_EGF_20min_FR2_Rep2	GRB2	4	0.00027979855076409876	0.0002589108480606228
20200217_EXPL2_Evo1_AMV_SA_21m_DIA_Prot_HeLa_SUBCELL_EGF_20min_FR2_Rep2	SHC1	2	0.00027979855076409876	0.00010998680227203295
20200217_EXPL2_Evo1_AMV_SA_21m_DIA_Prot_HeLa_SUBCELL_EGF_20min_FR2_Rep2	CBL	0		
20200217_EXPL2_Evo1_AMV_SA_21m_DIA_Prot_HeLa_SUBCELL_EGF_20min_FR2_Rep2	EGFR	2	0.00027979855076409876	0.0003543167549651116
20200217_EXPL2_Evo1_AMV_SA_21m_DIA_Prot_HeLa_SUBCELL_EGF_20min_FR2_Rep3	GRB2	3	0.0002542588335927576	0.00012686062837019563
20200217_EXPL2_Evo1_AMV_SA_21m_DIA_Prot_HeLa_SUBCELL_EGF_20min_FR2_Rep3	SHC1	2	0.0002542588335927576	8.559445268474519e-05
20200217_EXPL2_Evo1_AMV_SA_21m_DIA_Prot_HeLa_SUBCELL_EGF_20min_FR2_Rep3	CBL	0		
20200217_EXPL2_Evo1_AMV_SA_21m_DIA_Prot_HeLa_SUBCELL_EGF_20min_FR2_Rep3	EGFR	1	0.002411381807178259	0.0008823429816402495
20200217_EXPL2_Evo1_AMV_SA_21m_DIA_Prot_HeLa_SUBCELL_EGF_20min_FR2_Rep4	GRB2	3	0.00026281210011802614	9.276007767766714e-05
20200217_EXPL2_Evo1_AMV_SA_21m_DIA_Prot_HeLa_SUBCELL_EGF_20min_FR2_Rep4	SHC1	2	0.00026281210011802614	9.276007767766714e-05
20200217_EXPL2_Evo1_AMV_SA_21m_DIA_Prot_HeLa_SUBCELL_EGF_20min_FR2_Rep4	CBL	0		
20200217_EXPL2_Evo1_AMV_SA_21m_DIA_Prot_HeLa_SUBCELL_EGF_20min_FR2_Rep4	EGFR	0		
20200217_EXPL2_Evo1_AMV_SA_21m_DIA_Prot_HeLa_SUBCELL_EGF_20min_FR3_Rep1	GRB2	5	0.0003113324928563088	1.2946659353474388e-06
20200217_EXPL2_Evo1_AMV_SA_21m_DIA_Prot_HeLa_SUBCELL_EGF_20min_FR3_Rep1	SHC1	5	0.0003113324928563088	1.2946659353474388e-06
20200217_EXPL2_Evo1_AMV_SA_21m_DIA_Prot_HeLa_SUBCELL_EGF_20min_FR3_Rep1	CBL	1	0.060092806816101074	0.00609272625297308
20200217_EXPL2_Evo1_AMV_SA_21m_DIA_Prot_HeLa_SUBCELL_EGF_20min_FR3_Rep1	EGFR	10	0.0003113324928563088	1.2946659353474388e-06
20200217_EXPL2_Evo1_AMV_SA_21m_DIA_Prot_HeLa_SUBCELL_EGF_20min_FR3_Rep2	GRB2	6	0.00035676060360856354	1.6844942365423776e-06
20200217_EXPL2_Evo1_AMV_SA_21m_DIA_Prot_HeLa_SUBCELL_EGF_20min_FR3_Rep2	SHC1	7	0.00035676060360856354	1.6844942365423776e-06
20200217_EXPL2_Evo1_AMV_SA_21m_DIA_Prot_HeLa_SUBCELL_EGF_20min_FR3_Rep2	CBL	3	0.00035676060360856354	0.0011819000355899334
20200217_EXPL2_Evo1_AMV_SA_21m_DIA_Prot_HeLa_SUBCELL_EGF_20min_FR3_Rep2	EGFR	13	0.00035676060360856354	1.6844942365423776e-06
20200217_EXPL2_Evo1_AMV_SA_21m_DIA_Prot_HeLa_SUBCELL_EGF_20min_FR3_Rep3	GRB2	6	0.0003511235991027206	1.2716175206151092e-06
20200217_EXPL2_Evo1_AMV_SA_21m_DIA_Prot_HeLa_SUBCELL_EGF_20min_FR3_Rep3	SHC1	7	0.0003511235991027206	1.2716175206151092e-06
20200217_EXPL2_Evo1_AMV_SA_21m_DIA_Prot_HeLa_SUBCELL_EGF_20min_FR3_Rep3	CBL	2	0.002237762324512005	0.003138676518574357
20200217_EXPL2_Evo1_AMV_SA_21m_DIA_Prot_HeLa_SUBCELL_EGF_20min_FR3_Rep3	EGFR	13	0.0003511235991027206	1.2716175206151092e-06
20200217_EXPL2_Evo1_AMV_SA_21m_DIA_Prot_HeLa_SUBCELL_EGF_20min_FR3_Rep4	GRB2	4	0.00031436653807759285	1.1467890317362617e-06
20200217_EXPL2_Evo1_AMV_SA_21m_DIA_Prot_HeLa_SUBCELL_EGF_20min_FR3_Rep4	SHC1	4	0.00031436653807759285	1.1467890317362617e-06
20200217_EXPL2_Evo1_AMV_SA_21m_DIA_Prot_HeLa_SUBCELL_EGF_20min_FR3_Rep4	CBL	1	0.06696730852127075	0.006113321986049414
20200217_EXPL2_Evo1_AMV_SA_21m_DIA_Prot_HeLa_SUBCELL_EGF_20min_FR3_Rep4	EGFR	10	0.00031436653807759285	0.00011467889999039471
20200217_EXPL2_Evo1_AMV_SA_21m_DIA_Prot_HeLa_SUBCELL_EGF_20min_FR4_Rep1	GRB2	7	0.00025913448189385235	1.175502575279097e-06
20200217_EXPL2_Evo1_AMV_SA_21m_DIA_Prot_HeLa_SUBCELL_EGF_20min_FR4_Rep1	SHC1	10	0.00025913448189385235	1.175502575279097e-06
20200217_EXPL2_Evo1_AMV_SA_21m_DIA_Prot_HeLa_SUBCELL_EGF_20min_FR4_Rep1	CBL	1	0.0012540757888928056	0.005574213340878487
20200217_EXPL2_Evo1_AMV_SA_21m_DIA_Prot_HeLa_SUBCELL_EGF_20min_FR4_Rep1	EGFR	19	0.00025913448189385235	1.175502575279097e-06
20200217_EXPL2_Evo1_AMV_SA_21m_DIA_Prot_HeLa_SUBCELL_EGF_20min_FR4_Rep2	GRB2	6	0.0002811357844620943	8.192940299522888e-07
20200217_EXPL2_Evo1_AMV_SA_21m_DIA_Prot_HeLa_SUBCELL_EGF_20min_FR4_Rep2	SHC1	11	0.0002811357844620943	6.855419201201585e-07
20200217_EXPL2_Evo1_AMV_SA_21m_DIA_Prot_HeLa_SUBCELL_EGF_20min_FR4_Rep2	CBL	1	0.0020613244269043207	0.0006211180007085204
20200217_EXPL2_Evo1_AMV_SA_21m_DIA_Prot_HeLa_SUBCELL_EGF_20min_FR4_Rep2	EGFR	20	0.0002811357844620943	6.855419201201585e-07
20200217_EXPL2_Evo1_AMV_SA_21m_DIA_Prot_HeLa_SUBCELL_EGF_20min_FR4_Rep3	GRB2	3	0.00025700335390865803	5.817674377794901e-07
20200217_EXPL2_Evo1_AMV_SA_21m_DIA_Prot_HeLa_SUBCELL_EGF_20min_FR4_Rep3	SHC1	10	0.00025700335390865803	5.817674377794901e-07
20200217_EXPL2_Evo1_AMV_SA_21m_DIA_Prot_HeLa_SUBCELL_EGF_20min_FR4_Rep3	CBL	0		
20200217_EXPL2_Evo1_AMV_SA_21m_DIA_Prot_HeLa_SUBCELL_EGF_20min_FR4_Rep3	EGFR	19	0.00025700335390865803	5.817674377794901e-07
20200217_EXPL2_Evo1_AMV_SA_21m_DIA_Prot_HeLa_SUBCELL_EGF_20min_FR4_Rep4	GRB2	6	0.00026226069894619286	7.726781063865928e-07
20200217_EXPL2_Evo1_AMV_SA_21m_DIA_Prot_HeLa_SUBCELL_EGF_20min_FR4_Rep4	SHC1	11	0.00026226069894619286	7.726781063865928e-07
20200217_EXPL2_Evo1_AMV_SA_21m_DIA_Prot_HeLa_SUBCELL_EGF_20min_FR4_Rep4	CBL	2	0.00026226069894619286	0.00037555157905444503
20200217_EXPL2_Evo1_AMV_SA_21m_DIA_Prot_HeLa_SUBCELL_EGF_20min_FR4_Rep4	EGFR	20	0.00026226069894619286	7.726781063865928e-07
20200217_EXPL2_Evo1_AMV_SA_21m_DIA_Prot_HeLa_SUBCELL_EGF_20min_FR5_Rep1	GRB2	0		
20200217_EXPL2_Evo1_AMV_SA_21m_DIA_Prot_HeLa_SUBCELL_EGF_20min_FR5_Rep1	SHC1	1	0.0013935340102761984	0.00013184495037421584
20200217_EXPL2_Evo1_AMV_SA_21m_DIA_Prot_HeLa_SUBCELL_EGF_20min_FR5_Rep1	CBL	0		
20200217_EXPL2_Evo1_AMV_SA_21m_DIA_Prot_HeLa_SUBCELL_EGF_20min_FR5_Rep1	EGFR	4	0.00030156815773807466	0.0006525758653879166
20200217_EXPL2_Evo1_AMV_SA_21m_DIA_Prot_HeLa_SUBCELL_EGF_20min_FR5_Rep2	GRB2	0		
20200217_EXPL2_Evo1_AMV_SA_21m_DIA_Prot_HeLa_SUBCELL_EGF_20min_FR5_Rep2	SHC1	1	0.0011500862892717123	4.3047784856753424e-05
20200217_EXPL2_Evo1_AMV_SA_21m_DIA_Prot_HeLa_SUBCELL_EGF_20min_FR5_Rep2	CBL	0		
20200217_EXPL2_Evo1_AMV_SA_21m_DIA_Prot_HeLa_SUBCELL_EGF_20min_FR5_Rep2	EGFR	2	0.00029256875859573483	0.00027127578505314887
20200217_EXPL2_Evo1_AMV_SA_21m_DIA_Prot_HeLa_SUBCELL_EGF_20min_FR5_Rep3	GRB2	0		
20200217_EXPL2_Evo1_AMV_SA_21m_DIA_Prot_HeLa_SUBCELL_EGF_20min_FR5_Rep3	SHC1	1	0.0014116318197920918	8.375209290534258e-05
20200217_EXPL2_Evo1_AMV_SA_21m_DIA_Prot_HeLa_SUBCELL_EGF_20min_FR5_Rep3	CBL	0		
20200217_EXPL2_Evo1_AMV_SA_21m_DIA_Prot_HeLa_SUBCELL_EGF_20min_FR5_Rep3	EGFR	0		
20200217_EXPL2_Evo1_AMV_SA_21m_DIA_Prot_HeLa_SUBCELL_EGF_20min_FR5_Rep4	GRB2	0		
20200217_EXPL2_Evo1_AMV_SA_21m_DIA_Prot_HeLa_SUBCELL_EGF_20min_FR5_Rep4	SHC1	1	0.005229837726801634	0.00020186523033771664
20200217_EXPL2_Evo1_AMV_SA_21m_DIA_Prot_HeLa_SUBCELL_EGF_20min_FR5_Rep4	CBL	0		
20200217_EXPL2_Evo1_AMV_SA_21m_DIA_Prot_HeLa_SUBCELL_EGF_20min_FR5_Rep4	EGFR	3	0.0003065603959839791	0.0012122051557525992
20200217_EXPL2_Evo1_AMV_SA_21m_DIA_Prot_HeLa_SUBCELL_EGF_20min_FR6_Rep1	GRB2	1	0.01370906364172697	0.0017660752637311816
20200217_EXPL2_Evo1_AMV_SA_21m_DIA_Prot_HeLa_SUBCELL_EGF_20min_FR6_Rep1	SHC1	3	0.0003363605646882206	0.00011717148299794644
20200217_EXPL2_Evo1_AMV_SA_21m_DIA_Prot_HeLa_SUBCELL_EGF_20min_FR6_Rep1	CBL	0		
20200217_EXPL2_Evo1_AMV_SA_21m_DIA_Prot_HeLa_SUBCELL_EGF_20min_FR6_Rep1	EGFR	8	0.0003363605646882206	0.00011717148299794644
20200217_EXPL2_Evo1_AMV_SA_21m_DIA_Prot_HeLa_SUBCELL_EGF_20min_FR6_Rep2	GRB2	3	0.0003396739193703979	0.00010775862028822303
20200217_EXPL2_Evo1_AMV_SA_21m_DIA_Prot_HeLa_SUBCELL_EGF_20min_FR6_Rep2	SHC1	5	0.0003396739193703979	0.00010775862028822303
20200217_EXPL2_Evo1_AMV_SA_21m_DIA_Prot_HeLa_SUBCELL_EGF_20min_FR6_Rep2	CBL	3	0.0006702413083985448	0.003017543815076351
20200217_EXPL2_Evo1_AMV_SA_21m_DIA_Prot_HeLa_SUBCELL_EGF_20min_FR6_Rep2	EGFR	11	0.0003396739193703979	0.00010775862028822303
20200217_EXPL2_Evo1_AMV_SA_21m_DIA_Prot_HeLa_SUBCELL_EGF_20min_FR6_Rep3	GRB2	5	0.00030385900754481554	0.00016760712605901062
20200217_EXPL2_Evo1_AMV_SA_21m_DIA_Prot_HeLa_SUBCELL_EGF_20min_FR6_Rep3	SHC1	9	0.00030385900754481554	1.4632719285145868e-06
20200217_EXPL2_Evo1_AMV_SA_21m_DIA_Prot_HeLa_SUBCELL_EGF_20min_FR6_Rep3	CBL	6	0.00030385900754481554	0.00016760712605901062
20200217_EXPL2_Evo1_AMV_SA_21m_DIA_Prot_HeLa_SUBCELL_EGF_20min_FR6_Rep3	EGFR	21	0.00030385900754481554	0.00014632719103246927
20200217_EXPL2_Evo1_AMV_SA_21m_DIA_Prot_HeLa_SUBCELL_EGF_20min_FR6_Rep4	GRB2	1	0.015033695846796036	0.0021566024515777826
20200217_EXPL2_Evo1_AMV_SA_21m_DIA_Prot_HeLa_SUBCELL_EGF_20min_FR6_Rep4	SHC1	1	0.0025884383358061314	0.00023077367222867906
20200217_EXPL2_Evo1_AMV_SA_21m_DIA_Prot_HeLa_SUBCELL_EGF_20min_FR6_Rep4	CBL	0		
20200217_EXPL2_Evo1_AMV_SA_21m_DIA_Prot_HeLa_SUBCELL_EGF_20min_FR6_Rep4	EGFR	7	0.00032164683216251433	0.00013856173609383404
20200217_EXPL2_Evo1_AMV_SA_21m_DIA_Prot_HeLa_SUBCELL_EGF_2min_FR1_Rep1	GRB2	4	0.0003124999930150807	0.00014481210382655263
20200217_EXPL2_Evo1_AMV_SA_21m_DIA_Prot_HeLa_SUBCELL_EGF_2min_FR1_Rep1	SHC1	7	0.0003124999930150807	1.4481211110251024e-06
20200217_EXPL2_Evo1_AMV_SA_21m_DIA_Prot_HeLa_SUBCELL_EGF_2min_FR1_Rep1	CBL	1	0.008923592045903206	0.0004255060339346528
20200217_EXPL2_Evo1_AMV_SA_21m_DIA_Prot_HeLa_SUBCELL_EGF_2min_FR1_Rep1	EGFR	0		
20200217_EXPL2_Evo1_AMV_SA_21m_DIA_Prot_HeLa_SUBCELL_EGF_2min_FR1_Rep2	GRB2	3	0.00031847134232521057	0.00011820330837508664
20200217_EXPL2_Evo1_AMV_SA_21m_DIA_Prot_HeLa_SUBCELL_EGF_2min_FR1_Rep2	SHC1	7	0.00031847134232521057	1.1820330882983399e-06
20200217_EXPL2_Evo1_AMV_SA_21m_DIA_Prot_HeLa_SUBCELL_EGF_2min_FR1_Rep2	CBL	3	0.00031847134232521057	0.00020170779316686094
20200217_EXPL2_Evo1_AMV_SA_21m_DIA_Prot_HeLa_SUBCELL_EGF_2min_FR1_Rep2	EGFR	0		
20200217_EXPL2_Evo1_AMV_SA_21m_DIA_Prot_HeLa_SUBCELL_EGF_2min_FR1_Rep3	GRB2	4	0.0003003905003424734	9.000900172395632e-05
20200217_EXPL2_Evo1_AMV_SA_21m_DIA_Prot_HeLa_SUBCELL_EGF_2min_FR1_Rep3	SHC1	10	0.0003003905003424734	9.000900149658264e-07
20200217_EXPL2_Evo1_AMV_SA_21m_DIA_Prot_HeLa_SUBCELL_EGF_2min_FR1_Rep3	CBL	2	0.0003003905003424734	0.00044535991037264466
20200217_EXPL2_Evo1_AMV_SA_21m_DIA_Prot_HeLa_SUBCELL_EGF_2min_FR1_Rep3	EGFR	0		
20200217_EXPL2_Evo1_AMV_SA_21m_DIA_Prot_HeLa_SUBCELL_EGF_2min_FR1_Rep4	GRB2	3	0.0003071253013331443	0.00016043639334384352
20200217_EXPL2_Evo1_AMV_SA_21m_DIA_Prot_HeLa_SUBCELL_EGF_2min_FR1_Rep4	SHC1	7	0.0003071253013331443	1.6043638879637001e-06
20200217_EXPL2_Evo1_AMV_SA_21m_DIA_Prot_HeLa_SUBCELL_EGF_2min_FR1_Rep4	CBL	2	0.0003071253013331443	0.00016043639334384352
20200217_EXPL2_Evo1_AMV_SA_21m_DIA_Prot_HeLa_SUBCELL_EGF_2min_FR1_Rep4	EGFR	0		
20200217_EXPL2_Evo1_AMV_SA_21m_DIA_Prot_HeLa_SUBCELL_EGF_2min_FR2_Rep1	GRB2	4	0.0002798768400680274	7.630675099790096e-05
20200217_EXPL2_Evo1_AMV_SA_21m_DIA_Prot_HeLa_SUBCELL_EGF_2min_FR2_Rep1	SHC1	4	0.0002798768400680274	9.794319339562207e-05
20200217_EXPL2_Evo1_AMV_SA_21m_DIA_Prot_HeLa_SUBCELL_EGF_2min_FR2_Rep1	CBL	1	0.013234269805252552	0.0006000599823892117
20200217_EXPL2_Evo1_AMV_SA_21m_DIA_Prot_HeLa_SUBCELL_EGF_2min_FR2_Rep1	EGFR	0		
20200217_EXPL2_Evo1_AMV_SA_21m_DIA_Prot_HeLa_SUBCELL_EGF_2min_FR2_Rep2	GRB2	5	0.00024576063151471317	7.920164648567152e-07
20200217_EXPL2_Evo1_AMV_SA_21m_DIA_Prot_HeLa_SUBCELL_EGF_2min_FR2_Rep2	SHC1	3	0.00024576063151471317	7.920164648567152e-07
20200217_EXPL2_Evo1_AMV_SA_21m_DIA_Prot_HeLa_SUBCELL_EGF_2min_FR2_Rep2	CBL	1	0.00024576063151471317	0.002152208937332034
20200217_EXPL2_Evo1_AMV_SA_21m_DIA_Prot_HeLa_SUBCELL_EGF_2min_FR2_Rep2	EGFR	0		
20200217_EXPL2_Evo1_AMV_SA_21m_DIA_Prot_HeLa_SUBCELL_EGF_2min_FR2_Rep3	GRB2	4	0.0002509410260245204	0.00014296606241259724
20200217_EXPL2_Evo1_AMV_SA_21m_DIA_Prot_HeLa_SUBCELL_EGF_2min_FR2_Rep3	SHC1	3	0.0002509410260245204	7.904513381618017e-07
20200217_EXPL2_Evo1_AMV_SA_21m_DIA_Prot_HeLa_SUBCELL_EGF_2min_FR2_Rep3	CBL	1	0.009728056378662586	0.004238605033606291
20200217_EXPL2_Evo1_AMV_SA_21m_DIA_Prot_HeLa_SUBCELL_EGF_2min_FR2_Rep3	EGFR	0		
20200217_EXPL2_Evo1_AMV_SA_21m_DIA_Prot_HeLa_SUBCELL_EGF_2min_FR2_Rep4	GRB2	2	0.0002788622514344752	0.00011305822408758104
20200217_EXPL2_Evo1_AMV_SA_21m_DIA_Prot_HeLa_SUBCELL_EGF_2min_FR2_Rep4	SHC1	3	0.0002788622514344752	0.00011305822408758104
20200217_EXPL2_Evo1_AMV_SA_21m_DIA_Prot_HeLa_SUBCELL_EGF_2min_FR2_Rep4	CBL	0		
20200217_EXPL2_Evo1_AMV_SA_21m_DIA_Prot_HeLa_SUBCELL_EGF_2min_FR2_Rep4	EGFR	1	0.027561837807297707	0.0012558638118207455
20200217_EXPL2_Evo1_AMV_SA_21m_DIA_Prot_HeLa_SUBCELL_EGF_2min_FR3_Rep1	GRB2	5	0.00033400134998373687	1.5149220189414336e-06
20200217_EXPL2_Evo1_AMV_SA_21m_DIA_Prot_HeLa_SUBCELL_EGF_2min_FR3_Rep1	SHC1	4	0.00033400134998373687	1.5149220189414336e-06
20200217_EXPL2_Evo1_AMV_SA_21m_DIA_Prot_HeLa_SUBCELL_EGF_2min_FR3_Rep1	CBL	0		
20200217_EXPL2_Evo1_AMV_SA_21m_DIA_Prot_HeLa_SUBCELL_EGF_2min_FR3_Rep1	EGFR	7	0.00033400134998373687	0.00015149220416788012
20200217_EXPL2_Evo1_AMV_SA_21m_DIA_Prot_HeLa_SUBCELL_EGF_2min_FR3_Rep2	GRB2	6	0.0002919707912951708	1.271455857931869e-06
20200217_EXPL2_Evo1_AMV_SA_21m_DIA_Prot_HeLa_SUBCELL_EGF_2min_FR3_Rep2	SHC1	5	0.0002919707912951708	1.271455857931869e-06
20200217_EXPL2_Evo1_AMV_SA_21m_DIA_Prot_HeLa_SUBCELL_EGF_2min_FR3_Rep2	CBL	2	0.005046681966632605	0.005411702673882246
20200217_EXPL2_Evo1_AMV_SA_21m_DIA_Prot_HeLa_SUBCELL_EGF_2min_FR3_Rep2	EGFR	8	0.0002919707912951708	0.0001271455839741975
20200217_EXPL2_Evo1_AMV_SA_21m_DIA_Prot_HeLa_SUBCELL_EGF_2min_FR3_Rep3	GRB2	6	0.00035100034438073635	1.4760147450942895e-06
20200217_EXPL2_Evo1_AMV_SA_21m_DIA_Prot_HeLa_SUBCELL_EGF_2min_FR3_Rep3	SHC1	6	0.00035100034438073635	0.0001476014731451869
20200217_EXPL2_Evo1_AMV_SA_21m_DIA_Prot_HeLa_SUBCELL_EGF_2min_FR3_Rep3	CBL	0		
20200217_EXPL2_Evo1_AMV_SA_21m_DIA_Prot_HeLa_SUBCELL_EGF_2min_FR3_Rep3	EGFR	8	0.00035100034438073635	0.0001476014731451869
20200217_EXPL2_Evo1_AMV_SA_21m_DIA_Prot_HeLa_SUBCELL_EGF_2min_FR3_Rep4	GRB2	5	0.00036218762397766113	1.6139445051521761e-06
20200217_EXPL2_Evo1_AMV_SA_21m_DIA_Prot_HeLa_SUBCELL_EGF_2min_FR3_Rep4	SHC1	5	0.00036218762397766113	1.6139445051521761e-06
20200217_EXPL2_Evo1_AMV_SA_21m_DIA_Prot_HeLa_SUBCELL_EGF_2min_FR3_Rep4	CBL	0		
20200217_EXPL2_Evo1_AMV_SA_21m_DIA_Prot_HeLa_SUBCELL_EGF_2min_FR3_Rep4	EGFR	6	0.00036218762397766113	1.6139445051521761e-06
20200217_EXPL2_Evo1_AMV_SA_21m_DIA_Prot_HeLa_SUBCELL_EGF_2min_FR4_Rep1	GRB2	6	0.00028490027762018144	6.966699288568634e-07
20200217_EXPL2_Evo1_AMV_SA_21m_DIA_Prot_HeLa_SUBCELL_EGF_2min_FR4_Rep1	SHC1	13	0.00028490027762018144	6.966699288568634e-07
20200217_EXPL2_Evo1_AMV_SA_21m_DIA_Prot_HeLa_SUBCELL_EGF_2min_FR4_Rep1	CBL	5	0.00028490027762018144	6.966698856558651e-05
20200217_EXPL2_Evo1_AMV_SA_21m_DIA_Prot_HeLa_SUBCELL_EGF_2min_FR4_Rep1	EGFR	24	0.00028490027762018144	6.966699288568634e-07
20200217_EXPL2_Evo1_AMV_SA_21m_DIA_Prot_HeLa_SUBCELL_EGF_2min_FR4_Rep2	GRB2	10	0.0002442598924972117	6.016846896272909e-07
20200217_EXPL2_Evo1_AMV_SA_21m_DIA_Prot_HeLa_SUBCELL_EGF_2min_FR4_Rep2	SHC1	16	0.0002442598924972117	6.016846896272909e-07
20200217_EXPL2_Evo1_AMV_SA_21m_DIA_Prot_HeLa_SUBCELL_EGF_2min_FR4_Rep2	CBL	6	0.0002442598924972117	0.00010239082621410489
20200217_EXPL2_Evo1_AMV_SA_21m_DIA_Prot_HeLa_SUBCELL_EGF_2min_FR4_Rep2	EGFR	28	0.0002442598924972117	6.016846896272909e-07
20200217_EXPL2_Evo1_AMV_SA_21m_DIA_Prot_HeLa_SUBCELL_EGF_2min_FR4_Rep3	GRB2	9	0.00026116479421034455	1.3182177553971997e-06
20200217_EXPL2_Evo1_AMV_SA_21m_DIA_Prot_HeLa_SUBCELL_EGF_2min_FR4_Rep3	SHC1	13	0.00026116479421034455	1.3182177553971997e-06
20200217_EXPL2_Evo1_AMV_SA_21m_DIA_Prot_HeLa_SUBCELL_EGF_2min_FR4_Rep3	CBL	5	0.00026116479421034455	0.00013537905761040747
20200217_EXPL2_Evo1_AMV_SA_21m_DIA_Prot_HeLa_SUBCELL_EGF_2min_FR4_Rep3	EGFR	23	0.00026116479421034455	1.3182177553971997e-06
20200217_EXPL2_Evo1_AMV_SA_21m_DIA_Prot_HeLa_SUBCELL_EGF_2min_FR4_Rep4	GRB2	5	0.0002658867451827973	9.039139285960118e-07
20200217_EXPL2_Evo1_AMV_SA_21m_DIA_Prot_HeLa_SUBCELL_EGF_2min_FR4_Rep4	SHC1	14	0.0002658867451827973	9.039139285960118e-07
20200217_EXPL2_Evo1_AMV_SA_21m_DIA_Prot_HeLa_SUBCELL_EGF_2min_FR4_Rep4	CBL	5	0.0002658867451827973	0.0001402393390890211
20200217_EXPL2_Evo1_AMV_SA_21m_DIA_Prot_HeLa_SUBCELL_EGF_2min_FR4_Rep4	EGFR	25	0.0002658867451827973	9.039139285960118e-07
20200217_EXPL2_Evo1_AMV_SA_21m_DIA_Prot_HeLa_SUBCELL_EGF_2min_FR5_Rep1	GRB2	0		
20200217_EXPL2_Evo1_AMV_SA_21m_DIA_Prot_HeLa_SUBCELL_EGF_2min_FR5_Rep1	SHC1	1	0.0017441860400140285	0.00012598690227605402
20200217_EXPL2_Evo1_AMV_SA_21m_DIA_Prot_HeLa_SUBCELL_EGF_2min_FR5_Rep1	CBL	0		
20200217_EXPL2_Evo1_AMV_SA_21m_DIA_Prot_HeLa_SUBCELL_EGF_2min_FR5_Rep1	EGFR	1	0.012588943354785442	0.003258973825722933
20200217_EXPL2_Evo1_AMV_SA_21m_DIA_Prot_HeLa_SUBCELL_EGF_2min_FR5_Rep2	GRB2	0		
20200217_EXPL2_Evo1_AMV_SA_21m_DIA_Prot_HeLa_SUBCELL_EGF_2min_FR5_Rep2	SHC1	1	0.0005929439794272184	6.343165068756207e-07
20200217_EXPL2_Evo1_AMV_SA_21m_DIA_Prot_HeLa_SUBCELL_EGF_2min_FR5_Rep2	CBL	0		
20200217_EXPL2_Evo1_AMV_SA_21m_DIA_Prot_HeLa_SUBCELL_EGF_2min_FR5_Rep2	EGFR	4	0.00030478512053377926	7.985306729096919e-05
20200217_EXPL2_Evo1_AMV_SA_21m_DIA_Prot_HeLa_SUBCELL_EGF_2min_FR5_Rep3	GRB2	0		
20200217_EXPL2_Evo1_AMV_SA_21m_DIA_Prot_HeLa_SUBCELL_EGF_2min_FR5_Rep3	SHC1	1	0.0024972253013402224	4.446223101695068e-05
20200217_EXPL2_Evo1_AMV_SA_21m_DIA_Prot_HeLa_SUBCELL_EGF_2min_FR5_Rep3	CBL	1	0.008372579701244831	0.0014012738829478621
20200217_EXPL2_Evo1_AMV_SA_21m_DIA_Prot_HeLa_SUBCELL_EGF_2min_FR5_Rep3	EGFR	5	0.000292056065518409	0.0002244416973553598
20200217_EXPL2_Evo1_AMV_SA_21m_DIA_Prot_HeLa_SUBCELL_EGF_2min_FR5_Rep4	GRB2	0		
20200217_EXPL2_Evo1_AMV_SA_21m_DIA_Prot_HeLa_SUBCELL_EGF_2min_FR5_Rep4	SHC1	2	0.00028860027668997645	6.146281521068886e-05
20200217_EXPL2_Evo1_AMV_SA_21m_DIA_Prot_HeLa_SUBCELL_EGF_2min_FR5_Rep4	CBL	2	0.0021739129442721605	0.0023130783811211586
20200217_EXPL2_Evo1_AMV_SA_21m_DIA_Prot_HeLa_SUBCELL_EGF_2min_FR5_Rep4	EGFR	2	0.00028860027668997645	0.002365758642554283
20200217_EXPL2_Evo1_AMV_SA_21m_DIA_Prot_HeLa_SUBCELL_EGF_2min_FR6_Rep1	GRB2	0		
20200217_EXPL2_Evo1_AMV_SA_21m_DIA_Prot_HeLa_SUBCELL_EGF_2min_FR6_Rep1	SHC1	3	0.00030385900754481554	1.0749221246442175e-06
20200217_EXPL2_Evo1_AMV_SA_21m_DIA_Prot_HeLa_SUBCELL_EGF_2min_FR6_Rep1	CBL	2	0.0021953897085040808	0.0025898348540067673
20200217_EXPL2_Evo1_AMV_SA_21m_DIA_Prot_HeLa_SUBCELL_EGF_2min_FR6_Rep1	EGFR	7	0.00030385900754481554	0.0001695202518021688
20200217_EXPL2_Evo1_AMV_SA_21m_DIA_Prot_HeLa_SUBCELL_EGF_2min_FR6_Rep2	GRB2	0		
20200217_EXPL2_Evo1_AMV_SA_21m_DIA_Prot_HeLa_SUBCELL_EGF_2min_FR6_Rep2	SHC1	3	0.0002707092498894781	8.064516441663727e-05
20200217_EXPL2_Evo1_AMV_SA_21m_DIA_Prot_HeLa_SUBCELL_EGF_2min_FR6_Rep2	CBL	1	0.028565557673573494	0.0017698535230010748
20200217_EXPL2_Evo1_AMV_SA_21m_DIA_Prot_HeLa_SUBCELL_EGF_2min_FR6_Rep2	EGFR	10	0.0002707092498894781	8.064516441663727e-05
20200217_EXPL2_Evo1_AMV_SA_21m_DIA_Prot_HeLa_SUBCELL_EGF_2min_FR6_Rep3	GRB2	1	0.0033167495857924223	0.0004737315757665783
20200217_EXPL2_Evo1_AMV_SA_21m_DIA_Prot_HeLa_SUBCELL_EGF_2min_FR6_Rep3	SHC1	2	0.00030845156288705766	0.0001163196429843083
20200217_EXPL2_Evo1_AMV_SA_21m_DIA_Prot_HeLa_SUBCELL_EGF_2min_FR6_Rep3	CBL	0		
20200217_EXPL2_Evo1_AMV_SA_21m_DIA_Prot_HeLa_SUBCELL_EGF_2min_FR6_Rep3	EGFR	10	0.00030845156288705766	1.1088933433711645e-06
20200217_EXPL2_Evo1_AMV_SA_21m_DIA_Prot_HeLa_SUBCELL_EGF_2min_FR6_Rep4	GRB2	1	0.0095075573772192	0.0012299634981900454
20200217_EXPL2_Evo1_AMV_SA_21m_DIA_Prot_HeLa_SUBCELL_EGF_2min_FR6_Rep4	SHC1	3	0.00030835645156912506	0.0002184002223657444
20200217_EXPL2_Evo1_AMV_SA_21m_DIA_Prot_HeLa_SUBCELL_EGF_2min_FR6_Rep4	CBL	1	0.07257365435361862	0.005842665210366249
20200217_EXPL2_Evo1_AMV_SA_21m_DIA_Prot_HeLa_SUBCELL_EGF_2min_FR6_Rep4	EGFR	9	0.00030835645156912506	0.0001283614692511037
20200217_EXPL2_Evo1_AMV_SA_21m_DIA_Prot_HeLa_SUBCELL_EGF_8min_FR1_Rep1	GRB2	3	0.00034176348708570004	0.0001252818910870701
20200217_EXPL2_Evo1_AMV_SA_21m_DIA_Prot_HeLa_SUBCELL_EGF_8min_FR1_Rep1	SHC1	6	0.00034176348708570004	1.2528188335636514e-06
20200217_EXPL2_Evo1_AMV_SA_21m_DIA_Prot_HeLa_SUBCELL_EGF_8min_FR1_Rep1	CBL	1	0.009316770359873772	0.0005066996673122048
20200217_EXPL2_Evo1_AMV_SA_21m_DIA_Prot_HeLa_SUBCELL_EGF_8min_FR1_Rep1	EGFR	0		
20200217_EXPL2_Evo1_AMV_SA_21m_DIA_Prot_HeLa_SUBCELL_EGF_8min_FR1_Rep2	GRB2	3	0.00031847134232521057	0.00013819789455737919
20200217_EXPL2_Evo1_AMV_SA_21m_DIA_Prot_HeLa_SUBCELL_EGF_8min_FR1_Rep2	SHC1	6	0.00031847134232521057	1.381979018333368e-06
20200217_EXPL2_Evo1_AMV_SA_21m_DIA_Prot_HeLa_SUBCELL_EGF_8min_FR1_Rep2	CBL	1	0.013557483442127705	0.0007145997951738536
20200217_EXPL2_Evo1_AMV_SA_21m_DIA_Prot_HeLa_SUBCELL_EGF_8min_FR1_Rep2	EGFR	0		
20200217_EXPL2_Evo1_AMV_SA_21m_DIA_Prot_HeLa_SUBCELL_EGF_8min_FR1_Rep3	GRB2	4	0.00030571690876968205	0.00015907103079371154
20200217_EXPL2_Evo1_AMV_SA_21m_DIA_Prot_HeLa_SUBCELL_EGF_8min_FR1_Rep3	SHC1	8	0.00030571690876968205	1.5907102124401717e-06
20200217_EXPL2_Evo1_AMV_SA_21m_DIA_Prot_HeLa_SUBCELL_EGF_8min_FR1_Rep3	CBL	1	0.005442176945507526	0.00702311797067523
20200217_EXPL2_Evo1_AMV_SA_21m_DIA_Prot_HeLa_SUBCELL_EGF_8min_FR1_Rep3	EGFR	0		
20200217_EXPL2_Evo1_AMV_SA_21m_DIA_Prot_HeLa_SUBCELL_EGF_8min_FR1_Rep4	GRB2	3	0.000309501716401428	0.00019403660553507507
20200217_EXPL2_Evo1_AMV_SA_21m_DIA_Prot_HeLa_SUBCELL_EGF_8min_FR1_Rep4	SHC1	9	0.000309501716401428	0.00015262515807989985
20200217_EXPL2_Evo1_AMV_SA_21m_DIA_Prot_HeLa_SUBCELL_EGF_8min_FR1_Rep4	CBL	2	0.0006002400768920779	0.0011308728717267513
20200217_EXPL2_Evo1_AMV_SA_21m_DIA_Prot_HeLa_SUBCELL_EGF_8min_FR1_Rep4	EGFR	0		
20200217_EXPL2_Evo1_AMV_SA_21m_DIA_Prot_HeLa_SUBCELL_EGF_8min_FR2_Rep1	GRB2	4	0.000281928398180753	0.00014091785124037415
20200217_EXPL2_Evo1_AMV_SA_21m_DIA_Prot_HeLa_SUBCELL_EGF_8min_FR2_Rep1	SHC1	3	0.000281928398180753	0.00010402038606116548
20200217_EXPL2_Evo1_AMV_SA_21m_DIA_Prot_HeLa_SUBCELL_EGF_8min_FR2_Rep1	CBL	0		
20200217_EXPL2_Evo1_AMV_SA_21m_DIA_Prot_HeLa_SUBCELL_EGF_8min_FR2_Rep1	EGFR	1	0.015246188268065453	0.0006119451718404889
20200217_EXPL2_Evo1_AMV_SA_21m_DIA_Prot_HeLa_SUBCELL_EGF_8min_FR2_Rep2	GRB2	5	0.0002604844921734184	0.0001307417405769229
20200217_EXPL2_Evo1_AMV_SA_21m_DIA_Prot_HeLa_SUBCELL_EGF_8min_FR2_Rep2	SHC1	3	0.0002604844921734184	5.842827886226587e-05
20200217_EXPL2_Evo1_AMV_SA_21m_DIA_Prot_HeLa_SUBCELL_EGF_8min_FR2_Rep2	CBL	2	0.003395585808902979	0.002382552484050393
20200217_EXPL2_Evo1_AMV_SA_21m_DIA_Prot_HeLa_SUBCELL_EGF_8min_FR2_Rep2	EGFR	0		
20200217_EXPL2_Evo1_AMV_SA_21m_DIA_Prot_HeLa_SUBCELL_EGF_8min_FR2_Rep3	GRB2	3	0.00026838431949727237	9.398496331414208e-05
20200217_EXPL2_Evo1_AMV_SA_21m_DIA_Prot_HeLa_SUBCELL_EGF_8min_FR2_Rep3	SHC1	3	0.00026838431949727237	9.398496331414208e-05
20200217_EXPL2_Evo1_AMV_SA_21m_DIA_Prot_HeLa_SUBCELL_EGF_8min_FR2_Rep3	CBL	0		
20200217_EXPL2_Evo1_AMV_SA_21m_DIA_Prot_HeLa_SUBCELL_EGF_8min_FR2_Rep3	EGFR	0		
20200217_EXPL2_Evo1_AMV_SA_21m_DIA_Prot_HeLa_SUBCELL_EGF_8min_FR2_Rep4	GRB2	5	0.0002707092498894781	7.005254155956209e-05
20200217_EXPL2_Evo1_AMV_SA_21m_DIA_Prot_HeLa_SUBCELL_EGF_8min_FR2_Rep4	SHC1	3	0.0002707092498894781	7.005254155956209e-05
20200217_EXPL2_Evo1_AMV_SA_21m_DIA_Prot_HeLa_SUBCELL_EGF_8min_FR2_Rep4	CBL	2	0.0002707092498894781	8.83158209035173e-05
20200217_EXPL2_Evo1_AMV_SA_21m_DIA_Prot_HeLa_SUBCELL_EGF_8min_FR2_Rep4	EGFR	0		
20200217_EXPL2_Evo1_AMV_SA_21m_DIA_Prot_HeLa_SUBCELL_EGF_8min_FR3_Rep1	GRB2	5	0.0003760812396649271	1.1944576954192598e-06
20200217_EXPL2_Evo1_AMV_SA_21m_DIA_Prot_HeLa_SUBCELL_EGF_8min_FR3_Rep1	SHC1	2	0.0003760812396649271	1.1944576954192598e-06
20200217_EXPL2_Evo1_AMV_SA_21m_DIA_Prot_HeLa_SUBCELL_EGF_8min_FR3_Rep1	CBL	0		
20200217_EXPL2_Evo1_AMV_SA_21m_DIA_Prot_HeLa_SUBCELL_EGF_8min_FR3_Rep1	EGFR	4	0.0003760812396649271	1.1944576954192598e-06
20200217_EXPL2_Evo1_AMV_SA_21m_DIA_Prot_HeLa_SUBCELL_EGF_8min_FR3_Rep2	GRB2	5	0.00031075201695784926	1.336183913736022e-06
20200217_EXPL2_Evo1_AMV_SA_21m_DIA_Prot_HeLa_SUBCELL_EGF_8min_FR3_Rep2	SHC1	4	0.00031075201695784926	1.336183913736022e-06
20200217_EXPL2_Evo1_AMV_SA_21m_DIA_Prot_HeLa_SUBCELL_EGF_8min_FR3_Rep2	CBL	1	0.007475083228200674	0.0066936686635017395
20200217_EXPL2_Evo1_AMV_SA_21m_DIA_Prot_HeLa_SUBCELL_EGF_8min_FR3_Rep2	EGFR	4	0.00031075201695784926	0.0001336183922830969
20200217_EXPL2_Evo1_AMV_SA_21m_DIA_Prot_HeLa_SUBCELL_EGF_8min_FR3_Rep3	GRB2	4	0.00035637919791042805	1.779359422471316e-06
20200217_EXPL2_Evo1_AMV_SA_21m_DIA_Prot_HeLa_SUBCELL_EGF_8min_FR3_Rep3	SHC1	4	0.00035637919791042805	0.0002529297780711204
20200217_EXPL2_Evo1_AMV_SA_21m_DIA_Prot_HeLa_SUBCELL_EGF_8min_FR3_Rep3	CBL	0		
20200217_EXPL2_Evo1_AMV_SA_21m_DIA_Prot_HeLa_SUBCELL_EGF_8min_FR3_Rep3	EGFR	4	0.00035637919791042805	0.00017793594452086836
20200217_EXPL2_Evo1_AMV_SA_21m_DIA_Prot_HeLa_SUBCELL_EGF_8min_FR3_Rep4	GRB2	6	0.00035236080293543637	1.5857913240324706e-06
20200217_EXPL2_Evo1_AMV_SA_21m_DIA_Prot_HeLa_SUBCELL_EGF_8min_FR3_Rep4	SHC1	6	0.00035236080293543637	1.5857913240324706e-06
20200217_EXPL2_Evo1_AMV_SA_21m_DIA_Prot_HeLa_SUBCELL_EGF_8min_FR3_Rep4	CBL	2	0.00035236080293543637	0.0013807209907099605
20200217_EXPL2_Evo1_AMV_SA_21m_DIA_Prot_HeLa_SUBCELL_EGF_8min_FR3_Rep4	EGFR	8	0.00035236080293543637	1.5857913240324706e-06
20200217_EXPL2_Evo1_AMV_SA_21m_DIA_Prot_HeLa_SUBCELL_EGF_8min_FR4_Rep1	GRB2	9	0.0002997601986862719	7.360518452514953e-07
20200217_EXPL2_Evo1_AMV_SA_21m_DIA_Prot_HeLa_SUBCELL_EGF_8min_FR4_Rep1	SHC1	13	0.0002997601986862719	7.360518452514953e-07
20200217_EXPL2_Evo1_AMV_SA_21m_DIA_Prot_HeLa_SUBCELL_EGF_8min_FR4_Rep1	CBL	8	0.0002997601986862719	7.360518452514953e-07
20200217_EXPL2_Evo1_AMV_SA_21m_DIA_Prot_HeLa_SUBCELL_EGF_8min_FR4_Rep1	EGFR	23	0.0002997601986862719	7.360518452514953e-07
20200217_EXPL2_Evo1_AMV_SA_21m_DIA_Prot_HeLa_SUBCELL_EGF_8min_FR4_Rep2	GRB2	9	0.00025846471544355154	0.0001017501053865999
20200217_EXPL2_Evo1_AMV_SA_21m_DIA_Prot_HeLa_SUBCELL_EGF_8min_FR4_Rep2	SHC1	14	0.00025846471544355154	1.017501062960946e-06
20200217_EXPL2_Evo1_AMV_SA_21m_DIA_Prot_HeLa_SUBCELL_EGF_8min_FR4_Rep2	CBL	4	0.00025846471544355154	0.00011734334839275107
20200217_EXPL2_Evo1_AMV_SA_21m_DIA_Prot_HeLa_SUBCELL_EGF_8min_FR4_Rep2	EGFR	22	0.00025846471544355154	1.017501062960946e-06
20200217_EXPL2_Evo1_AMV_SA_21m_DIA_Prot_HeLa_SUBCELL_EGF_8min_FR4_Rep3	GRB2	9	0.0002857142826542258	7.22856725587917e-07
20200217_EXPL2_Evo1_AMV_SA_21m_DIA_Prot_HeLa_SUBCELL_EGF_8min_FR4_Rep3	SHC1	12	0.0002857142826542258	7.22856725587917e-07
20200217_EXPL2_Evo1_AMV_SA_21m_DIA_Prot_HeLa_SUBCELL_EGF_8min_FR4_Rep3	CBL	4	0.0002857142826542258	0.0002449299499858171
20200217_EXPL2_Evo1_AMV_SA_21m_DIA_Prot_HeLa_SUBCELL_EGF_8min_FR4_Rep3	EGFR	21	0.0002857142826542258	7.22856725587917e-07
20200217_EXPL2_Evo1_AMV_SA_21m_DIA_Prot_HeLa_SUBCELL_EGF_8min_FR4_Rep4	GRB2	9	0.00026946913567371666	7.686986123189854e-07
20200217_EXPL2_Evo1_AMV_SA_21m_DIA_Prot_HeLa_SUBCELL_EGF_8min_FR4_Rep4	SHC1	11	0.00026946913567371666	7.686986123189854e-07
20200217_EXPL2_Evo1_AMV_SA_21m_DIA_Prot_HeLa_SUBCELL_EGF_8min_FR4_Rep4	CBL	4	0.00026946913567371666	0.000213276463910006
20200217_EXPL2_Evo1_AMV_SA_21m_DIA_Prot_HeLa_SUBCELL_EGF_8min_FR4_Rep4	EGFR	19	0.00026946913567371666	7.686986123189854e-07
20200217_EXPL2_Evo1_AMV_SA_21m_DIA_Prot_HeLa_SUBCELL_EGF_8min_FR5_Rep1	GRB2	0		
20200217_EXPL2_Evo1_AMV_SA_21m_DIA_Prot_HeLa_SUBCELL_EGF_8min_FR5_Rep1	SHC1	1	0.0009132419945672154	5.501155442289019e-07
20200217_EXPL2_Evo1_AMV_SA_21m_DIA_Prot_HeLa_SUBCELL_EGF_8min_FR5_Rep1	CBL	1	0.004748603329062462	0.0008478168747387826
20200217_EXPL2_Evo1_AMV_SA_21m_DIA_Prot_HeLa_SUBCELL_EGF_8min_FR5_Rep1	EGFR	2	0.0003124999930150807	0.0037808355409651995
20200217_EXPL2_Evo1_AMV_SA_21m_DIA_Prot_HeLa_SUBCELL_EGF_8min_FR5_Rep2	GRB2	0		
20200217_EXPL2_Evo1_AMV_SA_21m_DIA_Prot_HeLa_SUBCELL_EGF_8min_FR5_Rep2	SHC1	1	0.0014463408151641488	4.901960710412823e-05
20200217_EXPL2_Evo1_AMV_SA_21m_DIA_Prot_HeLa_SUBCELL_EGF_8min_FR5_Rep2	CBL	0		
20200217_EXPL2_Evo1_AMV_SA_21m_DIA_Prot_HeLa_SUBCELL_EGF_8min_FR5_Rep2	EGFR	2	0.0003062787000089884	0.00012969608360435814
20200217_EXPL2_Evo1_AMV_SA_21m_DIA_Prot_HeLa_SUBCELL_EGF_8min_FR5_Rep3	GRB2	1	0.00321802101098001	0.003353314707055688
20200217_EXPL2_Evo1_AMV_SA_21m_DIA_Prot_HeLa_SUBCELL_EGF_8min_FR5_Rep3	SHC1	2	0.00030257186153903604	5.487269663717598e-05
20200217_EXPL2_Evo1_AMV_SA_21m_DIA_Prot_HeLa_SUBCELL_EGF_8min_FR5_Rep3	CBL	1	0.011372251436114311	0.006838476285338402
20200217_EXPL2_Evo1_AMV_SA_21m_DIA_Prot_HeLa_SUBCELL_EGF_8min_FR5_Rep3	EGFR	5	0.00030257186153903604	5.487269663717598e-05
20200217_EXPL2_Evo1_AMV_SA_21m_DIA_Prot_HeLa_SUBCELL_EGF_8min_FR5_Rep4	GRB2	0		
20200217_EXPL2_Evo1_AMV_SA_21m_DIA_Prot_HeLa_SUBCELL_EGF_8min_FR5_Rep4	SHC1	1	0.001123280031606555	6.080875755287707e-05
20200217_EXPL2_Evo1_AMV_SA_21m_DIA_Prot_HeLa_SUBCELL_EGF_8min_FR5_Rep4	CBL	0		
20200217_EXPL2_Evo1_AMV_SA_21m_DIA_Prot_HeLa_SUBCELL_EGF_8min_FR5_Rep4	EGFR	4	0.0002892681513912976	0.00012705403787549585
20200217_EXPL2_Evo1_AMV_SA_21m_DIA_Prot_HeLa_SUBCELL_EGF_8min_FR6_Rep1	GRB2	1	0.006214396562427282	0.0006519471644423902
20200217_EXPL2_Evo1_AMV_SA_21m_DIA_Prot_HeLa_SUBCELL_EGF_8min_FR6_Rep1	SHC1	4	0.0003067484649363905	1.161035697805346e-06
20200217_EXPL2_Evo1_AMV_SA_21m_DIA_Prot_HeLa_SUBCELL_EGF_8min_FR6_Rep1	CBL	1	0.0005873715272173285	0.0003210419963579625
20200217_EXPL2_Evo1_AMV_SA_21m_DIA_Prot_HeLa_SUBCELL_EGF_8min_FR6_Rep1	EGFR	12	0.0003067484649363905	1.161035697805346e-06
20200217_EXPL2_Evo1_AMV_SA_21m_DIA_Prot_HeLa_SUBCELL_EGF_8min_FR6_Rep2	GRB2	1	0.01452969666570425	0.0019097927724942565
20200217_EXPL2_Evo1_AMV_SA_21m_DIA_Prot_HeLa_SUBCELL_EGF_8min_FR6_Rep2	SHC1	4	0.00033467201865278184	0.00013224889698904008
20200217_EXPL2_Evo1_AMV_SA_21m_DIA_Prot_HeLa_SUBCELL_EGF_8min_FR6_Rep2	CBL	1	0.029719853773713112	0.0017582597211003304
20200217_EXPL2_Evo1_AMV_SA_21m_DIA_Prot_HeLa_SUBCELL_EGF_8min_FR6_Rep2	EGFR	11	0.00033467201865278184	0.00013224889698904008
20200217_EXPL2_Evo1_AMV_SA_21m_DIA_Prot_HeLa_SUBCELL_EGF_8min_FR6_Rep3	GRB2	1	0.0011976048117503524	0.0001145213027484715
20200217_EXPL2_Evo1_AMV_SA_21m_DIA_Prot_HeLa_SUBCELL_EGF_8min_FR6_Rep3	SHC1	5	0.0003304692800156772	0.00011111111234640703
20200217_EXPL2_Evo1_AMV_SA_21m_DIA_Prot_HeLa_SUBCELL_EGF_8min_FR6_Rep3	CBL	1	0.0014518002280965447	0.008755825459957123
20200217_EXPL2_Evo1_AMV_SA_21m_DIA_Prot_HeLa_SUBCELL_EGF_8min_FR6_Rep3	EGFR	10	0.0003304692800156772	0.00011111111234640703
20200217_EXPL2_Evo1_AMV_SA_21m_DIA_Prot_HeLa_SUBCELL_EGF_8min_FR6_Rep4	GRB2	2	0.0003590664127841592	0.00010720411955844611
20200217_EXPL2_Evo1_AMV_SA_21m_DIA_Prot_HeLa_SUBCELL_EGF_8min_FR6_Rep4	SHC1	7	0.0003590664127841592	1.072041186489514e-06
20200217_EXPL2_Evo1_AMV_SA_21m_DIA_Prot_HeLa_SUBCELL_EGF_8min_FR6_Rep4	CBL	3	0.0003590664127841592	0.00028873360133729875
20200217_EXPL2_Evo1_AMV_SA_21m_DIA_Prot_HeLa_SUBCELL_EGF_8min_FR6_Rep4	EGFR	17	0.0003590664127841592	0.00010720411955844611
20200217_EXPL2_Evo1_AMV_SA_21m_DIA_Prot_HeLa_SUBCELL_EGF_90min_FR1_Rep1	GRB2	3	0.00027639578911475837	8.14597588032484e-05
20200217_EXPL2_Evo1_AMV_SA_21m_DIA_Prot_HeLa_SUBCELL_EGF_90min_FR1_Rep1	SHC1	11	0.00027639578911475837	8.1459756984259e-07
20200217_EXPL2_Evo1_AMV_SA_21m_DIA_Prot_HeLa_SUBCELL_EGF_90min_FR1_Rep1	CBL	7	0.00027639578911475837	0.00014159291458781809
20200217_EXPL2_Evo1_AMV_SA_21m_DIA_Prot_HeLa_SUBCELL_EGF_90min_FR1_Rep1	EGFR	0		
20200217_EXPL2_Evo1_AMV_SA_21m_DIA_Prot_HeLa_SUBCELL_EGF_90min_FR1_Rep2	GRB2	3	0.00032041012309491634	0.00013422819029074162
20200217_EXPL2_Evo1_AMV_SA_21m_DIA_Prot_HeLa_SUBCELL_EGF_90min_FR1_Rep2	SHC1	10	0.00032041012309491634	1.3422818483377341e-06
20200217_EXPL2_Evo1_AMV_SA_21m_DIA_Prot_HeLa_SUBCELL_EGF_90min_FR1_Rep2	CBL	2	0.00032041012309491634	0.0001718508283374831
20200217_EXPL2_Evo1_AMV_SA_21m_DIA_Prot_HeLa_SUBCELL_EGF_90min_FR1_Rep2	EGFR	0		
20200217_EXPL2_Evo1_AMV_SA_21m_DIA_Prot_HeLa_SUBCELL_EGF_90min_FR1_Rep3	GRB2	4	0.0003101736947428435	9.375585818816035e-07
20200217_EXPL2_Evo1_AMV_SA_21m_DIA_Prot_HeLa_SUBCELL_EGF_90min_FR1_Rep3	SHC1	11	0.0003101736947428435	9.375585818816035e-07
20200217_EXPL2_Evo1_AMV_SA_21m_DIA_Prot_HeLa_SUBCELL_EGF_90min_FR1_Rep3	CBL	4	0.0003101736947428435	0.00024326954735442996
20200217_EXPL2_Evo1_AMV_SA_21m_DIA_Prot_HeLa_SUBCELL_EGF_90min_FR1_Rep3	EGFR	0		
20200217_EXPL2_Evo1_AMV_SA_21m_DIA_Prot_HeLa_SUBCELL_EGF_90min_FR1_Rep4	GRB2	4	0.0003368137404322624	0.00020652622333727777
20200217_EXPL2_Evo1_AMV_SA_21m_DIA_Prot_HeLa_SUBCELL_EGF_90min_FR1_Rep4	SHC1	11	0.0003368137404322624	2.06526237889193e-06
20200217_EXPL2_Evo1_AMV_SA_21m_DIA_Prot_HeLa_SUBCELL_EGF_90min_FR1_Rep4	CBL	4	0.0003368137404322624	2.06526237889193e-06
20200217_EXPL2_Evo1_AMV_SA_21m_DIA_Prot_HeLa_SUBCELL_EGF_90min_FR1_Rep4	EGFR	0		
20200217_EXPL2_Evo1_AMV_SA_21m_DIA_Prot_HeLa_SUBCELL_EGF_90min_FR2_Rep1	GRB2	2	0.00027085590409114957	8.700191392563283e-05
20200217_EXPL2_Evo1_AMV_SA_21m_DIA_Prot_HeLa_SUBCELL_EGF_90min_FR2_Rep1	SHC1	2	0.00027085590409114957	8.700191392563283e-05
20200217_EXPL2_Evo1_AMV_SA_21m_DIA_Prot_HeLa_SUBCELL_EGF_90min_FR2_Rep1	CBL	0		
20200217_EXPL2_Evo1_AMV_SA_21m_DIA_Prot_HeLa_SUBCELL_EGF_90min_FR2_Rep1	EGFR	0		
20200217_EXPL2_Evo1_AMV_SA_21m_DIA_Prot_HeLa_SUBCELL_EGF_90min_FR2_Rep2	GRB2	3	0.00026680895825847983	7.877116877352819e-05
20200217_EXPL2_Evo1_AMV_SA_21m_DIA_Prot_HeLa_SUBCELL_EGF_90min_FR2_Rep2	SHC1	4	0.00026680895825847983	7.877116877352819e-05
20200217_EXPL2_Evo1_AMV_SA_21m_DIA_Prot_HeLa_SUBCELL_EGF_90min_FR2_Rep2	CBL	1	0.005490570329129696	0.002194982022047043
20200217_EXPL2_Evo1_AMV_SA_21m_DIA_Prot_HeLa_SUBCELL_EGF_90min_FR2_Rep2	EGFR	0		
20200217_EXPL2_Evo1_AMV_SA_21m_DIA_Prot_HeLa_SUBCELL_EGF_90min_FR2_Rep3	GRB2	2	0.0002906976733356714	0.0004297009145375341
20200217_EXPL2_Evo1_AMV_SA_21m_DIA_Prot_HeLa_SUBCELL_EGF_90min_FR2_Rep3	SHC1	2	0.0002906976733356714	0.0001262148143723607
20200217_EXPL2_Evo1_AMV_SA_21m_DIA_Prot_HeLa_SUBCELL_EGF_90min_FR2_Rep3	CBL	0		
20200217_EXPL2_Evo1_AMV_SA_21m_DIA_Prot_HeLa_SUBCELL_EGF_90min_FR2_Rep3	EGFR	0		
20200217_EXPL2_Evo1_AMV_SA_21m_DIA_Prot_HeLa_SUBCELL_EGF_90min_FR2_Rep4	GRB2	3	0.00026809651171788573	0.0001276487164432183
20200217_EXPL2_Evo1_AMV_SA_21m_DIA_Prot_HeLa_SUBCELL_EGF_90min_FR2_Rep4	SHC1	1	0.002046035835519433	0.0001276487164432183
20200217_EXPL2_Evo1_AMV_SA_21m_DIA_Prot_HeLa_SUBCELL_EGF_90min_FR2_Rep4	CBL	0		
20200217_EXPL2_Evo1_AMV_SA_21m_DIA_Prot_HeLa_SUBCELL_EGF_90min_FR2_Rep4	EGFR	0		
20200217_EXPL2_Evo1_AMV_SA_21m_DIA_Prot_HeLa_SUBCELL_EGF_90min_FR3_Rep1	GRB2	5	0.0002770850551314652	7.384978744084947e-07
20200217_EXPL2_Evo1_AMV_SA_21m_DIA_Prot_HeLa_SUBCELL_EGF_90min_FR3_Rep1	SHC1	2	0.0002770850551314652	7.384978744084947e-07
20200217_EXPL2_Evo1_AMV_SA_21m_DIA_Prot_HeLa_SUBCELL_EGF_90min_FR3_Rep1	CBL	1	0.0002770850551314652	1.0094377103087027e-06
20200217_EXPL2_Evo1_AMV_SA_21m_DIA_Prot_HeLa_SUBCELL_EGF_90min_FR3_Rep1	EGFR	10	0.0002770850551314652	7.384978744084947e-07
20200217_EXPL2_Evo1_AMV_SA_21m_DIA_Prot_HeLa_SUBCELL_EGF_90min_FR3_Rep2	GRB2	3	0.0002789400168694556	1.113957864617987e-06
20200217_EXPL2_Evo1_AMV_SA_21m_DIA_Prot_HeLa_SUBCELL_EGF_90min_FR3_Rep2	SHC1	5	0.0002789400168694556	1.113957864617987e-06
20200217_EXPL2_Evo1_AMV_SA_21m_DIA_Prot_HeLa_SUBCELL_EGF_90min_FR3_Rep2	CBL	1	0.005734230857342482	0.006166928447782993
20200217_EXPL2_Evo1_AMV_SA_21m_DIA_Prot_HeLa_SUBCELL_EGF_90min_FR3_Rep2	EGFR	5	0.0002789400168694556	0.00011139579146401957
20200217_EXPL2_Evo1_AMV_SA_21m_DIA_Prot_HeLa_SUBCELL_EGF_90min_FR3_Rep3	GRB2	2	0.00032310179085470736	0.00040225262637250125
20200217_EXPL2_Evo1_AMV_SA_21m_DIA_Prot_HeLa_SUBCELL_EGF_90min_FR3_Rep3	SHC1	2	0.00032310179085470736	0.00050163030391559
20200217_EXPL2_Evo1_AMV_SA_21m_DIA_Prot_HeLa_SUBCELL_EGF_90min_FR3_Rep3	CBL	1	0.06800000369548798	0.006688389461487532
20200217_EXPL2_Evo1_AMV_SA_21m_DIA_Prot_HeLa_SUBCELL_EGF_90min_FR3_Rep3	EGFR	5	0.00032310179085470736	9.561143815517426e-05
20200217_EXPL2_Evo1_AMV_SA_21m_DIA_Prot_HeLa_SUBCELL_EGF_90min_FR3_Rep4	GRB2	2	0.0003396739193703979	0.00017368649423588067
20200217_EXPL2_Evo1_AMV_SA_21m_DIA_Prot_HeLa_SUBCELL_EGF_90min_FR3_Rep4	SHC1	3	0.0003396739193703979	0.00019549067656043917
20200217_EXPL2_Evo1_AMV_SA_21m_DIA_Prot_HeLa_SUBCELL_EGF_90min_FR3_Rep4	CBL	0		
20200217_EXPL2_Evo1_AMV_SA_21m_DIA_Prot_HeLa_SUBCELL_EGF_90min_FR3_Rep4	EGFR	4	0.0003396739193703979	0.00017368649423588067
20200217_EXPL2_Evo1_AMV_SA_21m_DIA_Prot_HeLa_SUBCELL_EGF_90min_FR4_Rep1	GRB2	4	0.0002426006831228733	0.00011123470176244155
20200217_EXPL2_Evo1_AMV_SA_21m_DIA_Prot_HeLa_SUBCELL_EGF_90min_FR4_Rep1	SHC1	10	0.0002426006831228733	9.300595138483914e-07
20200217_EXPL2_Evo1_AMV_SA_21m_DIA_Prot_HeLa_SUBCELL_EGF_90min_FR4_Rep1	CBL	0		
20200217_EXPL2_Evo1_AMV_SA_21m_DIA_Prot_HeLa_SUBCELL_EGF_90min_FR4_Rep1	EGFR	13	0.0002426006831228733	9.300595411332324e-05
20200217_EXPL2_Evo1_AMV_SA_21m_DIA_Prot_HeLa_SUBCELL_EGF_90min_FR4_Rep2	GRB2	5	0.0002483238058630377	0.0001343544281553477
20200217_EXPL2_Evo1_AMV_SA_21m_DIA_Prot_HeLa_SUBCELL_EGF_90min_FR4_Rep2	SHC1	9	0.0002483238058630377	8.981498353932693e-07
20200217_EXPL2_Evo1_AMV_SA_21m_DIA_Prot_HeLa_SUBCELL_EGF_90min_FR4_Rep2	CBL	0		
20200217_EXPL2_Evo1_AMV_SA_21m_DIA_Prot_HeLa_SUBCELL_EGF_90min_FR4_Rep2	EGFR	14	0.0002483238058630377	8.981498353932693e-07
20200217_EXPL2_Evo1_AMV_SA_21m_DIA_Prot_HeLa_SUBCELL_EGF_90min_FR4_Rep3	GRB2	7	0.00027670172858051956	8.222331757679058e-07
20200217_EXPL2_Evo1_AMV_SA_21m_DIA_Prot_HeLa_SUBCELL_EGF_90min_FR4_Rep3	SHC1	8	0.00027670172858051956	8.222331757679058e-07
20200217_EXPL2_Evo1_AMV_SA_21m_DIA_Prot_HeLa_SUBCELL_EGF_90min_FR4_Rep3	CBL	0		
20200217_EXPL2_Evo1_AMV_SA_21m_DIA_Prot_HeLa_SUBCELL_EGF_90min_FR4_Rep3	EGFR	14	0.00027670172858051956	8.222331757679058e-07
20200217_EXPL2_Evo1_AMV_SA_21m_DIA_Prot_HeLa_SUBCELL_EGF_90min_FR4_Rep4	GRB2	4	0.00027517887065187097	9.026085194818734e-07
20200217_EXPL2_Evo1_AMV_SA_21m_DIA_Prot_HeLa_SUBCELL_EGF_90min_FR4_Rep4	SHC1	10	0.00027517887065187097	9.026085194818734e-07
20200217_EXPL2_Evo1_AMV_SA_21m_DIA_Prot_HeLa_SUBCELL_EGF_90min_FR4_Rep4	CBL	0		
20200217_EXPL2_Evo1_AMV_SA_21m_DIA_Prot_HeLa_SUBCELL_EGF_90min_FR4_Rep4	EGFR	12	0.00027517887065187097	9.026085194818734e-07
20200217_EXPL2_Evo1_AMV_SA_21m_DIA_Prot_HeLa_SUBCELL_EGF_90min_FR5_Rep1	GRB2	0		
20200217_EXPL2_Evo1_AMV_SA_21m_DIA_Prot_HeLa_SUBCELL_EGF_90min_FR5_Rep1	SHC1	1	0.012748222798109055	0.0005662870244123042
20200217_EXPL2_Evo1_AMV_SA_21m_DIA_Prot_HeLa_SUBCELL_EGF_90min_FR5_Rep1	CBL	0		
20200217_EXPL2_Evo1_AMV_SA_21m_DIA_Prot_HeLa_SUBCELL_EGF_90min_FR5_Rep1	EGFR	1	0.02005251869559288	0.00230617169290781
20200217_EXPL2_Evo1_AMV_SA_21m_DIA_Prot_HeLa_SUBCELL_EGF_90min_FR5_Rep2	GRB2	0		
20200217_EXPL2_Evo1_AMV_SA_21m_DIA_Prot_HeLa_SUBCELL_EGF_90min_FR5_Rep2	SHC1	1	0.0016051364364102483	4.814636486116797e-05
20200217_EXPL2_Evo1_AMV_SA_21m_DIA_Prot_HeLa_SUBCELL_EGF_90min_FR5_Rep2	CBL	0		
20200217_EXPL2_Evo1_AMV_SA_21m_DIA_Prot_HeLa_SUBCELL_EGF_90min_FR5_Rep2	EGFR	1	0.002116402145475149	0.0004084815736860037
20200217_EXPL2_Evo1_AMV_SA_21m_DIA_Prot_HeLa_SUBCELL_EGF_90min_FR5_Rep3	GRB2	0		
20200217_EXPL2_Evo1_AMV_SA_21m_DIA_Prot_HeLa_SUBCELL_EGF_90min_FR5_Rep3	SHC1	1	0.004179728217422962	0.00019986409461125731
20200217_EXPL2_Evo1_AMV_SA_21m_DIA_Prot_HeLa_SUBCELL_EGF_90min_FR5_Rep3	CBL	0		
20200217_EXPL2_Evo1_AMV_SA_21m_DIA_Prot_HeLa_SUBCELL_EGF_90min_FR5_Rep3	EGFR	2	0.00028826750349253416	0.00019986409461125731
20200217_EXPL2_Evo1_AMV_SA_21m_DIA_Prot_HeLa_SUBCELL_EGF_90min_FR5_Rep4	GRB2	0		
20200217_EXPL2_Evo1_AMV_SA_21m_DIA_Prot_HeLa_SUBCELL_EGF_90min_FR5_Rep4	SHC1	1	0.003322259057313204	0.00015532773977611214
20200217_EXPL2_Evo1_AMV_SA_21m_DIA_Prot_HeLa_SUBCELL_EGF_90min_FR5_Rep4	CBL	0		
20200217_EXPL2_Evo1_AMV_SA_21m_DIA_Prot_HeLa_SUBCELL_EGF_90min_FR5_Rep4	EGFR	2	0.003567788051441312	0.0022614202462136745
20200217_EXPL2_Evo1_AMV_SA_21m_DIA_Prot_HeLa_SUBCELL_EGF_90min_FR6_Rep1	GRB2	0		
20200217_EXPL2_Evo1_AMV_SA_21m_DIA_Prot_HeLa_SUBCELL_EGF_90min_FR6_Rep1	SHC1	2	0.00030395135399885476	0.000268396339379251
20200217_EXPL2_Evo1_AMV_SA_21m_DIA_Prot_HeLa_SUBCELL_EGF_90min_FR6_Rep1	CBL	0		
20200217_EXPL2_Evo1_AMV_SA_21m_DIA_Prot_HeLa_SUBCELL_EGF_90min_FR6_Rep1	EGFR	5	0.00030395135399885476	0.00011951714986935258
20200217_EXPL2_Evo1_AMV_SA_21m_DIA_Prot_HeLa_SUBCELL_EGF_90min_FR6_Rep2	GRB2	0		
20200217_EXPL2_Evo1_AMV_SA_21m_DIA_Prot_HeLa_SUBCELL_EGF_90min_FR6_Rep2	SHC1	2	0.00030959752621129155	0.00011029614688595757
20200217_EXPL2_Evo1_AMV_SA_21m_DIA_Prot_HeLa_SUBCELL_EGF_90min_FR6_Rep2	CBL	0		
20200217_EXPL2_Evo1_AMV_SA_21m_DIA_Prot_HeLa_SUBCELL_EGF_90min_FR6_Rep2	EGFR	5	0.00030959752621129155	1.1029615052393638e-06
20200217_EXPL2_Evo1_AMV_SA_21m_DIA_Prot_HeLa_SUBCELL_EGF_90min_FR6_Rep3	GRB2	1	0.009332023561000824	0.0010164588456973433
20200217_EXPL2_Evo1_AMV_SA_21m_DIA_Prot_HeLa_SUBCELL_EGF_90min_FR6_Rep3	SHC1	2	0.0003061849274672568	0.00011263163469266146
20200217_EXPL2_Evo1_AMV_SA_21m_DIA_Prot_HeLa_SUBCELL_EGF_90min_FR6_Rep3	CBL	1	0.03382616490125656	0.0021903770975768566
20200217_EXPL2_Evo1_AMV_SA_21m_DIA_Prot_HeLa_SUBCELL_EGF_90min_FR6_Rep3	EGFR	8	0.0003061849274672568	0.00011263163469266146
20200217_EXPL2_Evo1_AMV_SA_21m_DIA_Prot_HeLa_SUBCELL_EGF_90min_FR6_Rep4	GRB2	0		
20200217_EXPL2_Evo1_AMV_SA_21m_DIA_Prot_HeLa_SUBCELL_EGF_90min_FR6_Rep4	SHC1	0		
20200217_EXPL2_Evo1_AMV_SA_21m_DIA_Prot_HeLa_SUBCELL_EGF_90min_FR6_Rep4	CBL	0		
20200217_EXPL2_Evo1_AMV_SA_21m_DIA_Prot_HeLa_SUBCELL_EGF_90min_FR6_Rep4	EGFR	3	0.00031735957600176334	0.0001849910622695461
20200217_EXPL2_Evo1_AMV_SA_21m_DIA_Prot_HeLa_SUBCELL_EGF_CTRL_FR1_Rep1	GRB2	4	0.0002989536733366549	0.0001900598726933822
20200217_EXPL2_Evo1_AMV_SA_21m_DIA_Prot_HeLa_SUBCELL_EGF_CTRL_FR1_Rep1	SHC1	12	0.0002989536733366549	1.9005987041964545e-06
20200217_EXPL2_Evo1_AMV_SA_21m_DIA_Prot_HeLa_SUBCELL_EGF_CTRL_FR1_Rep1	CBL	7	0.0002989536733366549	0.0001900598726933822
20200217_EXPL2_Evo1_AMV_SA_21m_DIA_Prot_HeLa_SUBCELL_EGF_CTRL_FR1_Rep1	EGFR	0		
20200217_EXPL2_Evo1_AMV_SA_21m_DIA_Prot_HeLa_SUBCELL_EGF_CTRL_FR1_Rep2	GRB2	5	0.00029180041747167706	0.00015903307939879596
20200217_EXPL2_Evo1_AMV_SA_21m_DIA_Prot_HeLa_SUBCELL_EGF_CTRL_FR1_Rep2	SHC1	10	0.00029180041747167706	1.5903308394626947e-06
20200217_EXPL2_Evo1_AMV_SA_21m_DIA_Prot_HeLa_SUBCELL_EGF_CTRL_FR1_Rep2	CBL	6	0.00029180041747167706	1.5903308394626947e-06
20200217_EXPL2_Evo1_AMV_SA_21m_DIA_Prot_HeLa_SUBCELL_EGF_CTRL_FR1_Rep2	EGFR	0		
20200217_EXPL2_Evo1_AMV_SA_21m_DIA_Prot_HeLa_SUBCELL_EGF_CTRL_FR1_Rep3	GRB2	4	0.00032247661147266626	0.00028760425630025566
20200217_EXPL2_Evo1_AMV_SA_21m_DIA_Prot_HeLa_SUBCELL_EGF_CTRL_FR1_Rep3	SHC1	11	0.00032247661147266626	1.9817678094113944e-06
20200217_EXPL2_Evo1_AMV_SA_21m_DIA_Prot_HeLa_SUBCELL_EGF_CTRL_FR1_Rep3	CBL	4	0.00032247661147266626	1.9817678094113944e-06
20200217_EXPL2_Evo1_AMV_SA_21m_DIA_Prot_HeLa_SUBCELL_EGF_CTRL_FR1_Rep3	EGFR	0		
20200217_EXPL2_Evo1_AMV_SA_21m_DIA_Prot_HeLa_SUBCELL_EGF_CTRL_FR1_Rep4	GRB2	5	0.00031289111939258873	1.2683916565947584e-06
20200217_EXPL2_Evo1_AMV_SA_21m_DIA_Prot_HeLa_SUBCELL_EGF_CTRL_FR1_Rep4	SHC1	10	0.00031289111939258873	1.2683916565947584e-06
20200217_EXPL2_Evo1_AMV_SA_21m_DIA_Prot_HeLa_SUBCELL_EGF_CTRL_FR1_Rep4	CBL	4	0.00031289111939258873	0.0001926782279042527
20200217_EXPL2_Evo1_AMV_SA_21m_DIA_Prot_HeLa_SUBCELL_EGF_CTRL_FR1_Rep4	EGFR	1	0.04904306307435036	0.003141406225040555
20200217_EXPL2_Evo1_AMV_SA_21m_DIA_Prot_HeLa_SUBCELL_EGF_CTRL_FR2_Rep1	GRB2	4	0.00024654832668602467	5.378946661949158e-05
20200217_EXPL2_Evo1_AMV_SA_21m_DIA_Prot_HeLa_SUBCELL_EGF_CTRL_FR2_Rep1	SHC1	4	0.00024654832668602467	5.37894663921179e-07
20200217_EXPL2_Evo1_AMV_SA_21m_DIA_Prot_HeLa_SUBCELL_EGF_CTRL_FR2_Rep1	CBL	1	0.0009306654101237655	5.378946661949158e-05
20200217_EXPL2_Evo1_AMV_SA_21m_DIA_Prot_HeLa_SUBCELL_EGF_CTRL_FR2_Rep1	EGFR	3	0.00024654832668602467	0.002480520633980632
20200217_EXPL2_Evo1_AMV_SA_21m_DIA_Prot_HeLa_SUBCELL_EGF_CTRL_FR2_Rep2	GRB2	3	0.00025647602160461247	0.0002467511221766472
20200217_EXPL2_Evo1_AMV_SA_21m_DIA_Prot_HeLa_SUBCELL_EGF_CTRL_FR2_Rep2	SHC1	3	0.00025647602160461247	7.306736620193988e-07
20200217_EXPL2_Evo1_AMV_SA_21m_DIA_Prot_HeLa_SUBCELL_EGF_CTRL_FR2_Rep2	CBL	1	0.005209566559642553	0.0002467511221766472
20200217_EXPL2_Evo1_AMV_SA_21m_DIA_Prot_HeLa_SUBCELL_EGF_CTRL_FR2_Rep2	EGFR	2	0.00025647602160461247	0.002886534668505192
20200217_EXPL2_Evo1_AMV_SA_21m_DIA_Prot_HeLa_SUBCELL_EGF_CTRL_FR2_Rep3	GRB2	3	0.00026802465436048806	0.00011728829122148454
20200217_EXPL2_Evo1_AMV_SA_21m_DIA_Prot_HeLa_SUBCELL_EGF_CTRL_FR2_Rep3	SHC1	3	0.00026802465436048806	1.1728828894774779e-06
20200217_EXPL2_Evo1_AMV_SA_21m_DIA_Prot_HeLa_SUBCELL_EGF_CTRL_FR2_Rep3	CBL	1	0.0012827090686187148	0.0005238932790234685
20200217_EXPL2_Evo1_AMV_SA_21m_DIA_Prot_HeLa_SUBCELL_EGF_CTRL_FR2_Rep3	EGFR	1	0.011505047790706158	0.0021681119687855244
20200217_EXPL2_Evo1_AMV_SA_21m_DIA_Prot_HeLa_SUBCELL_EGF_CTRL_FR2_Rep4	GRB2	5	0.00024721879162825644	4.434983225110045e-07
20200217_EXPL2_Evo1_AMV_SA_21m_DIA_Prot_HeLa_SUBCELL_EGF_CTRL_FR2_Rep4	SHC1	6	0.00024721879162825644	4.434983225110045e-07
20200217_EXPL2_Evo1_AMV_SA_21m_DIA_Prot_HeLa_SUBCELL_EGF_CTRL_FR2_Rep4	CBL	2	0.00024721879162825644	0.0001624761353014037
20200217_EXPL2_Evo1_AMV_SA_21m_DIA_Prot_HeLa_SUBCELL_EGF_CTRL_FR2_Rep4	EGFR	0		
20200217_EXPL2_Evo1_AMV_SA_21m_DIA_Prot_HeLa_SUBCELL_EGF_CTRL_FR3_Rep1	GRB2	5	0.00026434045867063105	0.0001167406007880345
20200217_EXPL2_Evo1_AMV_SA_21m_DIA_Prot_HeLa_SUBCELL_EGF_CTRL_FR3_Rep1	SHC1	4	0.00026434045867063105	1.167406026070239e-06
20200217_EXPL2_Evo1_AMV_SA_21m_DIA_Prot_HeLa_SUBCELL_EGF_CTRL_FR3_Rep1	CBL	2	0.00026434045867063105	0.00013340447912923992
20200217_EXPL2_Evo1_AMV_SA_21m_DIA_Prot_HeLa_SUBCELL_EGF_CTRL_FR3_Rep1	EGFR	10	0.00026434045867063105	0.0001167406007880345
20200217_EXPL2_Evo1_AMV_SA_21m_DIA_Prot_HeLa_SUBCELL_EGF_CTRL_FR3_Rep2	GRB2	5	0.0002682403428480029	8.042464401114557e-07
20200217_EXPL2_Evo1_AMV_SA_21m_DIA_Prot_HeLa_SUBCELL_EGF_CTRL_FR3_Rep2	SHC1	4	0.0002682403428480029	8.042464401114557e-07
20200217_EXPL2_Evo1_AMV_SA_21m_DIA_Prot_HeLa_SUBCELL_EGF_CTRL_FR3_Rep2	CBL	2	0.0002682403428480029	0.00032736797584220767
20200217_EXPL2_Evo1_AMV_SA_21m_DIA_Prot_HeLa_SUBCELL_EGF_CTRL_FR3_Rep2	EGFR	13	0.0002682403428480029	8.042464401114557e-07
20200217_EXPL2_Evo1_AMV_SA_21m_DIA_Prot_HeLa_SUBCELL_EGF_CTRL_FR3_Rep3	GRB2	3	0.0003353453939780593	0.00013661202683579177
20200217_EXPL2_Evo1_AMV_SA_21m_DIA_Prot_HeLa_SUBCELL_EGF_CTRL_FR3_Rep3	SHC1	3	0.0003353453939780593	0.00013661202683579177
20200217_EXPL2_Evo1_AMV_SA_21m_DIA_Prot_HeLa_SUBCELL_EGF_CTRL_FR3_Rep3	CBL	2	0.003467205911874771	0.0035287109203636646
20200217_EXPL2_Evo1_AMV_SA_21m_DIA_Prot_HeLa_SUBCELL_EGF_CTRL_FR3_Rep3	EGFR	6	0.0003353453939780593	0.00013661202683579177
20200217_EXPL2_Evo1_AMV_SA_21m_DIA_Prot_HeLa_SUBCELL_EGF_CTRL_FR3_Rep4	GRB2	5	0.00030826139845885336	0.00015559358871541917
20200217_EXPL2_Evo1_AMV_SA_21m_DIA_Prot_HeLa_SUBCELL_EGF_CTRL_FR3_Rep4	SHC1	7	0.00030826139845885336	1.5559359098915593e-06
20200217_EXPL2_Evo1_AMV_SA_21m_DIA_Prot_HeLa_SUBCELL_EGF_CTRL_FR3_Rep4	CBL	2	0.00030826139845885336	0.00017150698113255203
20200217_EXPL2_Evo1_AMV_SA_21m_DIA_Prot_HeLa_SUBCELL_EGF_CTRL_FR3_Rep4	EGFR	0		
20200217_EXPL2_Evo1_AMV_SA_21m_DIA_Prot_HeLa_SUBCELL_EGF_CTRL_FR4_Rep1	GRB2	4	0.00026448030257597566	0.000306520116282627
20200217_EXPL2_Evo1_AMV_SA_21m_DIA_Prot_HeLa_SUBCELL_EGF_CTRL_FR4_Rep1	SHC1	6	0.00026448030257597566	6.0020407545380294e-05
20200217_EXPL2_Evo1_AMV_SA_21m_DIA_Prot_HeLa_SUBCELL_EGF_CTRL_FR4_Rep1	CBL	0		
20200217_EXPL2_Evo1_AMV_SA_21m_DIA_Prot_HeLa_SUBCELL_EGF_CTRL_FR4_Rep1	EGFR	24	0.00026448030257597566	6.002040890962235e-07
20200217_EXPL2_Evo1_AMV_SA_21m_DIA_Prot_HeLa_SUBCELL_EGF_CTRL_FR4_Rep2	GRB2	2	0.0002470355830155313	0.0004075734468642622
20200217_EXPL2_Evo1_AMV_SA_21m_DIA_Prot_HeLa_SUBCELL_EGF_CTRL_FR4_Rep2	SHC1	8	0.0002470355830155313	1.0150738489755895e-06
20200217_EXPL2_Evo1_AMV_SA_21m_DIA_Prot_HeLa_SUBCELL_EGF_CTRL_FR4_Rep2	CBL	0		
20200217_EXPL2_Evo1_AMV_SA_21m_DIA_Prot_HeLa_SUBCELL_EGF_CTRL_FR4_Rep2	EGFR	25	0.0002470355830155313	1.0150738489755895e-06
20200217_EXPL2_Evo1_AMV_SA_21m_DIA_Prot_HeLa_SUBCELL_EGF_CTRL_FR4_Rep3	GRB2	0		
20200217_EXPL2_Evo1_AMV_SA_21m_DIA_Prot_HeLa_SUBCELL_EGF_CTRL_FR4_Rep3	SHC1	6	0.00024618415045551956	7.150007377276779e-07
20200217_EXPL2_Evo1_AMV_SA_21m_DIA_Prot_HeLa_SUBCELL_EGF_CTRL_FR4_Rep3	CBL	0		
20200217_EXPL2_Evo1_AMV_SA_21m_DIA_Prot_HeLa_SUBCELL_EGF_CTRL_FR4_Rep3	EGFR	21	0.00024618415045551956	7.150007377276779e-07
20200217_EXPL2_Evo1_AMV_SA_21m_DIA_Prot_HeLa_SUBCELL_EGF_CTRL_FR4_Rep4	GRB2	4	0.00021537799329962581	9.770395763553097e-07
20200217_EXPL2_Evo1_AMV_SA_21m_DIA_Prot_HeLa_SUBCELL_EGF_CTRL_FR4_Rep4	SHC1	9	0.00021537799329962581	9.770395763553097e-07
20200217_EXPL2_Evo1_AMV_SA_21m_DIA_Prot_HeLa_SUBCELL_EGF_CTRL_FR4_Rep4	CBL	4	0.00021537799329962581	0.0004617871018126607
20200217_EXPL2_Evo1_AMV_SA_21m_DIA_Prot_HeLa_SUBCELL_EGF_CTRL_FR4_Rep4	EGFR	13	0.00021537799329962581	9.770395763553097e-07
20200217_EXPL2_Evo1_AMV_SA_21m_DIA_Prot_HeLa_SUBCELL_EGF_CTRL_FR5_Rep1	GRB2	0		
20200217_EXPL2_Evo1_AMV_SA_21m_DIA_Prot_HeLa_SUBCELL_EGF_CTRL_FR5_Rep1	SHC1	0		
20200217_EXPL2_Evo1_AMV_SA_21m_DIA_Prot_HeLa_SUBCELL_EGF_CTRL_FR5_Rep1	CBL	0		
20200217_EXPL2_Evo1_AMV_SA_21m_DIA_Prot_HeLa_SUBCELL_EGF_CTRL_FR5_Rep1	EGFR	1	0.006523511838167906	0.0020247469656169415
20200217_EXPL2_Evo1_AMV_SA_21m_DIA_Prot_HeLa_SUBCELL_EGF_CTRL_FR5_Rep2	GRB2	0		
20200217_EXPL2_Evo1_AMV_SA_21m_DIA_Prot_HeLa_SUBCELL_EGF_CTRL_FR5_Rep2	SHC1	0		
20200217_EXPL2_Evo1_AMV_SA_21m_DIA_Prot_HeLa_SUBCELL_EGF_CTRL_FR5_Rep2	CBL	0		
20200217_EXPL2_Evo1_AMV_SA_21m_DIA_Prot_HeLa_SUBCELL_EGF_CTRL_FR5_Rep2	EGFR	3	0.0002793296007439494	0.000854398705996573
20200217_EXPL2_Evo1_AMV_SA_21m_DIA_Prot_HeLa_SUBCELL_EGF_CTRL_FR5_Rep3	GRB2	0		
20200217_EXPL2_Evo1_AMV_SA_21m_DIA_Prot_HeLa_SUBCELL_EGF_CTRL_FR5_Rep3	SHC1	0		
20200217_EXPL2_Evo1_AMV_SA_21m_DIA_Prot_HeLa_SUBCELL_EGF_CTRL_FR5_Rep3	CBL	0		
20200217_EXPL2_Evo1_AMV_SA_21m_DIA_Prot_HeLa_SUBCELL_EGF_CTRL_FR5_Rep3	EGFR	1	0.0016353229293599725	0.0019830979872494936
20200217_EXPL2_Evo1_AMV_SA_21m_DIA_Prot_HeLa_SUBCELL_EGF_CTRL_FR5_Rep4	GRB2	2	0.0002198768634116277	0.0003209551505278796
20200217_EXPL2_Evo1_AMV_SA_21m_DIA_Prot_HeLa_SUBCELL_EGF_CTRL_FR5_Rep4	SHC1	6	0.0002198768634116277	6.61682008740172e-07
20200217_EXPL2_Evo1_AMV_SA_21m_DIA_Prot_HeLa_SUBCELL_EGF_CTRL_FR5_Rep4	CBL	0		
20200217_EXPL2_Evo1_AMV_SA_21m_DIA_Prot_HeLa_SUBCELL_EGF_CTRL_FR5_Rep4	EGFR	6	0.0002198768634116277	0.00011703206837410107
20200217_EXPL2_Evo1_AMV_SA_21m_DIA_Prot_HeLa_SUBCELL_EGF_CTRL_FR6_Rep1	GRB2	0		
20200217_EXPL2_Evo1_AMV_SA_21m_DIA_Prot_HeLa_SUBCELL_EGF_CTRL_FR6_Rep1	SHC1	3	0.00029248319333419204	0.00025235957582481205
20200217_EXPL2_Evo1_AMV_SA_21m_DIA_Prot_HeLa_SUBCELL_EGF_CTRL_FR6_Rep1	CBL	0		
20200217_EXPL2_Evo1_AMV_SA_21m_DIA_Prot_HeLa_SUBCELL_EGF_CTRL_FR6_Rep1	EGFR	12	0.00029248319333419204	0.00015521924069616944
20200217_EXPL2_Evo1_AMV_SA_21m_DIA_Prot_HeLa_SUBCELL_EGF_CTRL_FR6_Rep2	GRB2	0		
20200217_EXPL2_Evo1_AMV_SA_21m_DIA_Prot_HeLa_SUBCELL_EGF_CTRL_FR6_Rep2	SHC1	1	0.0002919707912951708	0.00010743446182459593
20200217_EXPL2_Evo1_AMV_SA_21m_DIA_Prot_HeLa_SUBCELL_EGF_CTRL_FR6_Rep2	CBL	0		
20200217_EXPL2_Evo1_AMV_SA_21m_DIA_Prot_HeLa_SUBCELL_EGF_CTRL_FR6_Rep2	EGFR	14	0.0002919707912951708	1.0743445955085917e-06
20200217_EXPL2_Evo1_AMV_SA_21m_DIA_Prot_HeLa_SUBCELL_EGF_CTRL_FR6_Rep3	GRB2	0		
20200217_EXPL2_Evo1_AMV_SA_21m_DIA_Prot_HeLa_SUBCELL_EGF_CTRL_FR6_Rep3	SHC1	2	0.00030788176809437573	0.0001051856525009498
20200217_EXPL2_Evo1_AMV_SA_21m_DIA_Prot_HeLa_SUBCELL_EGF_CTRL_FR6_Rep3	CBL	0		
20200217_EXPL2_Evo1_AMV_SA_21m_DIA_Prot_HeLa_SUBCELL_EGF_CTRL_FR6_Rep3	EGFR	13	0.00030788176809437573	1.051856543199392e-06
20200217_EXPL2_Evo1_AMV_SA_21m_DIA_Prot_HeLa_SUBCELL_EGF_CTRL_FR6_Rep4	GRB2	1	0.0007579585653729737	0.0014226268976926804
20200217_EXPL2_Evo1_AMV_SA_21m_DIA_Prot_HeLa_SUBCELL_EGF_CTRL_FR6_Rep4	SHC1	1	0.0005253480630926788	0.00010752110392786562
20200217_EXPL2_Evo1_AMV_SA_21m_DIA_Prot_HeLa_SUBCELL_EGF_CTRL_FR6_Rep4	CBL	0		
20200217_EXPL2_Evo1_AMV_SA_21m_DIA_Prot_HeLa_SUBCELL_EGF_CTRL_FR6_Rep4	EGFR	2	0.0002919707912951708	0.00013260255218483508
