our_name,atlas_name,kin_type,status
AAK1,AAK1,ser_thr,direct
ABL1,ABL,tyrosine,alias
ABL2,ARG,tyrosine,alias
AKT1,AKT1,ser_thr,direct
AKT2,AKT2,ser_thr,direct
AKT3,AKT3,ser_thr,direct
ALK,ALK,tyrosine,direct
ARAF,,,UNMATCHED
ATM,ATM,ser_thr,direct
ATR,ATR,ser_thr,direct
AURKA,AURA,ser_thr,alias
AURKB,AURB,ser_thr,alias
AXL,AXL,tyrosine,direct
BMP2K,,,UNMATCHED
BRAF,BRAF,ser_thr,direct
CAMK1,CAMK1A,ser_thr,alias
CAMK2A,CAMK2A,ser_thr,direct
CAMK2B,CAMK2B,ser_thr,direct
CAMK2D,CAMK2D,ser_thr,direct
CAMK2G,CAMK2G,ser_thr,direct
CAMK4,CAMK4,ser_thr,direct
CAMKK2,CAMKK2,ser_thr,direct
CDC7,CDC7,ser_thr,direct
CDK1,CDK1,ser_thr,direct
CDK12,CDK12,ser_thr,direct
CDK14,CDK14,ser_thr,direct
CDK15,CDK15,ser_thr,direct
CDK16,CDK16,ser_thr,direct
CDK18,CDK18,ser_thr,direct
CDK2,CDK2,ser_thr,direct
CDK20,,,UNMATCHED
CDK3,CDK3,ser_thr,direct
CDK4,CDK4,ser_thr,direct
CDK5,CDK5,ser_thr,direct
CDK6,CDK6,ser_thr,direct
CDK7,CDK7,ser_thr,direct
CDK8,CDK8,ser_thr,direct
CDK9,CDK9,ser_thr,direct
CHEK1,CHK1,ser_thr,alias
CHEK2,CHK2,ser_thr,alias
CHUK,,,UNMATCHED
CLK1,CLK1,ser_thr,direct
CSNK1A1,CK1A,ser_thr,alias
CSNK1D,CK1D,ser_thr,alias
CSNK1E,CK1E,ser_thr,alias
CSNK1G1,CK1G1,ser_thr,alias
CSNK1G2,CK1G2,ser_thr,alias
CSNK1G3,CK1G3,ser_thr,alias
CSNK2A1,CK2A1,ser_thr,alias
CSNK2A2,CK2A2,ser_thr,alias
DAPK1,DAPK1,ser_thr,direct
DAPK3,DAPK3,ser_thr,direct
DDR1,DDR1,tyrosine,direct
DMPK,,,UNMATCHED
DYRK1A,DYRK1A,ser_thr,direct
DYRK1B,DYRK1B,ser_thr,direct
DYRK2,DYRK2,ser_thr,direct
DYRK3,DYRK3,ser_thr,direct
EEF2K,EEF2K,ser_thr,direct
EGFR,EGFR,tyrosine,direct
EIF2AK2,,,UNMATCHED
EPHA2,EPHA2,tyrosine,direct
EPHA3,EPHA3,tyrosine,direct
ERBB2,,,UNMATCHED
FER,FER,tyrosine,direct
FES,FES,tyrosine,direct
FGFR1,FGFR1,tyrosine,direct
FGFR2,FGFR2,tyrosine,direct
FGR,FGR,tyrosine,direct
FLT4,,,UNMATCHED
FYN,FYN,tyrosine,direct
GRK2,GRK2,ser_thr,direct
GRK5,GRK5,ser_thr,direct
GRK6,GRK6,ser_thr,direct
GSK3A,GSK3A,ser_thr,direct
GSK3B,GSK3B,ser_thr,direct
GTF2F1,,,UNMATCHED
HCK,HCK,tyrosine,direct
HIPK1,HIPK1,ser_thr,direct
HIPK2,HIPK2,ser_thr,direct
HIPK3,HIPK3,ser_thr,direct
IGF1R,IGF1R,tyrosine,direct
IKBKB,,,UNMATCHED
IKBKE,,,UNMATCHED
ILK,,,UNMATCHED
INSR,INSR,tyrosine,direct
IRAK4,IRAK4,ser_thr,direct
ITK,ITK,tyrosine,direct
JAK2,JAK2,tyrosine,direct
LATS1,LATS1,ser_thr,direct
LATS2,LATS2,ser_thr,direct
LCK,LCK,tyrosine,direct
LIMK1,,,UNMATCHED
LIMK2,,,UNMATCHED
LMTK2,,,UNMATCHED
LRRK2,LRRK2,ser_thr,direct
LYN,LYN,tyrosine,direct
MAP2K1,,,UNMATCHED
MAP2K2,,,UNMATCHED
MAP2K3,,,UNMATCHED
MAP2K4,,,UNMATCHED
MAP2K6,,,UNMATCHED
MAP2K7,,,UNMATCHED
MAP3K1,,,UNMATCHED
MAP3K10,,,UNMATCHED
MAP3K12,,,UNMATCHED
MAP3K2,,,UNMATCHED
MAP3K3,,,UNMATCHED
MAP3K5,,,UNMATCHED
MAP3K6,,,UNMATCHED
MAP3K7,,,UNMATCHED
MAP3K8,,,UNMATCHED
MAP4K1,,,UNMATCHED
MAP4K2,,,UNMATCHED
MAPK1,ERK2,ser_thr,alias
MAPK10,JNK3,ser_thr,alias
MAPK11,P38B,ser_thr,alias
MAPK12,P38G,ser_thr,alias
MAPK13,P38D,ser_thr,alias
MAPK14,P38A,ser_thr,alias
MAPK15,ERK7,ser_thr,alias
MAPK3,ERK1,ser_thr,alias
MAPK6,,,UNMATCHED
MAPK7,ERK5,ser_thr,alias
MAPK8,JNK1,ser_thr,alias
MAPK9,JNK2,ser_thr,alias
MAPKAPK2,MAPKAPK2,ser_thr,direct
MAPKAPK3,MAPKAPK3,ser_thr,direct
MAPKAPK5,MAPKAPK5,ser_thr,direct
MARK1,MARK1,ser_thr,direct
MARK2,MARK2,ser_thr,direct
MARK3,MARK3,ser_thr,direct
MARK4,MARK4,ser_thr,direct
MASTL,MASTL,ser_thr,direct
MELK,MELK,ser_thr,direct
MERTK,,,UNMATCHED
MET,MET,tyrosine,direct
MKNK1,MNK1,ser_thr,alias
MKNK2,MNK2,ser_thr,alias
MOS,MOS,ser_thr,direct
MTOR,MTOR,ser_thr,direct
MYLK,,,UNMATCHED
NEK2,NEK2,ser_thr,direct
NEK6,NEK6,ser_thr,direct
NEK9,NEK9,ser_thr,direct
NLK,NLK,ser_thr,direct
NRK,,,UNMATCHED
NUAK1,NUAK1,ser_thr,direct
NUAK2,NUAK2,ser_thr,direct
OXSR1,,,UNMATCHED
PAK1,PAK1,ser_thr,direct
PAK2,PAK2,ser_thr,direct
PAK4,PAK4,ser_thr,direct
PASK,PASK,ser_thr,direct
PBK,PBK,ser_thr,direct
PDGFRB,PDGFRB,tyrosine,direct
PDK1,PDK1,ser_thr,direct
PDK2,,,UNMATCHED
PDK3,,,UNMATCHED
PDK4,,,UNMATCHED
PDPK1,PDHK1,ser_thr,alias
PIM1,PIM1,ser_thr,direct
PIM2,PIM2,ser_thr,direct
PIM3,PIM3,ser_thr,direct
PKMYT1,,,UNMATCHED
PKN1,PKN1,ser_thr,direct
PKN3,PKN3,ser_thr,direct
PLK1,PLK1,ser_thr,direct
PLK2,PLK2,ser_thr,direct
PLK3,PLK3,ser_thr,direct
PLK4,PLK4,ser_thr,direct
PRKAA1,AMPKA1,ser_thr,alias
PRKAA2,AMPKA2,ser_thr,alias
PRKACA,PKACA,ser_thr,alias
PRKCA,PKCA,ser_thr,alias
PRKCB,PKCB,ser_thr,alias
PRKCD,PKCD,ser_thr,alias
PRKCE,PKCE,ser_thr,alias
PRKCG,PKCG,ser_thr,alias
PRKCH,PKCH,ser_thr,alias
PRKCI,PKCI,ser_thr,alias
PRKCQ,PKCT,ser_thr,alias
PRKCZ,PKCZ,ser_thr,alias
PRKD1,PRKD1,ser_thr,direct
PRKD2,PRKD2,ser_thr,direct
PRKD3,PRKD3,ser_thr,direct
PRKDC,DNAPK,ser_thr,alias
PRKG1,PKG1,ser_thr,alias
PRKG2,PKG2,ser_thr,alias
PTK2,,,UNMATCHED
PTK2B,,,UNMATCHED
PTK6,,,UNMATCHED
RAF1,RAF1,ser_thr,direct
RET,RET,tyrosine,direct
RIPK3,RIPK3,ser_thr,direct
ROCK1,ROCK1,ser_thr,direct
ROCK2,ROCK2,ser_thr,direct
RPS6KA1,,,UNMATCHED
RPS6KA2,RSK3,ser_thr,alias
RPS6KA3,RSK2,ser_thr,alias
RPS6KA4,MSK2,ser_thr,alias
RPS6KA5,MSK1,ser_thr,alias
RPS6KB1,P70S6K,ser_thr,alias
RPS6KB2,P70S6KB,ser_thr,alias
RPS6KC1,,,UNMATCHED
SGK1,SGK1,ser_thr,direct
SGK3,SGK3,ser_thr,direct
SIK1,,,UNMATCHED
SIK2,,,UNMATCHED
SIK3,,,UNMATCHED
SMG1,SMG1,ser_thr,direct
SRC,SRC,tyrosine,direct
SRPK1,SRPK1,ser_thr,direct
SRPK2,SRPK2,ser_thr,direct
STK10,,,UNMATCHED
STK11,LKB1,ser_thr,alias
STK25,,,UNMATCHED
STK26,,,UNMATCHED
STK3,,,UNMATCHED
STK38,,,UNMATCHED
STK38L,,,UNMATCHED
STK39,,,UNMATCHED
STK4,,,UNMATCHED
SYK,SYK,tyrosine,direct
TAF1,,,UNMATCHED
TBK1,TBK1,ser_thr,direct
TESK1,,,UNMATCHED
TESK2,,,UNMATCHED
TNIK,TNIK,ser_thr,direct
TNK2,,,UNMATCHED
TRPM7,,,UNMATCHED
TTBK2,TTBK2,ser_thr,direct
TTK,TTK,ser_thr,direct
TXK,TXK,tyrosine,direct
TYK2,TYK2,tyrosine,direct
TYRO3,TYRO3,tyrosine,direct
UHMK1,,,UNMATCHED
ULK1,ULK1,ser_thr,direct
ULK2,ULK2,ser_thr,direct
VRK1,VRK1,ser_thr,direct
VRK2,VRK2,ser_thr,direct
WEE1,,,UNMATCHED
WEE2,,,UNMATCHED
WNK1,WNK1,ser_thr,direct
WNK4,WNK4,ser_thr,direct
YES1,,,UNMATCHED
ZAP70,ZAP70,tyrosine,direct
