run	n_precursors	median_log2
phospho/20200214_EXPL2_Evo1_AMV_SA_21m_DIA_Phos_HeLa_SUBCELL_EGF_20min_FR1_Rep1/	4830	21.1849
phospho/20200214_EXPL2_Evo1_AMV_SA_21m_DIA_Phos_HeLa_SUBCELL_EGF_20min_FR1_Rep2/	5477	20.5531
phospho/20200214_EXPL2_Evo1_AMV_SA_21m_DIA_Phos_HeLa_SUBCELL_EGF_20min_FR1_Rep3/	5078	19.5750
phospho/20200214_EXPL2_Evo1_AMV_SA_21m_DIA_Phos_HeLa_SUBCELL_EGF_20min_FR1_Rep4/	4871	19.9694
phospho/20200214_EXPL2_Evo1_AMV_SA_21m_DIA_Phos_HeLa_SUBCELL_EGF_20min_FR2_Rep1/	6087	19.4686
phospho/20200214_EXPL2_Evo1_AMV_SA_21m_DIA_Phos_HeLa_SUBCELL_EGF_20min_FR2_Rep2/	6200	19.5826
phospho/20200214_EXPL2_Evo1_AMV_SA_21m_DIA_Phos_HeLa_SUBCELL_EGF_20min_FR2_Rep3/	5412	19.6475
phospho/20200214_EXPL2_Evo1_AMV_SA_21m_DIA_Phos_HeLa_SUBCELL_EGF_20min_FR2_Rep4/	5429	19.3653
phospho/20200214_EXPL2_Evo1_AMV_SA_21m_DIA_Phos_HeLa_SUBCELL_EGF_20min_FR3_Rep1/	3845	17.3907
phospho/20200214_EXPL2_Evo1_AMV_SA_21m_DIA_Phos_HeLa_SUBCELL_EGF_20min_FR3_Rep2/	3532	17.1241
phospho/20200214_EXPL2_Evo1_AMV_SA_21m_DIA_Phos_HeLa_SUBCELL_EGF_20min_FR3_Rep3/	3092	17.1771
phospho/20200214_EXPL2_Evo1_AMV_SA_21m_DIA_Phos_HeLa_SUBCELL_EGF_20min_FR3_Rep4/	2872	16.7914
phospho/20200214_EXPL2_Evo1_AMV_SA_21m_DIA_Phos_HeLa_SUBCELL_EGF_20min_FR4_Rep1/	5450	19.0652
phospho/20200214_EXPL2_Evo1_AMV_SA_21m_DIA_Phos_HeLa_SUBCELL_EGF_20min_FR4_Rep2/	4663	18.3988
phospho/20200214_EXPL2_Evo1_AMV_SA_21m_DIA_Phos_HeLa_SUBCELL_EGF_20min_FR4_Rep3/	3792	18.2617
phospho/20200214_EXPL2_Evo1_AMV_SA_21m_DIA_Phos_HeLa_SUBCELL_EGF_20min_FR4_Rep4/	3850	18.5043
phospho/20200214_EXPL2_Evo1_AMV_SA_21m_DIA_Phos_HeLa_SUBCELL_EGF_20min_FR5_Rep1/	6362	19.5852
phospho/20200214_EXPL2_Evo1_AMV_SA_21m_DIA_Phos_HeLa_SUBCELL_EGF_20min_FR5_Rep2/	5796	19.5997
phospho/20200214_EXPL2_Evo1_AMV_SA_21m_DIA_Phos_HeLa_SUBCELL_EGF_20min_FR5_Rep3/	4990	19.3567
phospho/20200214_EXPL2_Evo1_AMV_SA_21m_DIA_Phos_HeLa_SUBCELL_EGF_20min_FR5_Rep4/	5055	18.7463
phospho/20200214_EXPL2_Evo1_AMV_SA_21m_DIA_Phos_HeLa_SUBCELL_EGF_20min_FR6_Rep1/	4775	18.3338
phospho/20200214_EXPL2_Evo1_AMV_SA_21m_DIA_Phos_HeLa_SUBCELL_EGF_20min_FR6_Rep2/	4612	18.1341
phospho/20200214_EXPL2_Evo1_AMV_SA_21m_DIA_Phos_HeLa_SUBCELL_EGF_20min_FR6_Rep3/	4000	18.1262
phospho/20200214_EXPL2_Evo1_AMV_SA_21m_DIA_Phos_HeLa_SUBCELL_EGF_20min_FR6_Rep4/	3137	17.5559
phospho/20200214_EXPL2_Evo1_AMV_SA_21m_DIA_Phos_HeLa_SUBCELL_EGF_2min_FR1_Rep1/	5943	21.2873
phospho/20200214_EXPL2_Evo1_AMV_SA_21m_DIA_Phos_HeLa_SUBCELL_EGF_2min_FR1_Rep2/	6038	20.8417
phospho/20200214_EXPL2_Evo1_AMV_SA_21m_DIA_Phos_HeLa_SUBCELL_EGF_2min_FR1_Rep3/	5504	20.6471
phospho/20200214_EXPL2_Evo1_AMV_SA_21m_DIA_Phos_HeLa_SUBCELL_EGF_2min_FR1_Rep4/	5762	20.7223
phospho/20200214_EXPL2_Evo1_AMV_SA_21m_DIA_Phos_HeLa_SUBCELL_EGF_2min_FR2_Rep1/	7046	19.5271
phospho/20200214_EXPL2_Evo1_AMV_SA_21m_DIA_Phos_HeLa_SUBCELL_EGF_2min_FR2_Rep2/	6888	19.5211
phospho/20200214_EXPL2_Evo1_AMV_SA_21m_DIA_Phos_HeLa_SUBCELL_EGF_2min_FR2_Rep3/	5955	19.2921
phospho/20200214_EXPL2_Evo1_AMV_SA_21m_DIA_Phos_HeLa_SUBCELL_EGF_2min_FR2_Rep4/	7246	19.7888
phospho/20200214_EXPL2_Evo1_AMV_SA_21m_DIA_Phos_HeLa_SUBCELL_EGF_2min_FR3_Rep1/	4061	17.3481
phospho/20200214_EXPL2_Evo1_AMV_SA_21m_DIA_Phos_HeLa_SUBCELL_EGF_2min_FR3_Rep2/	2510	16.7340
phospho/20200214_EXPL2_Evo1_AMV_SA_21m_DIA_Phos_HeLa_SUBCELL_EGF_2min_FR3_Rep3/	2379	16.8176
phospho/20200214_EXPL2_Evo1_AMV_SA_21m_DIA_Phos_HeLa_SUBCELL_EGF_2min_FR3_Rep4/	3179	17.0917
phospho/20200214_EXPL2_Evo1_AMV_SA_21m_DIA_Phos_HeLa_SUBCELL_EGF_2min_FR4_Rep1/	6122	18.8610
phospho/20200214_EXPL2_Evo1_AMV_SA_21m_DIA_Phos_HeLa_SUBCELL_EGF_2min_FR4_Rep2/	4761	18.4280
phospho/20200214_EXPL2_Evo1_AMV_SA_21m_DIA_Phos_HeLa_SUBCELL_EGF_2min_FR4_Rep3/	4990	18.5126
phospho/20200214_EXPL2_Evo1_AMV_SA_21m_DIA_Phos_HeLa_SUBCELL_EGF_2min_FR4_Rep4/	5217	18.7854
phospho/20200214_EXPL2_Evo1_AMV_SA_21m_DIA_Phos_HeLa_SUBCELL_EGF_2min_FR5_Rep1/	6350	18.9510
phospho/20200214_EXPL2_Evo1_AMV_SA_21m_DIA_Phos_HeLa_SUBCELL_EGF_2min_FR5_Rep2/	5846	19.0017
phospho/20200214_EXPL2_Evo1_AMV_SA_21m_DIA_Phos_HeLa_SUBCELL_EGF_2min_FR5_Rep3/	6532	19.3119
phospho/20200214_EXPL2_Evo1_AMV_SA_21m_DIA_Phos_HeLa_SUBCELL_EGF_2min_FR5_Rep4/	5920	19.2872
phospho/20200214_EXPL2_Evo1_AMV_SA_21m_DIA_Phos_HeLa_SUBCELL_EGF_2min_FR6_Rep1/	4494	17.9600
phospho/20200214_EXPL2_Evo1_AMV_SA_21m_DIA_Phos_HeLa_SUBCELL_EGF_2min_FR6_Rep2/	4648	17.8710
phospho/20200214_EXPL2_Evo1_AMV_SA_21m_DIA_Phos_HeLa_SUBCELL_EGF_2min_FR6_Rep3/	4080	18.0849
phospho/20200214_EXPL2_Evo1_AMV_SA_21m_DIA_Phos_HeLa_SUBCELL_EGF_2min_FR6_Rep4/	4456	18.1677
phospho/20200214_EXPL2_Evo1_AMV_SA_21m_DIA_Phos_HeLa_SUBCELL_EGF_8min_FR1_Rep1/	6668	20.6702
phospho/20200214_EXPL2_Evo1_AMV_SA_21m_DIA_Phos_HeLa_SUBCELL_EGF_8min_FR1_Rep2/	4804	20.5698
phospho/20200214_EXPL2_Evo1_AMV_SA_21m_DIA_Phos_HeLa_SUBCELL_EGF_8min_FR1_Rep3/	5977	20.3762
phospho/20200214_EXPL2_Evo1_AMV_SA_21m_DIA_Phos_HeLa_SUBCELL_EGF_8min_FR1_Rep4/	6798	20.9123
phospho/20200214_EXPL2_Evo1_AMV_SA_21m_DIA_Phos_HeLa_SUBCELL_EGF_8min_FR2_Rep1/	6640	19.5664
phospho/20200214_EXPL2_Evo1_AMV_SA_21m_DIA_Phos_HeLa_SUBCELL_EGF_8min_FR2_Rep2/	6524	19.5505
phospho/20200214_EXPL2_Evo1_AMV_SA_21m_DIA_Phos_HeLa_SUBCELL_EGF_8min_FR2_Rep3/	6737	19.4199
phospho/20200214_EXPL2_Evo1_AMV_SA_21m_DIA_Phos_HeLa_SUBCELL_EGF_8min_FR2_Rep4/	4607	18.3197
phospho/20200214_EXPL2_Evo1_AMV_SA_21m_DIA_Phos_HeLa_SUBCELL_EGF_8min_FR3_Rep1/	4143	17.4213
phospho/20200214_EXPL2_Evo1_AMV_SA_21m_DIA_Phos_HeLa_SUBCELL_EGF_8min_FR3_Rep2/	3072	16.9763
phospho/20200214_EXPL2_Evo1_AMV_SA_21m_DIA_Phos_HeLa_SUBCELL_EGF_8min_FR3_Rep3/	2898	16.9181
phospho/20200214_EXPL2_Evo1_AMV_SA_21m_DIA_Phos_HeLa_SUBCELL_EGF_8min_FR3_Rep4/	3648	17.4980
phospho/20200214_EXPL2_Evo1_AMV_SA_21m_DIA_Phos_HeLa_SUBCELL_EGF_8min_FR4_Rep1/	5472	18.6530
phospho/20200214_EXPL2_Evo1_AMV_SA_21m_DIA_Phos_HeLa_SUBCELL_EGF_8min_FR4_Rep2/	4173	18.0357
phospho/20200214_EXPL2_Evo1_AMV_SA_21m_DIA_Phos_HeLa_SUBCELL_EGF_8min_FR4_Rep3/	5035	18.7820
phospho/20200214_EXPL2_Evo1_AMV_SA_21m_DIA_Phos_HeLa_SUBCELL_EGF_8min_FR4_Rep4/	3691	18.6141
phospho/20200214_EXPL2_Evo1_AMV_SA_21m_DIA_Phos_HeLa_SUBCELL_EGF_8min_FR5_Rep1/	6252	19.5373
phospho/20200214_EXPL2_Evo1_AMV_SA_21m_DIA_Phos_HeLa_SUBCELL_EGF_8min_FR5_Rep2/	5017	19.1145
phospho/20200214_EXPL2_Evo1_AMV_SA_21m_DIA_Phos_HeLa_SUBCELL_EGF_8min_FR5_Rep3/	6446	20.0781
phospho/20200214_EXPL2_Evo1_AMV_SA_21m_DIA_Phos_HeLa_SUBCELL_EGF_8min_FR5_Rep4/	5695	19.2207
phospho/20200214_EXPL2_Evo1_AMV_SA_21m_DIA_Phos_HeLa_SUBCELL_EGF_8min_FR6_Rep1/	4235	17.5188
phospho/20200214_EXPL2_Evo1_AMV_SA_21m_DIA_Phos_HeLa_SUBCELL_EGF_8min_FR6_Rep2/	4403	17.9182
phospho/20200214_EXPL2_Evo1_AMV_SA_21m_DIA_Phos_HeLa_SUBCELL_EGF_8min_FR6_Rep3/	4014	18.2847
phospho/20200214_EXPL2_Evo1_AMV_SA_21m_DIA_Phos_HeLa_SUBCELL_EGF_8min_FR6_Rep4/	2937	17.7085
phospho/20200214_EXPL2_Evo1_AMV_SA_21m_DIA_Phos_HeLa_SUBCELL_EGF_90min_FR1_Rep1/	5876	20.1463
phospho/20200214_EXPL2_Evo1_AMV_SA_21m_DIA_Phos_HeLa_SUBCELL_EGF_90min_FR1_Rep2/	6004	20.0616
phospho/20200214_EXPL2_Evo1_AMV_SA_21m_DIA_Phos_HeLa_SUBCELL_EGF_90min_FR1_Rep3/	2201	19.5789
phospho/20200214_EXPL2_Evo1_AMV_SA_21m_DIA_Phos_HeLa_SUBCELL_EGF_90min_FR1_Rep4/	5466	20.3609
phospho/20200214_EXPL2_Evo1_AMV_SA_21m_DIA_Phos_HeLa_SUBCELL_EGF_90min_FR2_Rep1/	5400	18.6922
phospho/20200214_EXPL2_Evo1_AMV_SA_21m_DIA_Phos_HeLa_SUBCELL_EGF_90min_FR2_Rep2/	6764	19.9821
phospho/20200214_EXPL2_Evo1_AMV_SA_21m_DIA_Phos_HeLa_SUBCELL_EGF_90min_FR2_Rep3/	4706	19.6018
phospho/20200214_EXPL2_Evo1_AMV_SA_21m_DIA_Phos_HeLa_SUBCELL_EGF_90min_FR2_Rep4/	6121	19.6553
phospho/20200214_EXPL2_Evo1_AMV_SA_21m_DIA_Phos_HeLa_SUBCELL_EGF_90min_FR3_Rep1/	3490	17.5218
phospho/20200214_EXPL2_Evo1_AMV_SA_21m_DIA_Phos_HeLa_SUBCELL_EGF_90min_FR3_Rep2/	4236	18.5425
phospho/20200214_EXPL2_Evo1_AMV_SA_21m_DIA_Phos_HeLa_SUBCELL_EGF_90min_FR3_Rep3/	1335	17.9754
phospho/20200214_EXPL2_Evo1_AMV_SA_21m_DIA_Phos_HeLa_SUBCELL_EGF_90min_FR3_Rep4/	3143	17.6617
phospho/20200214_EXPL2_Evo1_AMV_SA_21m_DIA_Phos_HeLa_SUBCELL_EGF_90min_FR4_Rep1/	4859	18.8307
phospho/20200214_EXPL2_Evo1_AMV_SA_21m_DIA_Phos_HeLa_SUBCELL_EGF_90min_FR4_Rep2/	4098	18.4796
phospho/20200214_EXPL2_Evo1_AMV_SA_21m_DIA_Phos_HeLa_SUBCELL_EGF_90min_FR4_Rep3/	4419	19.0953
phospho/20200214_EXPL2_Evo1_AMV_SA_21m_DIA_Phos_HeLa_SUBCELL_EGF_90min_FR4_Rep4/	4849	18.6084
phospho/20200214_EXPL2_Evo1_AMV_SA_21m_DIA_Phos_HeLa_SUBCELL_EGF_90min_FR5_Rep1/	6082	19.6026
phospho/20200214_EXPL2_Evo1_AMV_SA_21m_DIA_Phos_HeLa_SUBCELL_EGF_90min_FR5_Rep2/	6400	19.8364
phospho/20200214_EXPL2_Evo1_AMV_SA_21m_DIA_Phos_HeLa_SUBCELL_EGF_90min_FR5_Rep3/	5062	19.2917
phospho/20200214_EXPL2_Evo1_AMV_SA_21m_DIA_Phos_HeLa_SUBCELL_EGF_90min_FR5_Rep4/	5391	19.2283
phospho/20200214_EXPL2_Evo1_AMV_SA_21m_DIA_Phos_HeLa_SUBCELL_EGF_90min_FR6_Rep1/	5102	18.2952
phospho/20200214_EXPL2_Evo1_AMV_SA_21m_DIA_Phos_HeLa_SUBCELL_EGF_90min_FR6_Rep2/	3836	18.5654
phospho/20200214_EXPL2_Evo1_AMV_SA_21m_DIA_Phos_HeLa_SUBCELL_EGF_90min_FR6_Rep3/	4563	18.8059
phospho/20200214_EXPL2_Evo1_AMV_SA_21m_DIA_Phos_HeLa_SUBCELL_EGF_90min_FR6_Rep4/	2757	17.7910
phospho/20200214_EXPL2_Evo1_AMV_SA_21m_DIA_Phos_HeLa_SUBCELL_EGF_CTRL_FR1_Rep1/	6446	19.2291
phospho/20200214_EXPL2_Evo1_AMV_SA_21m_DIA_Phos_HeLa_SUBCELL_EGF_CTRL_FR1_Rep2/	4593	20.2204
phospho/20200214_EXPL2_Evo1_AMV_SA_21m_DIA_Phos_HeLa_SUBCELL_EGF_CTRL_FR1_Rep3/	5382	20.9367
phospho/20200214_EXPL2_Evo1_AMV_SA_21m_DIA_Phos_HeLa_SUBCELL_EGF_CTRL_FR1_Rep4/	5182	18.8867
phospho/20200214_EXPL2_Evo1_AMV_SA_21m_DIA_Phos_HeLa_SUBCELL_EGF_CTRL_FR2_Rep1/	7483	19.2925
phospho/20200214_EXPL2_Evo1_AMV_SA_21m_DIA_Phos_HeLa_SUBCELL_EGF_CTRL_FR2_Rep2/	6346	19.8852
phospho/20200214_EXPL2_Evo1_AMV_SA_21m_DIA_Phos_HeLa_SUBCELL_EGF_CTRL_FR2_Rep3/	6539	19.8185
phospho/20200214_EXPL2_Evo1_AMV_SA_21m_DIA_Phos_HeLa_SUBCELL_EGF_CTRL_FR2_Rep4/	5613	18.4218
phospho/20200214_EXPL2_Evo1_AMV_SA_21m_DIA_Phos_HeLa_SUBCELL_EGF_CTRL_FR3_Rep1/	4156	16.8545
phospho/20200214_EXPL2_Evo1_AMV_SA_21m_DIA_Phos_HeLa_SUBCELL_EGF_CTRL_FR3_Rep2/	2699	17.0776
phospho/20200214_EXPL2_Evo1_AMV_SA_21m_DIA_Phos_HeLa_SUBCELL_EGF_CTRL_FR3_Rep3/	3423	17.5524
phospho/20200214_EXPL2_Evo1_AMV_SA_21m_DIA_Phos_HeLa_SUBCELL_EGF_CTRL_FR3_Rep4/	4419	18.0977
phospho/20200214_EXPL2_Evo1_AMV_SA_21m_DIA_Phos_HeLa_SUBCELL_EGF_CTRL_FR4_Rep1/	6053	18.7845
phospho/20200214_EXPL2_Evo1_AMV_SA_21m_DIA_Phos_HeLa_SUBCELL_EGF_CTRL_FR4_Rep2/	3057	17.6090
phospho/20200214_EXPL2_Evo1_AMV_SA_21m_DIA_Phos_HeLa_SUBCELL_EGF_CTRL_FR4_Rep3/	5420	18.9520
phospho/20200214_EXPL2_Evo1_AMV_SA_21m_DIA_Phos_HeLa_SUBCELL_EGF_CTRL_FR4_Rep4/	5894	19.2360
phospho/20200214_EXPL2_Evo1_AMV_SA_21m_DIA_Phos_HeLa_SUBCELL_EGF_CTRL_FR5_Rep1/	5745	18.1787
phospho/20200214_EXPL2_Evo1_AMV_SA_21m_DIA_Phos_HeLa_SUBCELL_EGF_CTRL_FR5_Rep2/	5029	18.7601
phospho/20200214_EXPL2_Evo1_AMV_SA_21m_DIA_Phos_HeLa_SUBCELL_EGF_CTRL_FR5_Rep3/	6229	19.2126
phospho/20200214_EXPL2_Evo1_AMV_SA_21m_DIA_Phos_HeLa_SUBCELL_EGF_CTRL_FR5_Rep4/	6422	19.8152
phospho/20200214_EXPL2_Evo1_AMV_SA_21m_DIA_Phos_HeLa_SUBCELL_EGF_CTRL_FR6_Rep1/	5208	18.0271
phospho/20200214_EXPL2_Evo1_AMV_SA_21m_DIA_Phos_HeLa_SUBCELL_EGF_CTRL_FR6_Rep2/	2777	17.7050
phospho/20200214_EXPL2_Evo1_AMV_SA_21m_DIA_Phos_HeLa_SUBCELL_EGF_CTRL_FR6_Rep3/	4193	17.9405
phospho/20200214_EXPL2_Evo1_AMV_SA_21m_DIA_Phos_HeLa_SUBCELL_EGF_CTRL_FR6_Rep4/	5373	19.8674
proteome/20200217_EXPL2_Evo1_AMV_SA_21m_DIA_Prot_HeLa_SUBCELL_EGF_20min_FR1_Rep1/	22963	23.1664
proteome/20200217_EXPL2_Evo1_AMV_SA_21m_DIA_Prot_HeLa_SUBCELL_EGF_20min_FR1_Rep2/	23793	22.9885
proteome/20200217_EXPL2_Evo1_AMV_SA_21m_DIA_Prot_HeLa_SUBCELL_EGF_20min_FR1_Rep3/	24288	23.0383
proteome/20200217_EXPL2_Evo1_AMV_SA_21m_DIA_Prot_HeLa_SUBCELL_EGF_20min_FR1_Rep4/	23202	23.1526
proteome/20200217_EXPL2_Evo1_AMV_SA_21m_DIA_Prot_HeLa_SUBCELL_EGF_20min_FR2_Rep1/	34468	22.9505
proteome/20200217_EXPL2_Evo1_AMV_SA_21m_DIA_Prot_HeLa_SUBCELL_EGF_20min_FR2_Rep2/	31842	22.6664
proteome/20200217_EXPL2_Evo1_AMV_SA_21m_DIA_Prot_HeLa_SUBCELL_EGF_20min_FR2_Rep3/	34862	22.7976
proteome/20200217_EXPL2_Evo1_AMV_SA_21m_DIA_Prot_HeLa_SUBCELL_EGF_20min_FR2_Rep4/	31834	22.9021
proteome/20200217_EXPL2_Evo1_AMV_SA_21m_DIA_Prot_HeLa_SUBCELL_EGF_20min_FR3_Rep1/	23703	22.0200
proteome/20200217_EXPL2_Evo1_AMV_SA_21m_DIA_Prot_HeLa_SUBCELL_EGF_20min_FR3_Rep2/	21594	21.9701
proteome/20200217_EXPL2_Evo1_AMV_SA_21m_DIA_Prot_HeLa_SUBCELL_EGF_20min_FR3_Rep3/	23954	21.8751
proteome/20200217_EXPL2_Evo1_AMV_SA_21m_DIA_Prot_HeLa_SUBCELL_EGF_20min_FR3_Rep4/	24094	21.9247
proteome/20200217_EXPL2_Evo1_AMV_SA_21m_DIA_Prot_HeLa_SUBCELL_EGF_20min_FR4_Rep1/	29152	22.7330
proteome/20200217_EXPL2_Evo1_AMV_SA_21m_DIA_Prot_HeLa_SUBCELL_EGF_20min_FR4_Rep2/	29146	22.7955
proteome/20200217_EXPL2_Evo1_AMV_SA_21m_DIA_Prot_HeLa_SUBCELL_EGF_20min_FR4_Rep3/	29209	22.7573
proteome/20200217_EXPL2_Evo1_AMV_SA_21m_DIA_Prot_HeLa_SUBCELL_EGF_20min_FR4_Rep4/	28904	22.6418
proteome/20200217_EXPL2_Evo1_AMV_SA_21m_DIA_Prot_HeLa_SUBCELL_EGF_20min_FR5_Rep1/	33462	22.4241
proteome/20200217_EXPL2_Evo1_AMV_SA_21m_DIA_Prot_HeLa_SUBCELL_EGF_20min_FR5_Rep2/	33320	22.3580
proteome/20200217_EXPL2_Evo1_AMV_SA_21m_DIA_Prot_HeLa_SUBCELL_EGF_20min_FR5_Rep3/	33099	22.3213
proteome/20200217_EXPL2_Evo1_AMV_SA_21m_DIA_Prot_HeLa_SUBCELL_EGF_20min_FR5_Rep4/	33143	22.2502
proteome/20200217_EXPL2_Evo1_AMV_SA_21m_DIA_Prot_HeLa_SUBCELL_EGF_20min_FR6_Rep1/	27952	21.9438
proteome/20200217_EXPL2_Evo1_AMV_SA_21m_DIA_Prot_HeLa_SUBCELL_EGF_20min_FR6_Rep2/	30206	22.0495
proteome/20200217_EXPL2_Evo1_AMV_SA_21m_DIA_Prot_HeLa_SUBCELL_EGF_20min_FR6_Rep3/	28885	21.9912
proteome/20200217_EXPL2_Evo1_AMV_SA_21m_DIA_Prot_HeLa_SUBCELL_EGF_20min_FR6_Rep4/	26124	21.8602
proteome/20200217_EXPL2_Evo1_AMV_SA_21m_DIA_Prot_HeLa_SUBCELL_EGF_2min_FR1_Rep1/	22464	23.0863
proteome/20200217_EXPL2_Evo1_AMV_SA_21m_DIA_Prot_HeLa_SUBCELL_EGF_2min_FR1_Rep2/	22178	23.1908
proteome/20200217_EXPL2_Evo1_AMV_SA_21m_DIA_Prot_HeLa_SUBCELL_EGF_2min_FR1_Rep3/	23617	23.0607
proteome/20200217_EXPL2_Evo1_AMV_SA_21m_DIA_Prot_HeLa_SUBCELL_EGF_2min_FR1_Rep4/	23272	23.0189
proteome/20200217_EXPL2_Evo1_AMV_SA_21m_DIA_Prot_HeLa_SUBCELL_EGF_2min_FR2_Rep1/	32750	23.1596
proteome/20200217_EXPL2_Evo1_AMV_SA_21m_DIA_Prot_HeLa_SUBCELL_EGF_2min_FR2_Rep2/	36554	23.0309
proteome/20200217_EXPL2_Evo1_AMV_SA_21m_DIA_Prot_HeLa_SUBCELL_EGF_2min_FR2_Rep3/	36519	22.9578
proteome/20200217_EXPL2_Evo1_AMV_SA_21m_DIA_Prot_HeLa_SUBCELL_EGF_2min_FR2_Rep4/	30807	22.8017
proteome/20200217_EXPL2_Evo1_AMV_SA_21m_DIA_Prot_HeLa_SUBCELL_EGF_2min_FR3_Rep1/	21852	21.9344
proteome/20200217_EXPL2_Evo1_AMV_SA_21m_DIA_Prot_HeLa_SUBCELL_EGF_2min_FR3_Rep2/	26904	22.1410
proteome/20200217_EXPL2_Evo1_AMV_SA_21m_DIA_Prot_HeLa_SUBCELL_EGF_2min_FR3_Rep3/	19266	21.8066
proteome/20200217_EXPL2_Evo1_AMV_SA_21m_DIA_Prot_HeLa_SUBCELL_EGF_2min_FR3_Rep4/	20498	21.9272
proteome/20200217_EXPL2_Evo1_AMV_SA_21m_DIA_Prot_HeLa_SUBCELL_EGF_2min_FR4_Rep1/	27393	22.7401
proteome/20200217_EXPL2_Evo1_AMV_SA_21m_DIA_Prot_HeLa_SUBCELL_EGF_2min_FR4_Rep2/	33170	22.9753
proteome/20200217_EXPL2_Evo1_AMV_SA_21m_DIA_Prot_HeLa_SUBCELL_EGF_2min_FR4_Rep3/	30359	22.7158
proteome/20200217_EXPL2_Evo1_AMV_SA_21m_DIA_Prot_HeLa_SUBCELL_EGF_2min_FR4_Rep4/	29430	22.8235
proteome/20200217_EXPL2_Evo1_AMV_SA_21m_DIA_Prot_HeLa_SUBCELL_EGF_2min_FR5_Rep1/	32602	22.2818
proteome/20200217_EXPL2_Evo1_AMV_SA_21m_DIA_Prot_HeLa_SUBCELL_EGF_2min_FR5_Rep2/	35121	22.4931
proteome/20200217_EXPL2_Evo1_AMV_SA_21m_DIA_Prot_HeLa_SUBCELL_EGF_2min_FR5_Rep3/	35228	22.4100
proteome/20200217_EXPL2_Evo1_AMV_SA_21m_DIA_Prot_HeLa_SUBCELL_EGF_2min_FR5_Rep4/	34888	22.4669
proteome/20200217_EXPL2_Evo1_AMV_SA_21m_DIA_Prot_HeLa_SUBCELL_EGF_2min_FR6_Rep1/	29560	21.7702
proteome/20200217_EXPL2_Evo1_AMV_SA_21m_DIA_Prot_HeLa_SUBCELL_EGF_2min_FR6_Rep2/	34181	22.1372
proteome/20200217_EXPL2_Evo1_AMV_SA_21m_DIA_Prot_HeLa_SUBCELL_EGF_2min_FR6_Rep3/	26884	21.8335
proteome/20200217_EXPL2_Evo1_AMV_SA_21m_DIA_Prot_HeLa_SUBCELL_EGF_2min_FR6_Rep4/	28726	22.0876
proteome/20200217_EXPL2_Evo1_AMV_SA_21m_DIA_Prot_HeLa_SUBCELL_EGF_8min_FR1_Rep1/	22381	22.9624
proteome/20200217_EXPL2_Evo1_AMV_SA_21m_DIA_Prot_HeLa_SUBCELL_EGF_8min_FR1_Rep2/	22825	23.0543
proteome/20200217_EXPL2_Evo1_AMV_SA_21m_DIA_Prot_HeLa_SUBCELL_EGF_8min_FR1_Rep3/	23681	23.0449
proteome/20200217_EXPL2_Evo1_AMV_SA_21m_DIA_Prot_HeLa_SUBCELL_EGF_8min_FR1_Rep4/	23350	23.1616
proteome/20200217_EXPL2_Evo1_AMV_SA_21m_DIA_Prot_HeLa_SUBCELL_EGF_8min_FR2_Rep1/	30435	22.6918
proteome/20200217_EXPL2_Evo1_AMV_SA_21m_DIA_Prot_HeLa_SUBCELL_EGF_8min_FR2_Rep2/	35600	22.9325
proteome/20200217_EXPL2_Evo1_AMV_SA_21m_DIA_Prot_HeLa_SUBCELL_EGF_8min_FR2_Rep3/	32622	22.7416
proteome/20200217_EXPL2_Evo1_AMV_SA_21m_DIA_Prot_HeLa_SUBCELL_EGF_8min_FR2_Rep4/	33761	22.8539
proteome/20200217_EXPL2_Evo1_AMV_SA_21m_DIA_Prot_HeLa_SUBCELL_EGF_8min_FR3_Rep1/	19855	21.9735
proteome/20200217_EXPL2_Evo1_AMV_SA_21m_DIA_Prot_HeLa_SUBCELL_EGF_8min_FR3_Rep2/	23121	21.9422
proteome/20200217_EXPL2_Evo1_AMV_SA_21m_DIA_Prot_HeLa_SUBCELL_EGF_8min_FR3_Rep3/	21116	21.8980
proteome/20200217_EXPL2_Evo1_AMV_SA_21m_DIA_Prot_HeLa_SUBCELL_EGF_8min_FR3_Rep4/	21954	21.8655
proteome/20200217_EXPL2_Evo1_AMV_SA_21m_DIA_Prot_HeLa_SUBCELL_EGF_8min_FR4_Rep1/	29407	22.7357
proteome/20200217_EXPL2_Evo1_AMV_SA_21m_DIA_Prot_HeLa_SUBCELL_EGF_8min_FR4_Rep2/	29311	22.7096
proteome/20200217_EXPL2_Evo1_AMV_SA_21m_DIA_Prot_HeLa_SUBCELL_EGF_8min_FR4_Rep3/	29799	22.6972
proteome/20200217_EXPL2_Evo1_AMV_SA_21m_DIA_Prot_HeLa_SUBCELL_EGF_8min_FR4_Rep4/	28440	22.6750
proteome/20200217_EXPL2_Evo1_AMV_SA_21m_DIA_Prot_HeLa_SUBCELL_EGF_8min_FR5_Rep1/	33402	22.5312
proteome/20200217_EXPL2_Evo1_AMV_SA_21m_DIA_Prot_HeLa_SUBCELL_EGF_8min_FR5_Rep2/	33603	22.5542
proteome/20200217_EXPL2_Evo1_AMV_SA_21m_DIA_Prot_HeLa_SUBCELL_EGF_8min_FR5_Rep3/	35193	22.4318
proteome/20200217_EXPL2_Evo1_AMV_SA_21m_DIA_Prot_HeLa_SUBCELL_EGF_8min_FR5_Rep4/	34751	22.3704
proteome/20200217_EXPL2_Evo1_AMV_SA_21m_DIA_Prot_HeLa_SUBCELL_EGF_8min_FR6_Rep1/	29321	21.7567
proteome/20200217_EXPL2_Evo1_AMV_SA_21m_DIA_Prot_HeLa_SUBCELL_EGF_8min_FR6_Rep2/	27886	21.9021
proteome/20200217_EXPL2_Evo1_AMV_SA_21m_DIA_Prot_HeLa_SUBCELL_EGF_8min_FR6_Rep3/	27397	21.9281
proteome/20200217_EXPL2_Evo1_AMV_SA_21m_DIA_Prot_HeLa_SUBCELL_EGF_8min_FR6_Rep4/	25789	21.8763
proteome/20200217_EXPL2_Evo1_AMV_SA_21m_DIA_Prot_HeLa_SUBCELL_EGF_90min_FR1_Rep1/	28027	23.0719
proteome/20200217_EXPL2_Evo1_AMV_SA_21m_DIA_Prot_HeLa_SUBCELL_EGF_90min_FR1_Rep2/	23075	22.9972
proteome/20200217_EXPL2_Evo1_AMV_SA_21m_DIA_Prot_HeLa_SUBCELL_EGF_90min_FR1_Rep3/	22688	23.0228
proteome/20200217_EXPL2_Evo1_AMV_SA_21m_DIA_Prot_HeLa_SUBCELL_EGF_90min_FR1_Rep4/	20591	23.0896
proteome/20200217_EXPL2_Evo1_AMV_SA_21m_DIA_Prot_HeLa_SUBCELL_EGF_90min_FR2_Rep1/	35758	22.9757
proteome/20200217_EXPL2_Evo1_AMV_SA_21m_DIA_Prot_HeLa_SUBCELL_EGF_90min_FR2_Rep2/	31599	22.9305
proteome/20200217_EXPL2_Evo1_AMV_SA_21m_DIA_Prot_HeLa_SUBCELL_EGF_90min_FR2_Rep3/	31483	22.7300
proteome/20200217_EXPL2_Evo1_AMV_SA_21m_DIA_Prot_HeLa_SUBCELL_EGF_90min_FR2_Rep4/	30578	22.7409
proteome/20200217_EXPL2_Evo1_AMV_SA_21m_DIA_Prot_HeLa_SUBCELL_EGF_90min_FR3_Rep1/	27319	22.0857
proteome/20200217_EXPL2_Evo1_AMV_SA_21m_DIA_Prot_HeLa_SUBCELL_EGF_90min_FR3_Rep2/	26141	22.3729
proteome/20200217_EXPL2_Evo1_AMV_SA_21m_DIA_Prot_HeLa_SUBCELL_EGF_90min_FR3_Rep3/	23115	22.0465
proteome/20200217_EXPL2_Evo1_AMV_SA_21m_DIA_Prot_HeLa_SUBCELL_EGF_90min_FR3_Rep4/	21696	22.0650
proteome/20200217_EXPL2_Evo1_AMV_SA_21m_DIA_Prot_HeLa_SUBCELL_EGF_90min_FR4_Rep1/	33649	22.9282
proteome/20200217_EXPL2_Evo1_AMV_SA_21m_DIA_Prot_HeLa_SUBCELL_EGF_90min_FR4_Rep2/	31585	22.6424
proteome/20200217_EXPL2_Evo1_AMV_SA_21m_DIA_Prot_HeLa_SUBCELL_EGF_90min_FR4_Rep3/	31586	22.6670
proteome/20200217_EXPL2_Evo1_AMV_SA_21m_DIA_Prot_HeLa_SUBCELL_EGF_90min_FR4_Rep4/	29725	22.8561
proteome/20200217_EXPL2_Evo1_AMV_SA_21m_DIA_Prot_HeLa_SUBCELL_EGF_90min_FR5_Rep1/	39059	22.7107
proteome/20200217_EXPL2_Evo1_AMV_SA_21m_DIA_Prot_HeLa_SUBCELL_EGF_90min_FR5_Rep2/	35043	22.5401
proteome/20200217_EXPL2_Evo1_AMV_SA_21m_DIA_Prot_HeLa_SUBCELL_EGF_90min_FR5_Rep3/	35210	22.5099
proteome/20200217_EXPL2_Evo1_AMV_SA_21m_DIA_Prot_HeLa_SUBCELL_EGF_90min_FR5_Rep4/	36235	22.5033
proteome/20200217_EXPL2_Evo1_AMV_SA_21m_DIA_Prot_HeLa_SUBCELL_EGF_90min_FR6_Rep1/	29813	22.0147
proteome/20200217_EXPL2_Evo1_AMV_SA_21m_DIA_Prot_HeLa_SUBCELL_EGF_90min_FR6_Rep2/	28740	22.0607
proteome/20200217_EXPL2_Evo1_AMV_SA_21m_DIA_Prot_HeLa_SUBCELL_EGF_90min_FR6_Rep3/	29560	22.2506
proteome/20200217_EXPL2_Evo1_AMV_SA_21m_DIA_Prot_HeLa_SUBCELL_EGF_90min_FR6_Rep4/	26466	21.9666
proteome/20200217_EXPL2_Evo1_AMV_SA_21m_DIA_Prot_HeLa_SUBCELL_EGF_CTRL_FR1_Rep1/	26214	22.9766
proteome/20200217_EXPL2_Evo1_AMV_SA_21m_DIA_Prot_HeLa_SUBCELL_EGF_CTRL_FR1_Rep2/	25209	23.0913
proteome/20200217_EXPL2_Evo1_AMV_SA_21m_DIA_Prot_HeLa_SUBCELL_EGF_CTRL_FR1_Rep3/	22484	23.0867
proteome/20200217_EXPL2_Evo1_AMV_SA_21m_DIA_Prot_HeLa_SUBCELL_EGF_CTRL_FR1_Rep4/	24401	23.0873
proteome/20200217_EXPL2_Evo1_AMV_SA_21m_DIA_Prot_HeLa_SUBCELL_EGF_CTRL_FR2_Rep1/	36702	23.1255
proteome/20200217_EXPL2_Evo1_AMV_SA_21m_DIA_Prot_HeLa_SUBCELL_EGF_CTRL_FR2_Rep2/	34323	23.1644
proteome/20200217_EXPL2_Evo1_AMV_SA_21m_DIA_Prot_HeLa_SUBCELL_EGF_CTRL_FR2_Rep3/	32371	22.9254
proteome/20200217_EXPL2_Evo1_AMV_SA_21m_DIA_Prot_HeLa_SUBCELL_EGF_CTRL_FR2_Rep4/	36205	22.5531
proteome/20200217_EXPL2_Evo1_AMV_SA_21m_DIA_Prot_HeLa_SUBCELL_EGF_CTRL_FR3_Rep1/	28973	22.2016
proteome/20200217_EXPL2_Evo1_AMV_SA_21m_DIA_Prot_HeLa_SUBCELL_EGF_CTRL_FR3_Rep2/	29118	22.2407
proteome/20200217_EXPL2_Evo1_AMV_SA_21m_DIA_Prot_HeLa_SUBCELL_EGF_CTRL_FR3_Rep3/	22992	22.0532
proteome/20200217_EXPL2_Evo1_AMV_SA_21m_DIA_Prot_HeLa_SUBCELL_EGF_CTRL_FR3_Rep4/	25268	22.6767
proteome/20200217_EXPL2_Evo1_AMV_SA_21m_DIA_Prot_HeLa_SUBCELL_EGF_CTRL_FR4_Rep1/	31083	22.7523
proteome/20200217_EXPL2_Evo1_AMV_SA_21m_DIA_Prot_HeLa_SUBCELL_EGF_CTRL_FR4_Rep2/	34488	23.0124
proteome/20200217_EXPL2_Evo1_AMV_SA_21m_DIA_Prot_HeLa_SUBCELL_EGF_CTRL_FR4_Rep3/	30239	22.6961
proteome/20200217_EXPL2_Evo1_AMV_SA_21m_DIA_Prot_HeLa_SUBCELL_EGF_CTRL_FR4_Rep4/	34688	22.8910
proteome/20200217_EXPL2_Evo1_AMV_SA_21m_DIA_Prot_HeLa_SUBCELL_EGF_CTRL_FR5_Rep1/	33815	22.3637
proteome/20200217_EXPL2_Evo1_AMV_SA_21m_DIA_Prot_HeLa_SUBCELL_EGF_CTRL_FR5_Rep2/	38516	22.7336
proteome/20200217_EXPL2_Evo1_AMV_SA_21m_DIA_Prot_HeLa_SUBCELL_EGF_CTRL_FR5_Rep3/	36064	22.5628
proteome/20200217_EXPL2_Evo1_AMV_SA_21m_DIA_Prot_HeLa_SUBCELL_EGF_CTRL_FR5_Rep4/	39993	22.8495
proteome/20200217_EXPL2_Evo1_AMV_SA_21m_DIA_Prot_HeLa_SUBCELL_EGF_CTRL_FR6_Rep1/	28766	21.9134
proteome/20200217_EXPL2_Evo1_AMV_SA_21m_DIA_Prot_HeLa_SUBCELL_EGF_CTRL_FR6_Rep2/	32435	22.2527
proteome/20200217_EXPL2_Evo1_AMV_SA_21m_DIA_Prot_HeLa_SUBCELL_EGF_CTRL_FR6_Rep3/	29201	21.9457
proteome/20200217_EXPL2_Evo1_AMV_SA_21m_DIA_Prot_HeLa_SUBCELL_EGF_CTRL_FR6_Rep4/	31497	22.7412
