step	condition	scope	n_rows	n_sites	n_proteins	protein_abundance_median	site_log2int_CTRL_median
1	全部	all	39813	18268	4996	无	19.6160
1	全部	FR1	7410	7410	2651	无	19.6105
1	全部	FR2	7882	7882	2766	无	19.5565
1	全部	FR3	4780	4780	2159	无	19.6720
1	全部	FR4	7017	7017	2816	无	19.6705
1	全部	FR5	7233	7233	2384	无	19.6150
1	全部	FR6	5491	5491	2026	无	19.5795
2	行满足 c2	all	14963	6861	2880	无	19.7100
2	行满足 c2	FR1	2761	2761	1453	无	19.6590
2	行满足 c2	FR2	3324	3324	1634	无	19.6680
2	行满足 c2	FR3	1503	1503	945	无	19.7770
2	行满足 c2	FR4	2462	2462	1344	无	19.8215
2	行满足 c2	FR5	2833	2833	1267	无	19.7000
2	行满足 c2	FR6	2080	2080	1024	无	19.6960
3	行满足 c2&c3；位点 ∈ S3	all	13106	6439	2614	无	19.9120
3	行满足 c2&c3；位点 ∈ S3	FR1	2359	2359	1165	无	19.9040
3	行满足 c2&c3；位点 ∈ S3	FR2	2996	2996	1400	无	19.8615
3	行满足 c2&c3；位点 ∈ S3	FR3	1213	1213	714	无	19.9900
3	行满足 c2&c3；位点 ∈ S3	FR4	2036	2036	1031	无	20.1220
3	行满足 c2&c3；位点 ∈ S3	FR5	2623	2623	1113	无	19.8280
3	行满足 c2&c3；位点 ∈ S3	FR6	1879	1879	872	无	19.8620
4	行满足 c2&c3；位点 ∈ S3 ∩ c4	all	9796	3129	1511	无	20.2245
4	行满足 c2&c3；位点 ∈ S3 ∩ c4	FR1	1502	1502	835	无	20.3125
4	行满足 c2&c3；位点 ∈ S3 ∩ c4	FR2	2233	2233	1146	无	20.2890
4	行满足 c2&c3；位点 ∈ S3 ∩ c4	FR3	1127	1127	677	无	20.0590
4	行满足 c2&c3；位点 ∈ S3 ∩ c4	FR4	1404	1404	757	无	20.4225
4	行满足 c2&c3；位点 ∈ S3 ∩ c4	FR5	1940	1940	933	无	20.2610
4	行满足 c2&c3；位点 ∈ S3 ∩ c4	FR6	1590	1590	801	无	20.0155
5	行满足 c2&c3；位点 ∈ ④剩余 ∩ c5	all	8256	2616	998	无	20.2910
5	行满足 c2&c3；位点 ∈ ④剩余 ∩ c5	FR1	1245	1245	578	无	20.3570
5	行满足 c2&c3；位点 ∈ ④剩余 ∩ c5	FR2	1877	1877	790	无	20.3250
5	行满足 c2&c3；位点 ∈ ④剩余 ∩ c5	FR3	941	941	491	无	20.0790
5	行满足 c2&c3；位点 ∈ ④剩余 ∩ c5	FR4	1165	1165	518	无	20.5130
5	行满足 c2&c3；位点 ∈ ④剩余 ∩ c5	FR5	1665	1665	658	无	20.3090
5	行满足 c2&c3；位点 ∈ ④剩余 ∩ c5	FR6	1363	1363	574	无	20.1030
6	行满足 c2&c3；位点 ∈ ⑤剩余 ∩ c6	all	6022	1905	642	无	20.2720
6	行满足 c2&c3；位点 ∈ ⑤剩余 ∩ c6	FR1	867	867	373	无	20.2110
6	行满足 c2&c3；位点 ∈ ⑤剩余 ∩ c6	FR2	1343	1343	514	无	20.2980
6	行满足 c2&c3；位点 ∈ ⑤剩余 ∩ c6	FR3	670	670	325	无	20.0230
6	行满足 c2&c3；位点 ∈ ⑤剩余 ∩ c6	FR4	856	856	336	无	20.5475
6	行满足 c2&c3；位点 ∈ ⑤剩余 ∩ c6	FR5	1241	1241	431	无	20.3730
6	行满足 c2&c3；位点 ∈ ⑤剩余 ∩ c6	FR6	1045	1045	389	无	20.1450
ctrl_a	③ 剩余行中 denom_tier=protein	all	9037	4704	2115	无	19.8460
ctrl_a	③ 剩余行中 denom_tier=protein	FR1	1717	1717	920	无	19.8330
ctrl_a	③ 剩余行中 denom_tier=protein	FR2	2003	2003	1085	无	19.8420
ctrl_a	③ 剩余行中 denom_tier=protein	FR3	884	884	560	无	19.8755
ctrl_a	③ 剩余行中 denom_tier=protein	FR4	1391	1391	747	无	20.0870
ctrl_a	③ 剩余行中 denom_tier=protein	FR5	1772	1772	883	无	19.7600
ctrl_a	③ 剩余行中 denom_tier=protein	FR6	1270	1270	690	无	19.7510
ctrl_b	③ 剩余行中 denom_tier=residue	all	4069	2397	1335	无	20.0960
ctrl_b	③ 剩余行中 denom_tier=residue	FR1	642	642	435	无	20.0715
ctrl_b	③ 剩余行中 denom_tier=residue	FR2	993	993	633	无	19.9130
ctrl_b	③ 剩余行中 denom_tier=residue	FR3	329	329	231	无	20.2630
ctrl_b	③ 剩余行中 denom_tier=residue	FR4	645	645	438	无	20.1990
ctrl_b	③ 剩余行中 denom_tier=residue	FR5	851	851	492	无	20.0450
ctrl_b	③ 剩余行中 denom_tier=residue	FR6	609	609	338	无	20.1940
ctrl_c	宽口径：任一 log2occ_* 非空	all	20200	9894	3246	无	19.7640
ctrl_c	宽口径：任一 log2occ_* 非空	FR1	3780	3780	1518	无	19.7570
ctrl_c	宽口径：任一 log2occ_* 非空	FR2	4388	4388	1784	无	19.6710
ctrl_c	宽口径：任一 log2occ_* 非空	FR3	1919	1919	980	无	19.8550
ctrl_c	宽口径：任一 log2occ_* 非空	FR4	3174	3174	1394	无	19.8970
ctrl_c	宽口径：任一 log2occ_* 非空	FR5	4068	4068	1409	无	19.7320
ctrl_c	宽口径：任一 log2occ_* 非空	FR6	2871	2871	1146	无	19.7155
ctrl_d	全表中 10 个数值列（log2occ_*、log2int_*）全空	all	16854	12809	4358	无	无
ctrl_d	全表中 10 个数值列（log2occ_*、log2int_*）全空	FR1	2921	2921	1661	无	无
ctrl_d	全表中 10 个数值列（log2occ_*、log2int_*）全空	FR2	3057	3057	1725	无	无
ctrl_d	全表中 10 个数值列（log2occ_*、log2int_*）全空	FR3	2390	2390	1469	无	无
ctrl_d	全表中 10 个数值列（log2occ_*、log2int_*）全空	FR4	3288	3288	1936	无	无
ctrl_d	全表中 10 个数值列（log2occ_*、log2int_*）全空	FR5	2861	2861	1593	无	无
ctrl_d	全表中 10 个数值列（log2occ_*、log2int_*）全空	FR6	2337	2337	1321	无	无
