layer	run	timepoint	fraction	rep	n_precursors	median_log2	anchor_layer	offset_anchor	offset_ctrl
phospho	phospho/20200214_EXPL2_Evo1_AMV_SA_21m_DIA_Phos_HeLa_SUBCELL_EGF_CTRL_FR1_Rep1/	CTRL	FR1	Rep1	6446	19.2291	18.845850	0.383250	
phospho	phospho/20200214_EXPL2_Evo1_AMV_SA_21m_DIA_Phos_HeLa_SUBCELL_EGF_CTRL_FR1_Rep2/	CTRL	FR1	Rep2	4593	20.2204	18.845850	1.374550	
phospho	phospho/20200214_EXPL2_Evo1_AMV_SA_21m_DIA_Phos_HeLa_SUBCELL_EGF_CTRL_FR1_Rep3/	CTRL	FR1	Rep3	5382	20.9367	18.845850	2.090850	
phospho	phospho/20200214_EXPL2_Evo1_AMV_SA_21m_DIA_Phos_HeLa_SUBCELL_EGF_CTRL_FR1_Rep4/	CTRL	FR1	Rep4	5182	18.8867	18.845850	0.040850	
phospho	phospho/20200214_EXPL2_Evo1_AMV_SA_21m_DIA_Phos_HeLa_SUBCELL_EGF_2min_FR1_Rep1/	2min	FR1	Rep1	5943	21.2873	18.845850	2.441450	2.058200
phospho	phospho/20200214_EXPL2_Evo1_AMV_SA_21m_DIA_Phos_HeLa_SUBCELL_EGF_2min_FR1_Rep2/	2min	FR1	Rep2	6038	20.8417	18.845850	1.995850	0.621300
phospho	phospho/20200214_EXPL2_Evo1_AMV_SA_21m_DIA_Phos_HeLa_SUBCELL_EGF_2min_FR1_Rep3/	2min	FR1	Rep3	5504	20.6471	18.845850	1.801250	-0.289600
phospho	phospho/20200214_EXPL2_Evo1_AMV_SA_21m_DIA_Phos_HeLa_SUBCELL_EGF_2min_FR1_Rep4/	2min	FR1	Rep4	5762	20.7223	18.845850	1.876450	1.835600
phospho	phospho/20200214_EXPL2_Evo1_AMV_SA_21m_DIA_Phos_HeLa_SUBCELL_EGF_8min_FR1_Rep1/	8min	FR1	Rep1	6668	20.6702	18.845850	1.824350	1.441100
phospho	phospho/20200214_EXPL2_Evo1_AMV_SA_21m_DIA_Phos_HeLa_SUBCELL_EGF_8min_FR1_Rep2/	8min	FR1	Rep2	4804	20.5698	18.845850	1.723950	0.349400
phospho	phospho/20200214_EXPL2_Evo1_AMV_SA_21m_DIA_Phos_HeLa_SUBCELL_EGF_8min_FR1_Rep3/	8min	FR1	Rep3	5977	20.3762	18.845850	1.530350	-0.560500
phospho	phospho/20200214_EXPL2_Evo1_AMV_SA_21m_DIA_Phos_HeLa_SUBCELL_EGF_8min_FR1_Rep4/	8min	FR1	Rep4	6798	20.9123	18.845850	2.066450	2.025600
phospho	phospho/20200214_EXPL2_Evo1_AMV_SA_21m_DIA_Phos_HeLa_SUBCELL_EGF_20min_FR1_Rep1/	20min	FR1	Rep1	4830	21.1849	18.845850	2.339050	1.955800
phospho	phospho/20200214_EXPL2_Evo1_AMV_SA_21m_DIA_Phos_HeLa_SUBCELL_EGF_20min_FR1_Rep2/	20min	FR1	Rep2	5477	20.5531	18.845850	1.707250	0.332700
phospho	phospho/20200214_EXPL2_Evo1_AMV_SA_21m_DIA_Phos_HeLa_SUBCELL_EGF_20min_FR1_Rep3/	20min	FR1	Rep3	5078	19.5750	18.845850	0.729150	-1.361700
phospho	phospho/20200214_EXPL2_Evo1_AMV_SA_21m_DIA_Phos_HeLa_SUBCELL_EGF_20min_FR1_Rep4/	20min	FR1	Rep4	4871	19.9694	18.845850	1.123550	1.082700
phospho	phospho/20200214_EXPL2_Evo1_AMV_SA_21m_DIA_Phos_HeLa_SUBCELL_EGF_90min_FR1_Rep1/	90min	FR1	Rep1	5876	20.1463	18.845850	1.300450	0.917200
phospho	phospho/20200214_EXPL2_Evo1_AMV_SA_21m_DIA_Phos_HeLa_SUBCELL_EGF_90min_FR1_Rep2/	90min	FR1	Rep2	6004	20.0616	18.845850	1.215750	-0.158800
phospho	phospho/20200214_EXPL2_Evo1_AMV_SA_21m_DIA_Phos_HeLa_SUBCELL_EGF_90min_FR1_Rep3/	90min	FR1	Rep3	2201	19.5789	18.845850	0.733050	-1.357800
phospho	phospho/20200214_EXPL2_Evo1_AMV_SA_21m_DIA_Phos_HeLa_SUBCELL_EGF_90min_FR1_Rep4/	90min	FR1	Rep4	5466	20.3609	18.845850	1.515050	1.474200
phospho	phospho/20200214_EXPL2_Evo1_AMV_SA_21m_DIA_Phos_HeLa_SUBCELL_EGF_CTRL_FR2_Rep1/	CTRL	FR2	Rep1	7483	19.2925	18.845850	0.446650	
phospho	phospho/20200214_EXPL2_Evo1_AMV_SA_21m_DIA_Phos_HeLa_SUBCELL_EGF_CTRL_FR2_Rep2/	CTRL	FR2	Rep2	6346	19.8852	18.845850	1.039350	
phospho	phospho/20200214_EXPL2_Evo1_AMV_SA_21m_DIA_Phos_HeLa_SUBCELL_EGF_CTRL_FR2_Rep3/	CTRL	FR2	Rep3	6539	19.8185	18.845850	0.972650	
phospho	phospho/20200214_EXPL2_Evo1_AMV_SA_21m_DIA_Phos_HeLa_SUBCELL_EGF_CTRL_FR2_Rep4/	CTRL	FR2	Rep4	5613	18.4218	18.845850	-0.424050	
phospho	phospho/20200214_EXPL2_Evo1_AMV_SA_21m_DIA_Phos_HeLa_SUBCELL_EGF_2min_FR2_Rep1/	2min	FR2	Rep1	7046	19.5271	18.845850	0.681250	0.234600
phospho	phospho/20200214_EXPL2_Evo1_AMV_SA_21m_DIA_Phos_HeLa_SUBCELL_EGF_2min_FR2_Rep2/	2min	FR2	Rep2	6888	19.5211	18.845850	0.675250	-0.364100
phospho	phospho/20200214_EXPL2_Evo1_AMV_SA_21m_DIA_Phos_HeLa_SUBCELL_EGF_2min_FR2_Rep3/	2min	FR2	Rep3	5955	19.2921	18.845850	0.446250	-0.526400
phospho	phospho/20200214_EXPL2_Evo1_AMV_SA_21m_DIA_Phos_HeLa_SUBCELL_EGF_2min_FR2_Rep4/	2min	FR2	Rep4	7246	19.7888	18.845850	0.942950	1.367000
phospho	phospho/20200214_EXPL2_Evo1_AMV_SA_21m_DIA_Phos_HeLa_SUBCELL_EGF_8min_FR2_Rep1/	8min	FR2	Rep1	6640	19.5664	18.845850	0.720550	0.273900
phospho	phospho/20200214_EXPL2_Evo1_AMV_SA_21m_DIA_Phos_HeLa_SUBCELL_EGF_8min_FR2_Rep2/	8min	FR2	Rep2	6524	19.5505	18.845850	0.704650	-0.334700
phospho	phospho/20200214_EXPL2_Evo1_AMV_SA_21m_DIA_Phos_HeLa_SUBCELL_EGF_8min_FR2_Rep3/	8min	FR2	Rep3	6737	19.4199	18.845850	0.574050	-0.398600
phospho	phospho/20200214_EXPL2_Evo1_AMV_SA_21m_DIA_Phos_HeLa_SUBCELL_EGF_8min_FR2_Rep4/	8min	FR2	Rep4	4607	18.3197	18.845850	-0.526150	-0.102100
phospho	phospho/20200214_EXPL2_Evo1_AMV_SA_21m_DIA_Phos_HeLa_SUBCELL_EGF_20min_FR2_Rep1/	20min	FR2	Rep1	6087	19.4686	18.845850	0.622750	0.176100
phospho	phospho/20200214_EXPL2_Evo1_AMV_SA_21m_DIA_Phos_HeLa_SUBCELL_EGF_20min_FR2_Rep2/	20min	FR2	Rep2	6200	19.5826	18.845850	0.736750	-0.302600
phospho	phospho/20200214_EXPL2_Evo1_AMV_SA_21m_DIA_Phos_HeLa_SUBCELL_EGF_20min_FR2_Rep3/	20min	FR2	Rep3	5412	19.6475	18.845850	0.801650	-0.171000
phospho	phospho/20200214_EXPL2_Evo1_AMV_SA_21m_DIA_Phos_HeLa_SUBCELL_EGF_20min_FR2_Rep4/	20min	FR2	Rep4	5429	19.3653	18.845850	0.519450	0.943500
phospho	phospho/20200214_EXPL2_Evo1_AMV_SA_21m_DIA_Phos_HeLa_SUBCELL_EGF_90min_FR2_Rep1/	90min	FR2	Rep1	5400	18.6922	18.845850	-0.153650	-0.600300
phospho	phospho/20200214_EXPL2_Evo1_AMV_SA_21m_DIA_Phos_HeLa_SUBCELL_EGF_90min_FR2_Rep2/	90min	FR2	Rep2	6764	19.9821	18.845850	1.136250	0.096900
phospho	phospho/20200214_EXPL2_Evo1_AMV_SA_21m_DIA_Phos_HeLa_SUBCELL_EGF_90min_FR2_Rep3/	90min	FR2	Rep3	4706	19.6018	18.845850	0.755950	-0.216700
phospho	phospho/20200214_EXPL2_Evo1_AMV_SA_21m_DIA_Phos_HeLa_SUBCELL_EGF_90min_FR2_Rep4/	90min	FR2	Rep4	6121	19.6553	18.845850	0.809450	1.233500
phospho	phospho/20200214_EXPL2_Evo1_AMV_SA_21m_DIA_Phos_HeLa_SUBCELL_EGF_CTRL_FR3_Rep1/	CTRL	FR3	Rep1	4156	16.8545	18.845850	-1.991350	
phospho	phospho/20200214_EXPL2_Evo1_AMV_SA_21m_DIA_Phos_HeLa_SUBCELL_EGF_CTRL_FR3_Rep2/	CTRL	FR3	Rep2	2699	17.0776	18.845850	-1.768250	
phospho	phospho/20200214_EXPL2_Evo1_AMV_SA_21m_DIA_Phos_HeLa_SUBCELL_EGF_CTRL_FR3_Rep3/	CTRL	FR3	Rep3	3423	17.5524	18.845850	-1.293450	
phospho	phospho/20200214_EXPL2_Evo1_AMV_SA_21m_DIA_Phos_HeLa_SUBCELL_EGF_CTRL_FR3_Rep4/	CTRL	FR3	Rep4	4419	18.0977	18.845850	-0.748150	
phospho	phospho/20200214_EXPL2_Evo1_AMV_SA_21m_DIA_Phos_HeLa_SUBCELL_EGF_2min_FR3_Rep1/	2min	FR3	Rep1	4061	17.3481	18.845850	-1.497750	0.493600
phospho	phospho/20200214_EXPL2_Evo1_AMV_SA_21m_DIA_Phos_HeLa_SUBCELL_EGF_2min_FR3_Rep2/	2min	FR3	Rep2	2510	16.7340	18.845850	-2.111850	-0.343600
phospho	phospho/20200214_EXPL2_Evo1_AMV_SA_21m_DIA_Phos_HeLa_SUBCELL_EGF_2min_FR3_Rep3/	2min	FR3	Rep3	2379	16.8176	18.845850	-2.028250	-0.734800
phospho	phospho/20200214_EXPL2_Evo1_AMV_SA_21m_DIA_Phos_HeLa_SUBCELL_EGF_2min_FR3_Rep4/	2min	FR3	Rep4	3179	17.0917	18.845850	-1.754150	-1.006000
phospho	phospho/20200214_EXPL2_Evo1_AMV_SA_21m_DIA_Phos_HeLa_SUBCELL_EGF_8min_FR3_Rep1/	8min	FR3	Rep1	4143	17.4213	18.845850	-1.424550	0.566800
phospho	phospho/20200214_EXPL2_Evo1_AMV_SA_21m_DIA_Phos_HeLa_SUBCELL_EGF_8min_FR3_Rep2/	8min	FR3	Rep2	3072	16.9763	18.845850	-1.869550	-0.101300
phospho	phospho/20200214_EXPL2_Evo1_AMV_SA_21m_DIA_Phos_HeLa_SUBCELL_EGF_8min_FR3_Rep3/	8min	FR3	Rep3	2898	16.9181	18.845850	-1.927750	-0.634300
phospho	phospho/20200214_EXPL2_Evo1_AMV_SA_21m_DIA_Phos_HeLa_SUBCELL_EGF_8min_FR3_Rep4/	8min	FR3	Rep4	3648	17.4980	18.845850	-1.347850	-0.599700
phospho	phospho/20200214_EXPL2_Evo1_AMV_SA_21m_DIA_Phos_HeLa_SUBCELL_EGF_20min_FR3_Rep1/	20min	FR3	Rep1	3845	17.3907	18.845850	-1.455150	0.536200
phospho	phospho/20200214_EXPL2_Evo1_AMV_SA_21m_DIA_Phos_HeLa_SUBCELL_EGF_20min_FR3_Rep2/	20min	FR3	Rep2	3532	17.1241	18.845850	-1.721750	0.046500
phospho	phospho/20200214_EXPL2_Evo1_AMV_SA_21m_DIA_Phos_HeLa_SUBCELL_EGF_20min_FR3_Rep3/	20min	FR3	Rep3	3092	17.1771	18.845850	-1.668750	-0.375300
phospho	phospho/20200214_EXPL2_Evo1_AMV_SA_21m_DIA_Phos_HeLa_SUBCELL_EGF_20min_FR3_Rep4/	20min	FR3	Rep4	2872	16.7914	18.845850	-2.054450	-1.306300
phospho	phospho/20200214_EXPL2_Evo1_AMV_SA_21m_DIA_Phos_HeLa_SUBCELL_EGF_90min_FR3_Rep1/	90min	FR3	Rep1	3490	17.5218	18.845850	-1.324050	0.667300
phospho	phospho/20200214_EXPL2_Evo1_AMV_SA_21m_DIA_Phos_HeLa_SUBCELL_EGF_90min_FR3_Rep2/	90min	FR3	Rep2	4236	18.5425	18.845850	-0.303350	1.464900
phospho	phospho/20200214_EXPL2_Evo1_AMV_SA_21m_DIA_Phos_HeLa_SUBCELL_EGF_90min_FR3_Rep3/	90min	FR3	Rep3	1335	17.9754	18.845850	-0.870450	0.423000
phospho	phospho/20200214_EXPL2_Evo1_AMV_SA_21m_DIA_Phos_HeLa_SUBCELL_EGF_90min_FR3_Rep4/	90min	FR3	Rep4	3143	17.6617	18.845850	-1.184150	-0.436000
phospho	phospho/20200214_EXPL2_Evo1_AMV_SA_21m_DIA_Phos_HeLa_SUBCELL_EGF_CTRL_FR4_Rep1/	CTRL	FR4	Rep1	6053	18.7845	18.845850	-0.061350	
phospho	phospho/20200214_EXPL2_Evo1_AMV_SA_21m_DIA_Phos_HeLa_SUBCELL_EGF_CTRL_FR4_Rep2/	CTRL	FR4	Rep2	3057	17.6090	18.845850	-1.236850	
phospho	phospho/20200214_EXPL2_Evo1_AMV_SA_21m_DIA_Phos_HeLa_SUBCELL_EGF_CTRL_FR4_Rep3/	CTRL	FR4	Rep3	5420	18.9520	18.845850	0.106150	
phospho	phospho/20200214_EXPL2_Evo1_AMV_SA_21m_DIA_Phos_HeLa_SUBCELL_EGF_CTRL_FR4_Rep4/	CTRL	FR4	Rep4	5894	19.2360	18.845850	0.390150	
phospho	phospho/20200214_EXPL2_Evo1_AMV_SA_21m_DIA_Phos_HeLa_SUBCELL_EGF_2min_FR4_Rep1/	2min	FR4	Rep1	6122	18.8610	18.845850	0.015150	0.076500
phospho	phospho/20200214_EXPL2_Evo1_AMV_SA_21m_DIA_Phos_HeLa_SUBCELL_EGF_2min_FR4_Rep2/	2min	FR4	Rep2	4761	18.4280	18.845850	-0.417850	0.819000
phospho	phospho/20200214_EXPL2_Evo1_AMV_SA_21m_DIA_Phos_HeLa_SUBCELL_EGF_2min_FR4_Rep3/	2min	FR4	Rep3	4990	18.5126	18.845850	-0.333250	-0.439400
phospho	phospho/20200214_EXPL2_Evo1_AMV_SA_21m_DIA_Phos_HeLa_SUBCELL_EGF_2min_FR4_Rep4/	2min	FR4	Rep4	5217	18.7854	18.845850	-0.060450	-0.450600
phospho	phospho/20200214_EXPL2_Evo1_AMV_SA_21m_DIA_Phos_HeLa_SUBCELL_EGF_8min_FR4_Rep1/	8min	FR4	Rep1	5472	18.6530	18.845850	-0.192850	-0.131500
phospho	phospho/20200214_EXPL2_Evo1_AMV_SA_21m_DIA_Phos_HeLa_SUBCELL_EGF_8min_FR4_Rep2/	8min	FR4	Rep2	4173	18.0357	18.845850	-0.810150	0.426700
phospho	phospho/20200214_EXPL2_Evo1_AMV_SA_21m_DIA_Phos_HeLa_SUBCELL_EGF_8min_FR4_Rep3/	8min	FR4	Rep3	5035	18.7820	18.845850	-0.063850	-0.170000
phospho	phospho/20200214_EXPL2_Evo1_AMV_SA_21m_DIA_Phos_HeLa_SUBCELL_EGF_8min_FR4_Rep4/	8min	FR4	Rep4	3691	18.6141	18.845850	-0.231750	-0.621900
phospho	phospho/20200214_EXPL2_Evo1_AMV_SA_21m_DIA_Phos_HeLa_SUBCELL_EGF_20min_FR4_Rep1/	20min	FR4	Rep1	5450	19.0652	18.845850	0.219350	0.280700
phospho	phospho/20200214_EXPL2_Evo1_AMV_SA_21m_DIA_Phos_HeLa_SUBCELL_EGF_20min_FR4_Rep2/	20min	FR4	Rep2	4663	18.3988	18.845850	-0.447050	0.789800
phospho	phospho/20200214_EXPL2_Evo1_AMV_SA_21m_DIA_Phos_HeLa_SUBCELL_EGF_20min_FR4_Rep3/	20min	FR4	Rep3	3792	18.2617	18.845850	-0.584150	-0.690300
phospho	phospho/20200214_EXPL2_Evo1_AMV_SA_21m_DIA_Phos_HeLa_SUBCELL_EGF_20min_FR4_Rep4/	20min	FR4	Rep4	3850	18.5043	18.845850	-0.341550	-0.731700
phospho	phospho/20200214_EXPL2_Evo1_AMV_SA_21m_DIA_Phos_HeLa_SUBCELL_EGF_90min_FR4_Rep1/	90min	FR4	Rep1	4859	18.8307	18.845850	-0.015150	0.046200
phospho	phospho/20200214_EXPL2_Evo1_AMV_SA_21m_DIA_Phos_HeLa_SUBCELL_EGF_90min_FR4_Rep2/	90min	FR4	Rep2	4098	18.4796	18.845850	-0.366250	0.870600
phospho	phospho/20200214_EXPL2_Evo1_AMV_SA_21m_DIA_Phos_HeLa_SUBCELL_EGF_90min_FR4_Rep3/	90min	FR4	Rep3	4419	19.0953	18.845850	0.249450	0.143300
phospho	phospho/20200214_EXPL2_Evo1_AMV_SA_21m_DIA_Phos_HeLa_SUBCELL_EGF_90min_FR4_Rep4/	90min	FR4	Rep4	4849	18.6084	18.845850	-0.237450	-0.627600
phospho	phospho/20200214_EXPL2_Evo1_AMV_SA_21m_DIA_Phos_HeLa_SUBCELL_EGF_CTRL_FR5_Rep1/	CTRL	FR5	Rep1	5745	18.1787	18.845850	-0.667150	
phospho	phospho/20200214_EXPL2_Evo1_AMV_SA_21m_DIA_Phos_HeLa_SUBCELL_EGF_CTRL_FR5_Rep2/	CTRL	FR5	Rep2	5029	18.7601	18.845850	-0.085750	
phospho	phospho/20200214_EXPL2_Evo1_AMV_SA_21m_DIA_Phos_HeLa_SUBCELL_EGF_CTRL_FR5_Rep3/	CTRL	FR5	Rep3	6229	19.2126	18.845850	0.366750	
phospho	phospho/20200214_EXPL2_Evo1_AMV_SA_21m_DIA_Phos_HeLa_SUBCELL_EGF_CTRL_FR5_Rep4/	CTRL	FR5	Rep4	6422	19.8152	18.845850	0.969350	
phospho	phospho/20200214_EXPL2_Evo1_AMV_SA_21m_DIA_Phos_HeLa_SUBCELL_EGF_2min_FR5_Rep1/	2min	FR5	Rep1	6350	18.9510	18.845850	0.105150	0.772300
phospho	phospho/20200214_EXPL2_Evo1_AMV_SA_21m_DIA_Phos_HeLa_SUBCELL_EGF_2min_FR5_Rep2/	2min	FR5	Rep2	5846	19.0017	18.845850	0.155850	0.241600
phospho	phospho/20200214_EXPL2_Evo1_AMV_SA_21m_DIA_Phos_HeLa_SUBCELL_EGF_2min_FR5_Rep3/	2min	FR5	Rep3	6532	19.3119	18.845850	0.466050	0.099300
phospho	phospho/20200214_EXPL2_Evo1_AMV_SA_21m_DIA_Phos_HeLa_SUBCELL_EGF_2min_FR5_Rep4/	2min	FR5	Rep4	5920	19.2872	18.845850	0.441350	-0.528000
phospho	phospho/20200214_EXPL2_Evo1_AMV_SA_21m_DIA_Phos_HeLa_SUBCELL_EGF_8min_FR5_Rep1/	8min	FR5	Rep1	6252	19.5373	18.845850	0.691450	1.358600
phospho	phospho/20200214_EXPL2_Evo1_AMV_SA_21m_DIA_Phos_HeLa_SUBCELL_EGF_8min_FR5_Rep2/	8min	FR5	Rep2	5017	19.1145	18.845850	0.268650	0.354400
phospho	phospho/20200214_EXPL2_Evo1_AMV_SA_21m_DIA_Phos_HeLa_SUBCELL_EGF_8min_FR5_Rep3/	8min	FR5	Rep3	6446	20.0781	18.845850	1.232250	0.865500
phospho	phospho/20200214_EXPL2_Evo1_AMV_SA_21m_DIA_Phos_HeLa_SUBCELL_EGF_8min_FR5_Rep4/	8min	FR5	Rep4	5695	19.2207	18.845850	0.374850	-0.594500
phospho	phospho/20200214_EXPL2_Evo1_AMV_SA_21m_DIA_Phos_HeLa_SUBCELL_EGF_20min_FR5_Rep1/	20min	FR5	Rep1	6362	19.5852	18.845850	0.739350	1.406500
phospho	phospho/20200214_EXPL2_Evo1_AMV_SA_21m_DIA_Phos_HeLa_SUBCELL_EGF_20min_FR5_Rep2/	20min	FR5	Rep2	5796	19.5997	18.845850	0.753850	0.839600
phospho	phospho/20200214_EXPL2_Evo1_AMV_SA_21m_DIA_Phos_HeLa_SUBCELL_EGF_20min_FR5_Rep3/	20min	FR5	Rep3	4990	19.3567	18.845850	0.510850	0.144100
phospho	phospho/20200214_EXPL2_Evo1_AMV_SA_21m_DIA_Phos_HeLa_SUBCELL_EGF_20min_FR5_Rep4/	20min	FR5	Rep4	5055	18.7463	18.845850	-0.099550	-1.068900
phospho	phospho/20200214_EXPL2_Evo1_AMV_SA_21m_DIA_Phos_HeLa_SUBCELL_EGF_90min_FR5_Rep1/	90min	FR5	Rep1	6082	19.6026	18.845850	0.756750	1.423900
phospho	phospho/20200214_EXPL2_Evo1_AMV_SA_21m_DIA_Phos_HeLa_SUBCELL_EGF_90min_FR5_Rep2/	90min	FR5	Rep2	6400	19.8364	18.845850	0.990550	1.076300
phospho	phospho/20200214_EXPL2_Evo1_AMV_SA_21m_DIA_Phos_HeLa_SUBCELL_EGF_90min_FR5_Rep3/	90min	FR5	Rep3	5062	19.2917	18.845850	0.445850	0.079100
phospho	phospho/20200214_EXPL2_Evo1_AMV_SA_21m_DIA_Phos_HeLa_SUBCELL_EGF_90min_FR5_Rep4/	90min	FR5	Rep4	5391	19.2283	18.845850	0.382450	-0.586900
phospho	phospho/20200214_EXPL2_Evo1_AMV_SA_21m_DIA_Phos_HeLa_SUBCELL_EGF_CTRL_FR6_Rep1/	CTRL	FR6	Rep1	5208	18.0271	18.845850	-0.818750	
phospho	phospho/20200214_EXPL2_Evo1_AMV_SA_21m_DIA_Phos_HeLa_SUBCELL_EGF_CTRL_FR6_Rep2/	CTRL	FR6	Rep2	2777	17.7050	18.845850	-1.140850	
phospho	phospho/20200214_EXPL2_Evo1_AMV_SA_21m_DIA_Phos_HeLa_SUBCELL_EGF_CTRL_FR6_Rep3/	CTRL	FR6	Rep3	4193	17.9405	18.845850	-0.905350	
phospho	phospho/20200214_EXPL2_Evo1_AMV_SA_21m_DIA_Phos_HeLa_SUBCELL_EGF_CTRL_FR6_Rep4/	CTRL	FR6	Rep4	5373	19.8674	18.845850	1.021550	
phospho	phospho/20200214_EXPL2_Evo1_AMV_SA_21m_DIA_Phos_HeLa_SUBCELL_EGF_2min_FR6_Rep1/	2min	FR6	Rep1	4494	17.9600	18.845850	-0.885850	-0.067100
phospho	phospho/20200214_EXPL2_Evo1_AMV_SA_21m_DIA_Phos_HeLa_SUBCELL_EGF_2min_FR6_Rep2/	2min	FR6	Rep2	4648	17.8710	18.845850	-0.974850	0.166000
phospho	phospho/20200214_EXPL2_Evo1_AMV_SA_21m_DIA_Phos_HeLa_SUBCELL_EGF_2min_FR6_Rep3/	2min	FR6	Rep3	4080	18.0849	18.845850	-0.760950	0.144400
phospho	phospho/20200214_EXPL2_Evo1_AMV_SA_21m_DIA_Phos_HeLa_SUBCELL_EGF_2min_FR6_Rep4/	2min	FR6	Rep4	4456	18.1677	18.845850	-0.678150	-1.699700
phospho	phospho/20200214_EXPL2_Evo1_AMV_SA_21m_DIA_Phos_HeLa_SUBCELL_EGF_8min_FR6_Rep1/	8min	FR6	Rep1	4235	17.5188	18.845850	-1.327050	-0.508300
phospho	phospho/20200214_EXPL2_Evo1_AMV_SA_21m_DIA_Phos_HeLa_SUBCELL_EGF_8min_FR6_Rep2/	8min	FR6	Rep2	4403	17.9182	18.845850	-0.927650	0.213200
phospho	phospho/20200214_EXPL2_Evo1_AMV_SA_21m_DIA_Phos_HeLa_SUBCELL_EGF_8min_FR6_Rep3/	8min	FR6	Rep3	4014	18.2847	18.845850	-0.561150	0.344200
phospho	phospho/20200214_EXPL2_Evo1_AMV_SA_21m_DIA_Phos_HeLa_SUBCELL_EGF_8min_FR6_Rep4/	8min	FR6	Rep4	2937	17.7085	18.845850	-1.137350	-2.158900
phospho	phospho/20200214_EXPL2_Evo1_AMV_SA_21m_DIA_Phos_HeLa_SUBCELL_EGF_20min_FR6_Rep1/	20min	FR6	Rep1	4775	18.3338	18.845850	-0.512050	0.306700
phospho	phospho/20200214_EXPL2_Evo1_AMV_SA_21m_DIA_Phos_HeLa_SUBCELL_EGF_20min_FR6_Rep2/	20min	FR6	Rep2	4612	18.1341	18.845850	-0.711750	0.429100
phospho	phospho/20200214_EXPL2_Evo1_AMV_SA_21m_DIA_Phos_HeLa_SUBCELL_EGF_20min_FR6_Rep3/	20min	FR6	Rep3	4000	18.1262	18.845850	-0.719650	0.185700
phospho	phospho/20200214_EXPL2_Evo1_AMV_SA_21m_DIA_Phos_HeLa_SUBCELL_EGF_20min_FR6_Rep4/	20min	FR6	Rep4	3137	17.5559	18.845850	-1.289950	-2.311500
phospho	phospho/20200214_EXPL2_Evo1_AMV_SA_21m_DIA_Phos_HeLa_SUBCELL_EGF_90min_FR6_Rep1/	90min	FR6	Rep1	5102	18.2952	18.845850	-0.550650	0.268100
phospho	phospho/20200214_EXPL2_Evo1_AMV_SA_21m_DIA_Phos_HeLa_SUBCELL_EGF_90min_FR6_Rep2/	90min	FR6	Rep2	3836	18.5654	18.845850	-0.280450	0.860400
phospho	phospho/20200214_EXPL2_Evo1_AMV_SA_21m_DIA_Phos_HeLa_SUBCELL_EGF_90min_FR6_Rep3/	90min	FR6	Rep3	4563	18.8059	18.845850	-0.039950	0.865400
phospho	phospho/20200214_EXPL2_Evo1_AMV_SA_21m_DIA_Phos_HeLa_SUBCELL_EGF_90min_FR6_Rep4/	90min	FR6	Rep4	2757	17.7910	18.845850	-1.054850	-2.076400
proteome	proteome/20200217_EXPL2_Evo1_AMV_SA_21m_DIA_Prot_HeLa_SUBCELL_EGF_CTRL_FR1_Rep1/	CTRL	FR1	Rep1	26214	22.9766	22.671000	0.305600	
proteome	proteome/20200217_EXPL2_Evo1_AMV_SA_21m_DIA_Prot_HeLa_SUBCELL_EGF_CTRL_FR1_Rep2/	CTRL	FR1	Rep2	25209	23.0913	22.671000	0.420300	
proteome	proteome/20200217_EXPL2_Evo1_AMV_SA_21m_DIA_Prot_HeLa_SUBCELL_EGF_CTRL_FR1_Rep3/	CTRL	FR1	Rep3	22484	23.0867	22.671000	0.415700	
proteome	proteome/20200217_EXPL2_Evo1_AMV_SA_21m_DIA_Prot_HeLa_SUBCELL_EGF_CTRL_FR1_Rep4/	CTRL	FR1	Rep4	24401	23.0873	22.671000	0.416300	
proteome	proteome/20200217_EXPL2_Evo1_AMV_SA_21m_DIA_Prot_HeLa_SUBCELL_EGF_2min_FR1_Rep1/	2min	FR1	Rep1	22464	23.0863	22.671000	0.415300	0.109700
proteome	proteome/20200217_EXPL2_Evo1_AMV_SA_21m_DIA_Prot_HeLa_SUBCELL_EGF_2min_FR1_Rep2/	2min	FR1	Rep2	22178	23.1908	22.671000	0.519800	0.099500
proteome	proteome/20200217_EXPL2_Evo1_AMV_SA_21m_DIA_Prot_HeLa_SUBCELL_EGF_2min_FR1_Rep3/	2min	FR1	Rep3	23617	23.0607	22.671000	0.389700	-0.026000
proteome	proteome/20200217_EXPL2_Evo1_AMV_SA_21m_DIA_Prot_HeLa_SUBCELL_EGF_2min_FR1_Rep4/	2min	FR1	Rep4	23272	23.0189	22.671000	0.347900	-0.068400
proteome	proteome/20200217_EXPL2_Evo1_AMV_SA_21m_DIA_Prot_HeLa_SUBCELL_EGF_8min_FR1_Rep1/	8min	FR1	Rep1	22381	22.9624	22.671000	0.291400	-0.014200
proteome	proteome/20200217_EXPL2_Evo1_AMV_SA_21m_DIA_Prot_HeLa_SUBCELL_EGF_8min_FR1_Rep2/	8min	FR1	Rep2	22825	23.0543	22.671000	0.383300	-0.037000
proteome	proteome/20200217_EXPL2_Evo1_AMV_SA_21m_DIA_Prot_HeLa_SUBCELL_EGF_8min_FR1_Rep3/	8min	FR1	Rep3	23681	23.0449	22.671000	0.373900	-0.041800
proteome	proteome/20200217_EXPL2_Evo1_AMV_SA_21m_DIA_Prot_HeLa_SUBCELL_EGF_8min_FR1_Rep4/	8min	FR1	Rep4	23350	23.1616	22.671000	0.490600	0.074300
proteome	proteome/20200217_EXPL2_Evo1_AMV_SA_21m_DIA_Prot_HeLa_SUBCELL_EGF_20min_FR1_Rep1/	20min	FR1	Rep1	22963	23.1664	22.671000	0.495400	0.189800
proteome	proteome/20200217_EXPL2_Evo1_AMV_SA_21m_DIA_Prot_HeLa_SUBCELL_EGF_20min_FR1_Rep2/	20min	FR1	Rep2	23793	22.9885	22.671000	0.317500	-0.102800
proteome	proteome/20200217_EXPL2_Evo1_AMV_SA_21m_DIA_Prot_HeLa_SUBCELL_EGF_20min_FR1_Rep3/	20min	FR1	Rep3	24288	23.0383	22.671000	0.367300	-0.048400
proteome	proteome/20200217_EXPL2_Evo1_AMV_SA_21m_DIA_Prot_HeLa_SUBCELL_EGF_20min_FR1_Rep4/	20min	FR1	Rep4	23202	23.1526	22.671000	0.481600	0.065300
proteome	proteome/20200217_EXPL2_Evo1_AMV_SA_21m_DIA_Prot_HeLa_SUBCELL_EGF_90min_FR1_Rep1/	90min	FR1	Rep1	28027	23.0719	22.671000	0.400900	0.095300
proteome	proteome/20200217_EXPL2_Evo1_AMV_SA_21m_DIA_Prot_HeLa_SUBCELL_EGF_90min_FR1_Rep2/	90min	FR1	Rep2	23075	22.9972	22.671000	0.326200	-0.094100
proteome	proteome/20200217_EXPL2_Evo1_AMV_SA_21m_DIA_Prot_HeLa_SUBCELL_EGF_90min_FR1_Rep3/	90min	FR1	Rep3	22688	23.0228	22.671000	0.351800	-0.063900
proteome	proteome/20200217_EXPL2_Evo1_AMV_SA_21m_DIA_Prot_HeLa_SUBCELL_EGF_90min_FR1_Rep4/	90min	FR1	Rep4	20591	23.0896	22.671000	0.418600	0.002300
proteome	proteome/20200217_EXPL2_Evo1_AMV_SA_21m_DIA_Prot_HeLa_SUBCELL_EGF_CTRL_FR2_Rep1/	CTRL	FR2	Rep1	36702	23.1255	22.671000	0.454500	
proteome	proteome/20200217_EXPL2_Evo1_AMV_SA_21m_DIA_Prot_HeLa_SUBCELL_EGF_CTRL_FR2_Rep2/	CTRL	FR2	Rep2	34323	23.1644	22.671000	0.493400	
proteome	proteome/20200217_EXPL2_Evo1_AMV_SA_21m_DIA_Prot_HeLa_SUBCELL_EGF_CTRL_FR2_Rep3/	CTRL	FR2	Rep3	32371	22.9254	22.671000	0.254400	
proteome	proteome/20200217_EXPL2_Evo1_AMV_SA_21m_DIA_Prot_HeLa_SUBCELL_EGF_CTRL_FR2_Rep4/	CTRL	FR2	Rep4	36205	22.5531	22.671000	-0.117900	
proteome	proteome/20200217_EXPL2_Evo1_AMV_SA_21m_DIA_Prot_HeLa_SUBCELL_EGF_2min_FR2_Rep1/	2min	FR2	Rep1	32750	23.1596	22.671000	0.488600	0.034100
proteome	proteome/20200217_EXPL2_Evo1_AMV_SA_21m_DIA_Prot_HeLa_SUBCELL_EGF_2min_FR2_Rep2/	2min	FR2	Rep2	36554	23.0309	22.671000	0.359900	-0.133500
proteome	proteome/20200217_EXPL2_Evo1_AMV_SA_21m_DIA_Prot_HeLa_SUBCELL_EGF_2min_FR2_Rep3/	2min	FR2	Rep3	36519	22.9578	22.671000	0.286800	0.032400
proteome	proteome/20200217_EXPL2_Evo1_AMV_SA_21m_DIA_Prot_HeLa_SUBCELL_EGF_2min_FR2_Rep4/	2min	FR2	Rep4	30807	22.8017	22.671000	0.130700	0.248600
proteome	proteome/20200217_EXPL2_Evo1_AMV_SA_21m_DIA_Prot_HeLa_SUBCELL_EGF_8min_FR2_Rep1/	8min	FR2	Rep1	30435	22.6918	22.671000	0.020800	-0.433700
proteome	proteome/20200217_EXPL2_Evo1_AMV_SA_21m_DIA_Prot_HeLa_SUBCELL_EGF_8min_FR2_Rep2/	8min	FR2	Rep2	35600	22.9325	22.671000	0.261500	-0.231900
proteome	proteome/20200217_EXPL2_Evo1_AMV_SA_21m_DIA_Prot_HeLa_SUBCELL_EGF_8min_FR2_Rep3/	8min	FR2	Rep3	32622	22.7416	22.671000	0.070600	-0.183800
proteome	proteome/20200217_EXPL2_Evo1_AMV_SA_21m_DIA_Prot_HeLa_SUBCELL_EGF_8min_FR2_Rep4/	8min	FR2	Rep4	33761	22.8539	22.671000	0.182900	0.300800
proteome	proteome/20200217_EXPL2_Evo1_AMV_SA_21m_DIA_Prot_HeLa_SUBCELL_EGF_20min_FR2_Rep1/	20min	FR2	Rep1	34468	22.9505	22.671000	0.279500	-0.175000
proteome	proteome/20200217_EXPL2_Evo1_AMV_SA_21m_DIA_Prot_HeLa_SUBCELL_EGF_20min_FR2_Rep2/	20min	FR2	Rep2	31842	22.6664	22.671000	-0.004600	-0.498000
proteome	proteome/20200217_EXPL2_Evo1_AMV_SA_21m_DIA_Prot_HeLa_SUBCELL_EGF_20min_FR2_Rep3/	20min	FR2	Rep3	34862	22.7976	22.671000	0.126600	-0.127800
proteome	proteome/20200217_EXPL2_Evo1_AMV_SA_21m_DIA_Prot_HeLa_SUBCELL_EGF_20min_FR2_Rep4/	20min	FR2	Rep4	31834	22.9021	22.671000	0.231100	0.349000
proteome	proteome/20200217_EXPL2_Evo1_AMV_SA_21m_DIA_Prot_HeLa_SUBCELL_EGF_90min_FR2_Rep1/	90min	FR2	Rep1	35758	22.9757	22.671000	0.304700	-0.149800
proteome	proteome/20200217_EXPL2_Evo1_AMV_SA_21m_DIA_Prot_HeLa_SUBCELL_EGF_90min_FR2_Rep2/	90min	FR2	Rep2	31599	22.9305	22.671000	0.259500	-0.233900
proteome	proteome/20200217_EXPL2_Evo1_AMV_SA_21m_DIA_Prot_HeLa_SUBCELL_EGF_90min_FR2_Rep3/	90min	FR2	Rep3	31483	22.7300	22.671000	0.059000	-0.195400
proteome	proteome/20200217_EXPL2_Evo1_AMV_SA_21m_DIA_Prot_HeLa_SUBCELL_EGF_90min_FR2_Rep4/	90min	FR2	Rep4	30578	22.7409	22.671000	0.069900	0.187800
proteome	proteome/20200217_EXPL2_Evo1_AMV_SA_21m_DIA_Prot_HeLa_SUBCELL_EGF_CTRL_FR3_Rep1/	CTRL	FR3	Rep1	28973	22.2016	22.671000	-0.469400	
proteome	proteome/20200217_EXPL2_Evo1_AMV_SA_21m_DIA_Prot_HeLa_SUBCELL_EGF_CTRL_FR3_Rep2/	CTRL	FR3	Rep2	29118	22.2407	22.671000	-0.430300	
proteome	proteome/20200217_EXPL2_Evo1_AMV_SA_21m_DIA_Prot_HeLa_SUBCELL_EGF_CTRL_FR3_Rep3/	CTRL	FR3	Rep3	22992	22.0532	22.671000	-0.617800	
proteome	proteome/20200217_EXPL2_Evo1_AMV_SA_21m_DIA_Prot_HeLa_SUBCELL_EGF_CTRL_FR3_Rep4/	CTRL	FR3	Rep4	25268	22.6767	22.671000	0.005700	
proteome	proteome/20200217_EXPL2_Evo1_AMV_SA_21m_DIA_Prot_HeLa_SUBCELL_EGF_2min_FR3_Rep1/	2min	FR3	Rep1	21852	21.9344	22.671000	-0.736600	-0.267200
proteome	proteome/20200217_EXPL2_Evo1_AMV_SA_21m_DIA_Prot_HeLa_SUBCELL_EGF_2min_FR3_Rep2/	2min	FR3	Rep2	26904	22.1410	22.671000	-0.530000	-0.099700
proteome	proteome/20200217_EXPL2_Evo1_AMV_SA_21m_DIA_Prot_HeLa_SUBCELL_EGF_2min_FR3_Rep3/	2min	FR3	Rep3	19266	21.8066	22.671000	-0.864400	-0.246600
proteome	proteome/20200217_EXPL2_Evo1_AMV_SA_21m_DIA_Prot_HeLa_SUBCELL_EGF_2min_FR3_Rep4/	2min	FR3	Rep4	20498	21.9272	22.671000	-0.743800	-0.749500
proteome	proteome/20200217_EXPL2_Evo1_AMV_SA_21m_DIA_Prot_HeLa_SUBCELL_EGF_8min_FR3_Rep1/	8min	FR3	Rep1	19855	21.9735	22.671000	-0.697500	-0.228100
proteome	proteome/20200217_EXPL2_Evo1_AMV_SA_21m_DIA_Prot_HeLa_SUBCELL_EGF_8min_FR3_Rep2/	8min	FR3	Rep2	23121	21.9422	22.671000	-0.728800	-0.298500
proteome	proteome/20200217_EXPL2_Evo1_AMV_SA_21m_DIA_Prot_HeLa_SUBCELL_EGF_8min_FR3_Rep3/	8min	FR3	Rep3	21116	21.8980	22.671000	-0.773000	-0.155200
proteome	proteome/20200217_EXPL2_Evo1_AMV_SA_21m_DIA_Prot_HeLa_SUBCELL_EGF_8min_FR3_Rep4/	8min	FR3	Rep4	21954	21.8655	22.671000	-0.805500	-0.811200
proteome	proteome/20200217_EXPL2_Evo1_AMV_SA_21m_DIA_Prot_HeLa_SUBCELL_EGF_20min_FR3_Rep1/	20min	FR3	Rep1	23703	22.0200	22.671000	-0.651000	-0.181600
proteome	proteome/20200217_EXPL2_Evo1_AMV_SA_21m_DIA_Prot_HeLa_SUBCELL_EGF_20min_FR3_Rep2/	20min	FR3	Rep2	21594	21.9701	22.671000	-0.700900	-0.270600
proteome	proteome/20200217_EXPL2_Evo1_AMV_SA_21m_DIA_Prot_HeLa_SUBCELL_EGF_20min_FR3_Rep3/	20min	FR3	Rep3	23954	21.8751	22.671000	-0.795900	-0.178100
proteome	proteome/20200217_EXPL2_Evo1_AMV_SA_21m_DIA_Prot_HeLa_SUBCELL_EGF_20min_FR3_Rep4/	20min	FR3	Rep4	24094	21.9247	22.671000	-0.746300	-0.752000
proteome	proteome/20200217_EXPL2_Evo1_AMV_SA_21m_DIA_Prot_HeLa_SUBCELL_EGF_90min_FR3_Rep1/	90min	FR3	Rep1	27319	22.0857	22.671000	-0.585300	-0.115900
proteome	proteome/20200217_EXPL2_Evo1_AMV_SA_21m_DIA_Prot_HeLa_SUBCELL_EGF_90min_FR3_Rep2/	90min	FR3	Rep2	26141	22.3729	22.671000	-0.298100	0.132200
proteome	proteome/20200217_EXPL2_Evo1_AMV_SA_21m_DIA_Prot_HeLa_SUBCELL_EGF_90min_FR3_Rep3/	90min	FR3	Rep3	23115	22.0465	22.671000	-0.624500	-0.006700
proteome	proteome/20200217_EXPL2_Evo1_AMV_SA_21m_DIA_Prot_HeLa_SUBCELL_EGF_90min_FR3_Rep4/	90min	FR3	Rep4	21696	22.0650	22.671000	-0.606000	-0.611700
proteome	proteome/20200217_EXPL2_Evo1_AMV_SA_21m_DIA_Prot_HeLa_SUBCELL_EGF_CTRL_FR4_Rep1/	CTRL	FR4	Rep1	31083	22.7523	22.671000	0.081300	
proteome	proteome/20200217_EXPL2_Evo1_AMV_SA_21m_DIA_Prot_HeLa_SUBCELL_EGF_CTRL_FR4_Rep2/	CTRL	FR4	Rep2	34488	23.0124	22.671000	0.341400	
proteome	proteome/20200217_EXPL2_Evo1_AMV_SA_21m_DIA_Prot_HeLa_SUBCELL_EGF_CTRL_FR4_Rep3/	CTRL	FR4	Rep3	30239	22.6961	22.671000	0.025100	
proteome	proteome/20200217_EXPL2_Evo1_AMV_SA_21m_DIA_Prot_HeLa_SUBCELL_EGF_CTRL_FR4_Rep4/	CTRL	FR4	Rep4	34688	22.8910	22.671000	0.220000	
proteome	proteome/20200217_EXPL2_Evo1_AMV_SA_21m_DIA_Prot_HeLa_SUBCELL_EGF_2min_FR4_Rep1/	2min	FR4	Rep1	27393	22.7401	22.671000	0.069100	-0.012200
proteome	proteome/20200217_EXPL2_Evo1_AMV_SA_21m_DIA_Prot_HeLa_SUBCELL_EGF_2min_FR4_Rep2/	2min	FR4	Rep2	33170	22.9753	22.671000	0.304300	-0.037100
proteome	proteome/20200217_EXPL2_Evo1_AMV_SA_21m_DIA_Prot_HeLa_SUBCELL_EGF_2min_FR4_Rep3/	2min	FR4	Rep3	30359	22.7158	22.671000	0.044800	0.019700
proteome	proteome/20200217_EXPL2_Evo1_AMV_SA_21m_DIA_Prot_HeLa_SUBCELL_EGF_2min_FR4_Rep4/	2min	FR4	Rep4	29430	22.8235	22.671000	0.152500	-0.067500
proteome	proteome/20200217_EXPL2_Evo1_AMV_SA_21m_DIA_Prot_HeLa_SUBCELL_EGF_8min_FR4_Rep1/	8min	FR4	Rep1	29407	22.7357	22.671000	0.064700	-0.016600
proteome	proteome/20200217_EXPL2_Evo1_AMV_SA_21m_DIA_Prot_HeLa_SUBCELL_EGF_8min_FR4_Rep2/	8min	FR4	Rep2	29311	22.7096	22.671000	0.038600	-0.302800
proteome	proteome/20200217_EXPL2_Evo1_AMV_SA_21m_DIA_Prot_HeLa_SUBCELL_EGF_8min_FR4_Rep3/	8min	FR4	Rep3	29799	22.6972	22.671000	0.026200	0.001100
proteome	proteome/20200217_EXPL2_Evo1_AMV_SA_21m_DIA_Prot_HeLa_SUBCELL_EGF_8min_FR4_Rep4/	8min	FR4	Rep4	28440	22.6750	22.671000	0.004000	-0.216000
proteome	proteome/20200217_EXPL2_Evo1_AMV_SA_21m_DIA_Prot_HeLa_SUBCELL_EGF_20min_FR4_Rep1/	20min	FR4	Rep1	29152	22.7330	22.671000	0.062000	-0.019300
proteome	proteome/20200217_EXPL2_Evo1_AMV_SA_21m_DIA_Prot_HeLa_SUBCELL_EGF_20min_FR4_Rep2/	20min	FR4	Rep2	29146	22.7955	22.671000	0.124500	-0.216900
proteome	proteome/20200217_EXPL2_Evo1_AMV_SA_21m_DIA_Prot_HeLa_SUBCELL_EGF_20min_FR4_Rep3/	20min	FR4	Rep3	29209	22.7573	22.671000	0.086300	0.061200
proteome	proteome/20200217_EXPL2_Evo1_AMV_SA_21m_DIA_Prot_HeLa_SUBCELL_EGF_20min_FR4_Rep4/	20min	FR4	Rep4	28904	22.6418	22.671000	-0.029200	-0.249200
proteome	proteome/20200217_EXPL2_Evo1_AMV_SA_21m_DIA_Prot_HeLa_SUBCELL_EGF_90min_FR4_Rep1/	90min	FR4	Rep1	33649	22.9282	22.671000	0.257200	0.175900
proteome	proteome/20200217_EXPL2_Evo1_AMV_SA_21m_DIA_Prot_HeLa_SUBCELL_EGF_90min_FR4_Rep2/	90min	FR4	Rep2	31585	22.6424	22.671000	-0.028600	-0.370000
proteome	proteome/20200217_EXPL2_Evo1_AMV_SA_21m_DIA_Prot_HeLa_SUBCELL_EGF_90min_FR4_Rep3/	90min	FR4	Rep3	31586	22.6670	22.671000	-0.004000	-0.029100
proteome	proteome/20200217_EXPL2_Evo1_AMV_SA_21m_DIA_Prot_HeLa_SUBCELL_EGF_90min_FR4_Rep4/	90min	FR4	Rep4	29725	22.8561	22.671000	0.185100	-0.034900
proteome	proteome/20200217_EXPL2_Evo1_AMV_SA_21m_DIA_Prot_HeLa_SUBCELL_EGF_CTRL_FR5_Rep1/	CTRL	FR5	Rep1	33815	22.3637	22.671000	-0.307300	
proteome	proteome/20200217_EXPL2_Evo1_AMV_SA_21m_DIA_Prot_HeLa_SUBCELL_EGF_CTRL_FR5_Rep2/	CTRL	FR5	Rep2	38516	22.7336	22.671000	0.062600	
proteome	proteome/20200217_EXPL2_Evo1_AMV_SA_21m_DIA_Prot_HeLa_SUBCELL_EGF_CTRL_FR5_Rep3/	CTRL	FR5	Rep3	36064	22.5628	22.671000	-0.108200	
proteome	proteome/20200217_EXPL2_Evo1_AMV_SA_21m_DIA_Prot_HeLa_SUBCELL_EGF_CTRL_FR5_Rep4/	CTRL	FR5	Rep4	39993	22.8495	22.671000	0.178500	
proteome	proteome/20200217_EXPL2_Evo1_AMV_SA_21m_DIA_Prot_HeLa_SUBCELL_EGF_2min_FR5_Rep1/	2min	FR5	Rep1	32602	22.2818	22.671000	-0.389200	-0.081900
proteome	proteome/20200217_EXPL2_Evo1_AMV_SA_21m_DIA_Prot_HeLa_SUBCELL_EGF_2min_FR5_Rep2/	2min	FR5	Rep2	35121	22.4931	22.671000	-0.177900	-0.240500
proteome	proteome/20200217_EXPL2_Evo1_AMV_SA_21m_DIA_Prot_HeLa_SUBCELL_EGF_2min_FR5_Rep3/	2min	FR5	Rep3	35228	22.4100	22.671000	-0.261000	-0.152800
proteome	proteome/20200217_EXPL2_Evo1_AMV_SA_21m_DIA_Prot_HeLa_SUBCELL_EGF_2min_FR5_Rep4/	2min	FR5	Rep4	34888	22.4669	22.671000	-0.204100	-0.382600
proteome	proteome/20200217_EXPL2_Evo1_AMV_SA_21m_DIA_Prot_HeLa_SUBCELL_EGF_8min_FR5_Rep1/	8min	FR5	Rep1	33402	22.5312	22.671000	-0.139800	0.167500
proteome	proteome/20200217_EXPL2_Evo1_AMV_SA_21m_DIA_Prot_HeLa_SUBCELL_EGF_8min_FR5_Rep2/	8min	FR5	Rep2	33603	22.5542	22.671000	-0.116800	-0.179400
proteome	proteome/20200217_EXPL2_Evo1_AMV_SA_21m_DIA_Prot_HeLa_SUBCELL_EGF_8min_FR5_Rep3/	8min	FR5	Rep3	35193	22.4318	22.671000	-0.239200	-0.131000
proteome	proteome/20200217_EXPL2_Evo1_AMV_SA_21m_DIA_Prot_HeLa_SUBCELL_EGF_8min_FR5_Rep4/	8min	FR5	Rep4	34751	22.3704	22.671000	-0.300600	-0.479100
proteome	proteome/20200217_EXPL2_Evo1_AMV_SA_21m_DIA_Prot_HeLa_SUBCELL_EGF_20min_FR5_Rep1/	20min	FR5	Rep1	33462	22.4241	22.671000	-0.246900	0.060400
proteome	proteome/20200217_EXPL2_Evo1_AMV_SA_21m_DIA_Prot_HeLa_SUBCELL_EGF_20min_FR5_Rep2/	20min	FR5	Rep2	33320	22.3580	22.671000	-0.313000	-0.375600
proteome	proteome/20200217_EXPL2_Evo1_AMV_SA_21m_DIA_Prot_HeLa_SUBCELL_EGF_20min_FR5_Rep3/	20min	FR5	Rep3	33099	22.3213	22.671000	-0.349700	-0.241500
proteome	proteome/20200217_EXPL2_Evo1_AMV_SA_21m_DIA_Prot_HeLa_SUBCELL_EGF_20min_FR5_Rep4/	20min	FR5	Rep4	33143	22.2502	22.671000	-0.420800	-0.599300
proteome	proteome/20200217_EXPL2_Evo1_AMV_SA_21m_DIA_Prot_HeLa_SUBCELL_EGF_90min_FR5_Rep1/	90min	FR5	Rep1	39059	22.7107	22.671000	0.039700	0.347000
proteome	proteome/20200217_EXPL2_Evo1_AMV_SA_21m_DIA_Prot_HeLa_SUBCELL_EGF_90min_FR5_Rep2/	90min	FR5	Rep2	35043	22.5401	22.671000	-0.130900	-0.193500
proteome	proteome/20200217_EXPL2_Evo1_AMV_SA_21m_DIA_Prot_HeLa_SUBCELL_EGF_90min_FR5_Rep3/	90min	FR5	Rep3	35210	22.5099	22.671000	-0.161100	-0.052900
proteome	proteome/20200217_EXPL2_Evo1_AMV_SA_21m_DIA_Prot_HeLa_SUBCELL_EGF_90min_FR5_Rep4/	90min	FR5	Rep4	36235	22.5033	22.671000	-0.167700	-0.346200
proteome	proteome/20200217_EXPL2_Evo1_AMV_SA_21m_DIA_Prot_HeLa_SUBCELL_EGF_CTRL_FR6_Rep1/	CTRL	FR6	Rep1	28766	21.9134	22.671000	-0.757600	
proteome	proteome/20200217_EXPL2_Evo1_AMV_SA_21m_DIA_Prot_HeLa_SUBCELL_EGF_CTRL_FR6_Rep2/	CTRL	FR6	Rep2	32435	22.2527	22.671000	-0.418300	
proteome	proteome/20200217_EXPL2_Evo1_AMV_SA_21m_DIA_Prot_HeLa_SUBCELL_EGF_CTRL_FR6_Rep3/	CTRL	FR6	Rep3	29201	21.9457	22.671000	-0.725300	
proteome	proteome/20200217_EXPL2_Evo1_AMV_SA_21m_DIA_Prot_HeLa_SUBCELL_EGF_CTRL_FR6_Rep4/	CTRL	FR6	Rep4	31497	22.7412	22.671000	0.070200	
proteome	proteome/20200217_EXPL2_Evo1_AMV_SA_21m_DIA_Prot_HeLa_SUBCELL_EGF_2min_FR6_Rep1/	2min	FR6	Rep1	29560	21.7702	22.671000	-0.900800	-0.143200
proteome	proteome/20200217_EXPL2_Evo1_AMV_SA_21m_DIA_Prot_HeLa_SUBCELL_EGF_2min_FR6_Rep2/	2min	FR6	Rep2	34181	22.1372	22.671000	-0.533800	-0.115500
proteome	proteome/20200217_EXPL2_Evo1_AMV_SA_21m_DIA_Prot_HeLa_SUBCELL_EGF_2min_FR6_Rep3/	2min	FR6	Rep3	26884	21.8335	22.671000	-0.837500	-0.112200
proteome	proteome/20200217_EXPL2_Evo1_AMV_SA_21m_DIA_Prot_HeLa_SUBCELL_EGF_2min_FR6_Rep4/	2min	FR6	Rep4	28726	22.0876	22.671000	-0.583400	-0.653600
proteome	proteome/20200217_EXPL2_Evo1_AMV_SA_21m_DIA_Prot_HeLa_SUBCELL_EGF_8min_FR6_Rep1/	8min	FR6	Rep1	29321	21.7567	22.671000	-0.914300	-0.156700
proteome	proteome/20200217_EXPL2_Evo1_AMV_SA_21m_DIA_Prot_HeLa_SUBCELL_EGF_8min_FR6_Rep2/	8min	FR6	Rep2	27886	21.9021	22.671000	-0.768900	-0.350600
proteome	proteome/20200217_EXPL2_Evo1_AMV_SA_21m_DIA_Prot_HeLa_SUBCELL_EGF_8min_FR6_Rep3/	8min	FR6	Rep3	27397	21.9281	22.671000	-0.742900	-0.017600
proteome	proteome/20200217_EXPL2_Evo1_AMV_SA_21m_DIA_Prot_HeLa_SUBCELL_EGF_8min_FR6_Rep4/	8min	FR6	Rep4	25789	21.8763	22.671000	-0.794700	-0.864900
proteome	proteome/20200217_EXPL2_Evo1_AMV_SA_21m_DIA_Prot_HeLa_SUBCELL_EGF_20min_FR6_Rep1/	20min	FR6	Rep1	27952	21.9438	22.671000	-0.727200	0.030400
proteome	proteome/20200217_EXPL2_Evo1_AMV_SA_21m_DIA_Prot_HeLa_SUBCELL_EGF_20min_FR6_Rep2/	20min	FR6	Rep2	30206	22.0495	22.671000	-0.621500	-0.203200
proteome	proteome/20200217_EXPL2_Evo1_AMV_SA_21m_DIA_Prot_HeLa_SUBCELL_EGF_20min_FR6_Rep3/	20min	FR6	Rep3	28885	21.9912	22.671000	-0.679800	0.045500
proteome	proteome/20200217_EXPL2_Evo1_AMV_SA_21m_DIA_Prot_HeLa_SUBCELL_EGF_20min_FR6_Rep4/	20min	FR6	Rep4	26124	21.8602	22.671000	-0.810800	-0.881000
proteome	proteome/20200217_EXPL2_Evo1_AMV_SA_21m_DIA_Prot_HeLa_SUBCELL_EGF_90min_FR6_Rep1/	90min	FR6	Rep1	29813	22.0147	22.671000	-0.656300	0.101300
proteome	proteome/20200217_EXPL2_Evo1_AMV_SA_21m_DIA_Prot_HeLa_SUBCELL_EGF_90min_FR6_Rep2/	90min	FR6	Rep2	28740	22.0607	22.671000	-0.610300	-0.192000
proteome	proteome/20200217_EXPL2_Evo1_AMV_SA_21m_DIA_Prot_HeLa_SUBCELL_EGF_90min_FR6_Rep3/	90min	FR6	Rep3	29560	22.2506	22.671000	-0.420400	0.304900
proteome	proteome/20200217_EXPL2_Evo1_AMV_SA_21m_DIA_Prot_HeLa_SUBCELL_EGF_90min_FR6_Rep4/	90min	FR6	Rep4	26466	21.9666	22.671000	-0.704400	-0.774600
