table	row	column	value
C1	both	n_old_site_traj	3202
C1	both	n_old_replicated_step0	3202
C1	both	n_new	3291
C1	occupancy_only	n_old_site_traj	2447
C1	occupancy_only	n_old_replicated_step0	2447
C1	occupancy_only	n_new	2128
C1	intensity_only	n_old_site_traj	2072
C1	intensity_only	n_old_replicated_step0	2072
C1	intensity_only	n_new	1983
C1	none	n_old_site_traj	32092
C1	none	n_old_replicated_step0	32092
C1	none	n_new	32411
C1	total	n_old_site_traj	39813
C1	total	n_old_replicated_step0	39813
C1	total	n_new	39813
C2	old:both	new:both	3064
C2	old:both	new:occupancy_only	0
C2	old:both	new:intensity_only	138
C2	old:both	new:none	0
C2	old:both	total	3202
C2	old:occupancy_only	new:both	0
C2	old:occupancy_only	new:occupancy_only	1919
C2	old:occupancy_only	new:intensity_only	0
C2	old:occupancy_only	new:none	528
C2	old:occupancy_only	total	2447
C2	old:intensity_only	new:both	227
C2	old:intensity_only	new:occupancy_only	0
C2	old:intensity_only	new:intensity_only	1845
C2	old:intensity_only	new:none	0
C2	old:intensity_only	total	2072
C2	old:none	new:both	0
C2	old:none	new:occupancy_only	209
C2	old:none	new:intensity_only	0
C2	old:none	new:none	31883
C2	old:none	total	32092
C2	total	new:both	3291
C2	total	new:occupancy_only	2128
C2	total	new:intensity_only	1983
C2	total	new:none	32411
C2	total	total	39813
C2	n_changed_rows	value	1102
C3	site_occ_response	n_old	3787
C3	site_occ_response	n_new	3711
C3	site_occ_response	both	3496
C3	site_occ_response	old_only	291
C3	site_occ_response	new_only	215
C4	FR1	n_old_both+occupancy_only	1130
C4	FR1	n_new_both+occupancy_only	1105
C4	FR2	n_old_both+occupancy_only	1135
C4	FR2	n_new_both+occupancy_only	1053
C4	FR3	n_old_both+occupancy_only	652
C4	FR3	n_new_both+occupancy_only	612
C4	FR4	n_old_both+occupancy_only	848
C4	FR4	n_new_both+occupancy_only	828
C4	FR5	n_old_both+occupancy_only	1132
C4	FR5	n_new_both+occupancy_only	1091
C4	FR6	n_old_both+occupancy_only	752
C4	FR6	n_new_both+occupancy_only	730
C4	all	n_old_both+occupancy_only	5649
C4	all	n_new_both+occupancy_only	5419
S	rows_log2occ_CTRL_nonempty	old_site_traj	13919
S	rows_log2occ_CTRL_nonempty	old_replicated_step0	13919
S	rows_log2occ_CTRL_nonempty	new	14094
S	obs_total	value	306035
S	obs_occ_missing_due_to_denom_protein_missing	new	36694
S	obs_entering_occ	old_replicated_step0	263503
S	obs_entering_occ	new	269341
S	log2int_cells_nonempty_either	new_vs_site_traj	80684
S	log2int_cells_string_diff	new_vs_site_traj	1653
S	log2int_cells_presence_diff	new_vs_site_traj	0
S	log2int_cells_numeric_diff	new_vs_site_traj	1653
S	log2int_max_abs_diff	new_vs_site_traj	0.001
S	log2int_cells_string_diff	new_vs_old_replicated_step0	0
S	class_count_both	new_with_a0_uncalibrated	3255
S	class_count_occupancy_only	new_with_a0_uncalibrated	2094
S	class_count_intensity_only	new_with_a0_uncalibrated	2054
S	class_count_none	new_with_a0_uncalibrated	32410
S	rows_class_diff	new_a0_vs_new_calibrated	1337
