layer	run	timepoint	fraction	rep	median_log2	a0	delta	a	n_equations	max_residual
phospho	phospho/20200214_EXPL2_Evo1_AMV_SA_21m_DIA_Phos_HeLa_SUBCELL_EGF_CTRL_FR1_Rep1/	CTRL	FR1	Rep1	19.2291	-0.383250	-0.162458	-0.545708	699	0.000516
phospho	phospho/20200214_EXPL2_Evo1_AMV_SA_21m_DIA_Phos_HeLa_SUBCELL_EGF_CTRL_FR1_Rep2/	CTRL	FR1	Rep2	20.2204	-1.374550	0.090652	-1.283898	699	0.000516
phospho	phospho/20200214_EXPL2_Evo1_AMV_SA_21m_DIA_Phos_HeLa_SUBCELL_EGF_CTRL_FR1_Rep3/	CTRL	FR1	Rep3	20.9367	-2.090850	0.157087	-1.933763	699	0.000516
phospho	phospho/20200214_EXPL2_Evo1_AMV_SA_21m_DIA_Phos_HeLa_SUBCELL_EGF_CTRL_FR1_Rep4/	CTRL	FR1	Rep4	18.8867	-0.040850	0.118575	0.077725	699	0.000516
phospho	phospho/20200214_EXPL2_Evo1_AMV_SA_21m_DIA_Phos_HeLa_SUBCELL_EGF_2min_FR1_Rep1/	2min	FR1	Rep1	21.2873	-2.441450	0.178392	-2.263058	625	0.000533
phospho	phospho/20200214_EXPL2_Evo1_AMV_SA_21m_DIA_Phos_HeLa_SUBCELL_EGF_2min_FR1_Rep2/	2min	FR1	Rep2	20.8417	-1.995850	0.177030	-1.818820	625	0.000533
phospho	phospho/20200214_EXPL2_Evo1_AMV_SA_21m_DIA_Phos_HeLa_SUBCELL_EGF_2min_FR1_Rep3/	2min	FR1	Rep3	20.6471	-1.801250	0.137721	-1.663529	625	0.000533
phospho	phospho/20200214_EXPL2_Evo1_AMV_SA_21m_DIA_Phos_HeLa_SUBCELL_EGF_2min_FR1_Rep4/	2min	FR1	Rep4	20.7223	-1.876450	0.146645	-1.729805	625	0.000533
phospho	phospho/20200214_EXPL2_Evo1_AMV_SA_21m_DIA_Phos_HeLa_SUBCELL_EGF_8min_FR1_Rep1/	8min	FR1	Rep1	20.6702	-1.824350	0.079528	-1.744822	772	0.000527
phospho	phospho/20200214_EXPL2_Evo1_AMV_SA_21m_DIA_Phos_HeLa_SUBCELL_EGF_8min_FR1_Rep2/	8min	FR1	Rep2	20.5698	-1.723950	0.146017	-1.577933	772	0.000527
phospho	phospho/20200214_EXPL2_Evo1_AMV_SA_21m_DIA_Phos_HeLa_SUBCELL_EGF_8min_FR1_Rep3/	8min	FR1	Rep3	20.3762	-1.530350	0.180227	-1.350123	772	0.000527
phospho	phospho/20200214_EXPL2_Evo1_AMV_SA_21m_DIA_Phos_HeLa_SUBCELL_EGF_8min_FR1_Rep4/	8min	FR1	Rep4	20.9123	-2.066450	0.167619	-1.898831	772	0.000527
phospho	phospho/20200214_EXPL2_Evo1_AMV_SA_21m_DIA_Phos_HeLa_SUBCELL_EGF_20min_FR1_Rep1/	20min	FR1	Rep1	21.1849	-2.339050	0.151052	-2.187998	750	0.000521
phospho	phospho/20200214_EXPL2_Evo1_AMV_SA_21m_DIA_Phos_HeLa_SUBCELL_EGF_20min_FR1_Rep2/	20min	FR1	Rep2	20.5531	-1.707250	0.074054	-1.633196	750	0.000521
phospho	phospho/20200214_EXPL2_Evo1_AMV_SA_21m_DIA_Phos_HeLa_SUBCELL_EGF_20min_FR1_Rep3/	20min	FR1	Rep3	19.5750	-0.729150	-0.085137	-0.814287	750	0.000521
phospho	phospho/20200214_EXPL2_Evo1_AMV_SA_21m_DIA_Phos_HeLa_SUBCELL_EGF_20min_FR1_Rep4/	20min	FR1	Rep4	19.9694	-1.123550	0.093764	-1.029786	750	0.000521
phospho	phospho/20200214_EXPL2_Evo1_AMV_SA_21m_DIA_Phos_HeLa_SUBCELL_EGF_90min_FR1_Rep1/	90min	FR1	Rep1	20.1463	-1.300450	0.156235	-1.144215	749	0.000530
phospho	phospho/20200214_EXPL2_Evo1_AMV_SA_21m_DIA_Phos_HeLa_SUBCELL_EGF_90min_FR1_Rep2/	90min	FR1	Rep2	20.0616	-1.215750	0.134294	-1.081456	749	0.000530
phospho	phospho/20200214_EXPL2_Evo1_AMV_SA_21m_DIA_Phos_HeLa_SUBCELL_EGF_90min_FR1_Rep3/	90min	FR1	Rep3	19.5789	-0.733050	0.062909	-0.670141	749	0.000530
phospho	phospho/20200214_EXPL2_Evo1_AMV_SA_21m_DIA_Phos_HeLa_SUBCELL_EGF_90min_FR1_Rep4/	90min	FR1	Rep4	20.3609	-1.515050	0.129818	-1.385232	749	0.000530
phospho	phospho/20200214_EXPL2_Evo1_AMV_SA_21m_DIA_Phos_HeLa_SUBCELL_EGF_CTRL_FR2_Rep1/	CTRL	FR2	Rep1	19.2925	-0.446650	-0.105412	-0.552062	779	0.000529
phospho	phospho/20200214_EXPL2_Evo1_AMV_SA_21m_DIA_Phos_HeLa_SUBCELL_EGF_CTRL_FR2_Rep2/	CTRL	FR2	Rep2	19.8852	-1.039350	0.063594	-0.975756	779	0.000529
phospho	phospho/20200214_EXPL2_Evo1_AMV_SA_21m_DIA_Phos_HeLa_SUBCELL_EGF_CTRL_FR2_Rep3/	CTRL	FR2	Rep3	19.8185	-0.972650	0.095957	-0.876693	779	0.000529
phospho	phospho/20200214_EXPL2_Evo1_AMV_SA_21m_DIA_Phos_HeLa_SUBCELL_EGF_CTRL_FR2_Rep4/	CTRL	FR2	Rep4	18.4218	0.424050	0.078239	0.502289	779	0.000529
phospho	phospho/20200214_EXPL2_Evo1_AMV_SA_21m_DIA_Phos_HeLa_SUBCELL_EGF_2min_FR2_Rep1/	2min	FR2	Rep1	19.5271	-0.681250	0.039808	-0.641442	746	0.000518
phospho	phospho/20200214_EXPL2_Evo1_AMV_SA_21m_DIA_Phos_HeLa_SUBCELL_EGF_2min_FR2_Rep2/	2min	FR2	Rep2	19.5211	-0.675250	0.038729	-0.636521	746	0.000518
phospho	phospho/20200214_EXPL2_Evo1_AMV_SA_21m_DIA_Phos_HeLa_SUBCELL_EGF_2min_FR2_Rep3/	2min	FR2	Rep3	19.2921	-0.446250	0.115490	-0.330760	746	0.000518
phospho	phospho/20200214_EXPL2_Evo1_AMV_SA_21m_DIA_Phos_HeLa_SUBCELL_EGF_2min_FR2_Rep4/	2min	FR2	Rep4	19.7888	-0.942950	0.076724	-0.866226	746	0.000518
phospho	phospho/20200214_EXPL2_Evo1_AMV_SA_21m_DIA_Phos_HeLa_SUBCELL_EGF_8min_FR2_Rep1/	8min	FR2	Rep1	19.5664	-0.720550	-0.042136	-0.762686	781	0.000531
phospho	phospho/20200214_EXPL2_Evo1_AMV_SA_21m_DIA_Phos_HeLa_SUBCELL_EGF_8min_FR2_Rep2/	8min	FR2	Rep2	19.5505	-0.704650	0.102945	-0.601705	781	0.000531
phospho	phospho/20200214_EXPL2_Evo1_AMV_SA_21m_DIA_Phos_HeLa_SUBCELL_EGF_8min_FR2_Rep3/	8min	FR2	Rep3	19.4199	-0.574050	0.165377	-0.408673	781	0.000531
phospho	phospho/20200214_EXPL2_Evo1_AMV_SA_21m_DIA_Phos_HeLa_SUBCELL_EGF_8min_FR2_Rep4/	8min	FR2	Rep4	18.3197	0.526150	0.031491	0.557641	781	0.000531
phospho	phospho/20200214_EXPL2_Evo1_AMV_SA_21m_DIA_Phos_HeLa_SUBCELL_EGF_20min_FR2_Rep1/	20min	FR2	Rep1	19.4686	-0.622750	0.071295	-0.551455	705	0.000533
phospho	phospho/20200214_EXPL2_Evo1_AMV_SA_21m_DIA_Phos_HeLa_SUBCELL_EGF_20min_FR2_Rep2/	20min	FR2	Rep2	19.5826	-0.736750	0.130881	-0.605869	705	0.000533
phospho	phospho/20200214_EXPL2_Evo1_AMV_SA_21m_DIA_Phos_HeLa_SUBCELL_EGF_20min_FR2_Rep3/	20min	FR2	Rep3	19.6475	-0.801650	0.042143	-0.759507	705	0.000533
phospho	phospho/20200214_EXPL2_Evo1_AMV_SA_21m_DIA_Phos_HeLa_SUBCELL_EGF_20min_FR2_Rep4/	20min	FR2	Rep4	19.3653	-0.519450	0.033254	-0.486196	705	0.000533
phospho	phospho/20200214_EXPL2_Evo1_AMV_SA_21m_DIA_Phos_HeLa_SUBCELL_EGF_90min_FR2_Rep1/	90min	FR2	Rep1	18.6922	0.153650	0.055537	0.209187	772	0.000516
phospho	phospho/20200214_EXPL2_Evo1_AMV_SA_21m_DIA_Phos_HeLa_SUBCELL_EGF_90min_FR2_Rep2/	90min	FR2	Rep2	19.9821	-1.136250	0.087487	-1.048763	772	0.000516
phospho	phospho/20200214_EXPL2_Evo1_AMV_SA_21m_DIA_Phos_HeLa_SUBCELL_EGF_90min_FR2_Rep3/	90min	FR2	Rep3	19.6018	-0.755950	0.130997	-0.624953	772	0.000516
phospho	phospho/20200214_EXPL2_Evo1_AMV_SA_21m_DIA_Phos_HeLa_SUBCELL_EGF_90min_FR2_Rep4/	90min	FR2	Rep4	19.6553	-0.809450	0.143645	-0.665805	772	0.000516
phospho	phospho/20200214_EXPL2_Evo1_AMV_SA_21m_DIA_Phos_HeLa_SUBCELL_EGF_CTRL_FR3_Rep1/	CTRL	FR3	Rep1	16.8545	1.991350	-0.222410	1.768940	514	0.000533
phospho	phospho/20200214_EXPL2_Evo1_AMV_SA_21m_DIA_Phos_HeLa_SUBCELL_EGF_CTRL_FR3_Rep2/	CTRL	FR3	Rep2	17.0776	1.768250	-0.014440	1.753810	514	0.000533
phospho	phospho/20200214_EXPL2_Evo1_AMV_SA_21m_DIA_Phos_HeLa_SUBCELL_EGF_CTRL_FR3_Rep3/	CTRL	FR3	Rep3	17.5524	1.293450	0.052390	1.345840	514	0.000533
phospho	phospho/20200214_EXPL2_Evo1_AMV_SA_21m_DIA_Phos_HeLa_SUBCELL_EGF_CTRL_FR3_Rep4/	CTRL	FR3	Rep4	18.0977	0.748150	-0.014230	0.733920	514	0.000533
phospho	phospho/20200214_EXPL2_Evo1_AMV_SA_21m_DIA_Phos_HeLa_SUBCELL_EGF_2min_FR3_Rep1/	2min	FR3	Rep1	17.3481	1.497750	-0.087341	1.410409	339	0.000562
phospho	phospho/20200214_EXPL2_Evo1_AMV_SA_21m_DIA_Phos_HeLa_SUBCELL_EGF_2min_FR3_Rep2/	2min	FR3	Rep2	16.7340	2.111850	-0.103779	2.008071	339	0.000562
phospho	phospho/20200214_EXPL2_Evo1_AMV_SA_21m_DIA_Phos_HeLa_SUBCELL_EGF_2min_FR3_Rep3/	2min	FR3	Rep3	16.8176	2.028250	-0.062352	1.965898	339	0.000562
phospho	phospho/20200214_EXPL2_Evo1_AMV_SA_21m_DIA_Phos_HeLa_SUBCELL_EGF_2min_FR3_Rep4/	2min	FR3	Rep4	17.0917	1.754150	0.014591	1.768741	339	0.000562
phospho	phospho/20200214_EXPL2_Evo1_AMV_SA_21m_DIA_Phos_HeLa_SUBCELL_EGF_8min_FR3_Rep1/	8min	FR3	Rep1	17.4213	1.424550	-0.136419	1.288131	390	0.000539
phospho	phospho/20200214_EXPL2_Evo1_AMV_SA_21m_DIA_Phos_HeLa_SUBCELL_EGF_8min_FR3_Rep2/	8min	FR3	Rep2	16.9763	1.869550	-0.002918	1.866632	390	0.000539
phospho	phospho/20200214_EXPL2_Evo1_AMV_SA_21m_DIA_Phos_HeLa_SUBCELL_EGF_8min_FR3_Rep3/	8min	FR3	Rep3	16.9181	1.927750	-0.031069	1.896681	390	0.000539
phospho	phospho/20200214_EXPL2_Evo1_AMV_SA_21m_DIA_Phos_HeLa_SUBCELL_EGF_8min_FR3_Rep4/	8min	FR3	Rep4	17.4980	1.347850	0.001114	1.348964	390	0.000539
phospho	phospho/20200214_EXPL2_Evo1_AMV_SA_21m_DIA_Phos_HeLa_SUBCELL_EGF_20min_FR3_Rep1/	20min	FR3	Rep1	17.3907	1.455150	-0.040216	1.414934	434	0.000538
phospho	phospho/20200214_EXPL2_Evo1_AMV_SA_21m_DIA_Phos_HeLa_SUBCELL_EGF_20min_FR3_Rep2/	20min	FR3	Rep2	17.1241	1.721750	-0.082555	1.639195	434	0.000538
phospho	phospho/20200214_EXPL2_Evo1_AMV_SA_21m_DIA_Phos_HeLa_SUBCELL_EGF_20min_FR3_Rep3/	20min	FR3	Rep3	17.1771	1.668750	-0.063798	1.604952	434	0.000538
phospho	phospho/20200214_EXPL2_Evo1_AMV_SA_21m_DIA_Phos_HeLa_SUBCELL_EGF_20min_FR3_Rep4/	20min	FR3	Rep4	16.7914	2.054450	0.037079	2.091529	434	0.000538
phospho	phospho/20200214_EXPL2_Evo1_AMV_SA_21m_DIA_Phos_HeLa_SUBCELL_EGF_90min_FR3_Rep1/	90min	FR3	Rep1	17.5218	1.324050	-0.022292	1.301758	505	0.000506
phospho	phospho/20200214_EXPL2_Evo1_AMV_SA_21m_DIA_Phos_HeLa_SUBCELL_EGF_90min_FR3_Rep2/	90min	FR3	Rep2	18.5425	0.303350	0.034152	0.337502	505	0.000506
phospho	phospho/20200214_EXPL2_Evo1_AMV_SA_21m_DIA_Phos_HeLa_SUBCELL_EGF_90min_FR3_Rep3/	90min	FR3	Rep3	17.9754	0.870450	-0.008717	0.861733	505	0.000506
phospho	phospho/20200214_EXPL2_Evo1_AMV_SA_21m_DIA_Phos_HeLa_SUBCELL_EGF_90min_FR3_Rep4/	90min	FR3	Rep4	17.6617	1.184150	0.080456	1.264606	505	0.000506
phospho	phospho/20200214_EXPL2_Evo1_AMV_SA_21m_DIA_Phos_HeLa_SUBCELL_EGF_CTRL_FR4_Rep1/	CTRL	FR4	Rep1	18.7845	0.061350	-0.120837	-0.059487	888	0.000522
phospho	phospho/20200214_EXPL2_Evo1_AMV_SA_21m_DIA_Phos_HeLa_SUBCELL_EGF_CTRL_FR4_Rep2/	CTRL	FR4	Rep2	17.6090	1.236850	-0.109609	1.127241	888	0.000522
phospho	phospho/20200214_EXPL2_Evo1_AMV_SA_21m_DIA_Phos_HeLa_SUBCELL_EGF_CTRL_FR4_Rep3/	CTRL	FR4	Rep3	18.9520	-0.106150	-0.041570	-0.147720	888	0.000522
phospho	phospho/20200214_EXPL2_Evo1_AMV_SA_21m_DIA_Phos_HeLa_SUBCELL_EGF_CTRL_FR4_Rep4/	CTRL	FR4	Rep4	19.2360	-0.390150	0.075662	-0.314488	888	0.000522
phospho	phospho/20200214_EXPL2_Evo1_AMV_SA_21m_DIA_Phos_HeLa_SUBCELL_EGF_2min_FR4_Rep1/	2min	FR4	Rep1	18.8610	-0.015150	-0.075407	-0.090557	612	0.000511
phospho	phospho/20200214_EXPL2_Evo1_AMV_SA_21m_DIA_Phos_HeLa_SUBCELL_EGF_2min_FR4_Rep2/	2min	FR4	Rep2	18.4280	0.417850	0.052178	0.470028	612	0.000511
phospho	phospho/20200214_EXPL2_Evo1_AMV_SA_21m_DIA_Phos_HeLa_SUBCELL_EGF_2min_FR4_Rep3/	2min	FR4	Rep3	18.5126	0.333250	0.053898	0.387148	612	0.000511
phospho	phospho/20200214_EXPL2_Evo1_AMV_SA_21m_DIA_Phos_HeLa_SUBCELL_EGF_2min_FR4_Rep4/	2min	FR4	Rep4	18.7854	0.060450	-0.011609	0.048841	612	0.000511
phospho	phospho/20200214_EXPL2_Evo1_AMV_SA_21m_DIA_Phos_HeLa_SUBCELL_EGF_8min_FR4_Rep1/	8min	FR4	Rep1	18.6530	0.192850	-0.131750	0.061100	589	0.000547
phospho	phospho/20200214_EXPL2_Evo1_AMV_SA_21m_DIA_Phos_HeLa_SUBCELL_EGF_8min_FR4_Rep2/	8min	FR4	Rep2	18.0357	0.810150	0.017540	0.827690	589	0.000547
phospho	phospho/20200214_EXPL2_Evo1_AMV_SA_21m_DIA_Phos_HeLa_SUBCELL_EGF_8min_FR4_Rep3/	8min	FR4	Rep3	18.7820	0.063850	0.014469	0.078319	589	0.000547
phospho	phospho/20200214_EXPL2_Evo1_AMV_SA_21m_DIA_Phos_HeLa_SUBCELL_EGF_8min_FR4_Rep4/	8min	FR4	Rep4	18.6141	0.231750	-0.052968	0.178782	589	0.000547
phospho	phospho/20200214_EXPL2_Evo1_AMV_SA_21m_DIA_Phos_HeLa_SUBCELL_EGF_20min_FR4_Rep1/	20min	FR4	Rep1	19.0652	-0.219350	-0.023794	-0.243144	565	0.000532
phospho	phospho/20200214_EXPL2_Evo1_AMV_SA_21m_DIA_Phos_HeLa_SUBCELL_EGF_20min_FR4_Rep2/	20min	FR4	Rep2	18.3988	0.447050	-0.056061	0.390989	565	0.000532
phospho	phospho/20200214_EXPL2_Evo1_AMV_SA_21m_DIA_Phos_HeLa_SUBCELL_EGF_20min_FR4_Rep3/	20min	FR4	Rep3	18.2617	0.584150	-0.063538	0.520612	565	0.000532
phospho	phospho/20200214_EXPL2_Evo1_AMV_SA_21m_DIA_Phos_HeLa_SUBCELL_EGF_20min_FR4_Rep4/	20min	FR4	Rep4	18.5043	0.341550	-0.049438	0.292112	565	0.000532
phospho	phospho/20200214_EXPL2_Evo1_AMV_SA_21m_DIA_Phos_HeLa_SUBCELL_EGF_90min_FR4_Rep1/	90min	FR4	Rep1	18.8307	0.015150	0.021105	0.036255	565	0.000518
phospho	phospho/20200214_EXPL2_Evo1_AMV_SA_21m_DIA_Phos_HeLa_SUBCELL_EGF_90min_FR4_Rep2/	90min	FR4	Rep2	18.4796	0.366250	0.092485	0.458735	565	0.000518
phospho	phospho/20200214_EXPL2_Evo1_AMV_SA_21m_DIA_Phos_HeLa_SUBCELL_EGF_90min_FR4_Rep3/	90min	FR4	Rep3	19.0953	-0.249450	0.053630	-0.195820	565	0.000518
phospho	phospho/20200214_EXPL2_Evo1_AMV_SA_21m_DIA_Phos_HeLa_SUBCELL_EGF_90min_FR4_Rep4/	90min	FR4	Rep4	18.6084	0.237450	0.022584	0.260034	565	0.000518
phospho	phospho/20200214_EXPL2_Evo1_AMV_SA_21m_DIA_Phos_HeLa_SUBCELL_EGF_CTRL_FR5_Rep1/	CTRL	FR5	Rep1	18.1787	0.667150	-0.145604	0.521546	679	0.000541
phospho	phospho/20200214_EXPL2_Evo1_AMV_SA_21m_DIA_Phos_HeLa_SUBCELL_EGF_CTRL_FR5_Rep2/	CTRL	FR5	Rep2	18.7601	0.085750	-0.002811	0.082939	679	0.000541
phospho	phospho/20200214_EXPL2_Evo1_AMV_SA_21m_DIA_Phos_HeLa_SUBCELL_EGF_CTRL_FR5_Rep3/	CTRL	FR5	Rep3	19.2126	-0.366750	0.041534	-0.325216	679	0.000541
phospho	phospho/20200214_EXPL2_Evo1_AMV_SA_21m_DIA_Phos_HeLa_SUBCELL_EGF_CTRL_FR5_Rep4/	CTRL	FR5	Rep4	19.8152	-0.969350	0.057115	-0.912235	679	0.000541
phospho	phospho/20200214_EXPL2_Evo1_AMV_SA_21m_DIA_Phos_HeLa_SUBCELL_EGF_2min_FR5_Rep1/	2min	FR5	Rep1	18.9510	-0.105150	0.038682	-0.066468	595	0.000540
phospho	phospho/20200214_EXPL2_Evo1_AMV_SA_21m_DIA_Phos_HeLa_SUBCELL_EGF_2min_FR5_Rep2/	2min	FR5	Rep2	19.0017	-0.155850	0.119593	-0.036257	595	0.000540
phospho	phospho/20200214_EXPL2_Evo1_AMV_SA_21m_DIA_Phos_HeLa_SUBCELL_EGF_2min_FR5_Rep3/	2min	FR5	Rep3	19.3119	-0.466050	0.126413	-0.339637	595	0.000540
phospho	phospho/20200214_EXPL2_Evo1_AMV_SA_21m_DIA_Phos_HeLa_SUBCELL_EGF_2min_FR5_Rep4/	2min	FR5	Rep4	19.2872	-0.441350	0.047664	-0.393686	595	0.000540
phospho	phospho/20200214_EXPL2_Evo1_AMV_SA_21m_DIA_Phos_HeLa_SUBCELL_EGF_8min_FR5_Rep1/	8min	FR5	Rep1	19.5373	-0.691450	0.006196	-0.685254	644	0.000541
phospho	phospho/20200214_EXPL2_Evo1_AMV_SA_21m_DIA_Phos_HeLa_SUBCELL_EGF_8min_FR5_Rep2/	8min	FR5	Rep2	19.1145	-0.268650	0.098260	-0.170390	644	0.000541
phospho	phospho/20200214_EXPL2_Evo1_AMV_SA_21m_DIA_Phos_HeLa_SUBCELL_EGF_8min_FR5_Rep3/	8min	FR5	Rep3	20.0781	-1.232250	0.144276	-1.087974	644	0.000541
phospho	phospho/20200214_EXPL2_Evo1_AMV_SA_21m_DIA_Phos_HeLa_SUBCELL_EGF_8min_FR5_Rep4/	8min	FR5	Rep4	19.2207	-0.374850	0.103486	-0.271364	644	0.000541
phospho	phospho/20200214_EXPL2_Evo1_AMV_SA_21m_DIA_Phos_HeLa_SUBCELL_EGF_20min_FR5_Rep1/	20min	FR5	Rep1	19.5852	-0.739350	0.071220	-0.668130	617	0.000504
phospho	phospho/20200214_EXPL2_Evo1_AMV_SA_21m_DIA_Phos_HeLa_SUBCELL_EGF_20min_FR5_Rep2/	20min	FR5	Rep2	19.5997	-0.753850	0.096525	-0.657325	617	0.000504
phospho	phospho/20200214_EXPL2_Evo1_AMV_SA_21m_DIA_Phos_HeLa_SUBCELL_EGF_20min_FR5_Rep3/	20min	FR5	Rep3	19.3567	-0.510850	0.045686	-0.465164	617	0.000504
phospho	phospho/20200214_EXPL2_Evo1_AMV_SA_21m_DIA_Phos_HeLa_SUBCELL_EGF_20min_FR5_Rep4/	20min	FR5	Rep4	18.7463	0.099550	0.057476	0.157026	617	0.000504
phospho	phospho/20200214_EXPL2_Evo1_AMV_SA_21m_DIA_Phos_HeLa_SUBCELL_EGF_90min_FR5_Rep1/	90min	FR5	Rep1	19.6026	-0.756750	0.039230	-0.717520	600	0.000540
phospho	phospho/20200214_EXPL2_Evo1_AMV_SA_21m_DIA_Phos_HeLa_SUBCELL_EGF_90min_FR5_Rep2/	90min	FR5	Rep2	19.8364	-0.990550	0.089666	-0.900884	600	0.000540
phospho	phospho/20200214_EXPL2_Evo1_AMV_SA_21m_DIA_Phos_HeLa_SUBCELL_EGF_90min_FR5_Rep3/	90min	FR5	Rep3	19.2917	-0.445850	0.113433	-0.332417	600	0.000540
phospho	phospho/20200214_EXPL2_Evo1_AMV_SA_21m_DIA_Phos_HeLa_SUBCELL_EGF_90min_FR5_Rep4/	90min	FR5	Rep4	19.2283	-0.382450	0.105212	-0.277238	600	0.000540
phospho	phospho/20200214_EXPL2_Evo1_AMV_SA_21m_DIA_Phos_HeLa_SUBCELL_EGF_CTRL_FR6_Rep1/	CTRL	FR6	Rep1	18.0271	0.818750	-0.204223	0.614527	619	0.000513
phospho	phospho/20200214_EXPL2_Evo1_AMV_SA_21m_DIA_Phos_HeLa_SUBCELL_EGF_CTRL_FR6_Rep2/	CTRL	FR6	Rep2	17.7050	1.140850	-0.085078	1.055772	619	0.000513
phospho	phospho/20200214_EXPL2_Evo1_AMV_SA_21m_DIA_Phos_HeLa_SUBCELL_EGF_CTRL_FR6_Rep3/	CTRL	FR6	Rep3	17.9405	0.905350	-0.053752	0.851598	619	0.000513
phospho	phospho/20200214_EXPL2_Evo1_AMV_SA_21m_DIA_Phos_HeLa_SUBCELL_EGF_CTRL_FR6_Rep4/	CTRL	FR6	Rep4	19.8674	-1.021550	0.081225	-0.940325	619	0.000513
phospho	phospho/20200214_EXPL2_Evo1_AMV_SA_21m_DIA_Phos_HeLa_SUBCELL_EGF_2min_FR6_Rep1/	2min	FR6	Rep1	17.9600	0.885850	-0.147064	0.738786	498	0.000517
phospho	phospho/20200214_EXPL2_Evo1_AMV_SA_21m_DIA_Phos_HeLa_SUBCELL_EGF_2min_FR6_Rep2/	2min	FR6	Rep2	17.8710	0.974850	-0.077107	0.897743	498	0.000517
phospho	phospho/20200214_EXPL2_Evo1_AMV_SA_21m_DIA_Phos_HeLa_SUBCELL_EGF_2min_FR6_Rep3/	2min	FR6	Rep3	18.0849	0.760950	-0.087449	0.673501	498	0.000517
phospho	phospho/20200214_EXPL2_Evo1_AMV_SA_21m_DIA_Phos_HeLa_SUBCELL_EGF_2min_FR6_Rep4/	2min	FR6	Rep4	18.1677	0.678150	-0.050701	0.627449	498	0.000517
phospho	phospho/20200214_EXPL2_Evo1_AMV_SA_21m_DIA_Phos_HeLa_SUBCELL_EGF_8min_FR6_Rep1/	8min	FR6	Rep1	17.5188	1.327050	-0.057547	1.269503	457	0.000524
phospho	phospho/20200214_EXPL2_Evo1_AMV_SA_21m_DIA_Phos_HeLa_SUBCELL_EGF_8min_FR6_Rep2/	8min	FR6	Rep2	17.9182	0.927650	-0.050158	0.877492	457	0.000524
phospho	phospho/20200214_EXPL2_Evo1_AMV_SA_21m_DIA_Phos_HeLa_SUBCELL_EGF_8min_FR6_Rep3/	8min	FR6	Rep3	18.2847	0.561150	-0.068036	0.493114	457	0.000524
phospho	phospho/20200214_EXPL2_Evo1_AMV_SA_21m_DIA_Phos_HeLa_SUBCELL_EGF_8min_FR6_Rep4/	8min	FR6	Rep4	17.7085	1.137350	-0.121202	1.016148	457	0.000524
phospho	phospho/20200214_EXPL2_Evo1_AMV_SA_21m_DIA_Phos_HeLa_SUBCELL_EGF_20min_FR6_Rep1/	20min	FR6	Rep1	18.3338	0.512050	-0.018189	0.493861	559	0.000541
phospho	phospho/20200214_EXPL2_Evo1_AMV_SA_21m_DIA_Phos_HeLa_SUBCELL_EGF_20min_FR6_Rep2/	20min	FR6	Rep2	18.1341	0.711750	0.000240	0.711990	559	0.000541
phospho	phospho/20200214_EXPL2_Evo1_AMV_SA_21m_DIA_Phos_HeLa_SUBCELL_EGF_20min_FR6_Rep3/	20min	FR6	Rep3	18.1262	0.719650	-0.024823	0.694827	559	0.000541
phospho	phospho/20200214_EXPL2_Evo1_AMV_SA_21m_DIA_Phos_HeLa_SUBCELL_EGF_20min_FR6_Rep4/	20min	FR6	Rep4	17.5559	1.289950	-0.080791	1.209159	559	0.000541
phospho	phospho/20200214_EXPL2_Evo1_AMV_SA_21m_DIA_Phos_HeLa_SUBCELL_EGF_90min_FR6_Rep1/	90min	FR6	Rep1	18.2952	0.550650	-0.057510	0.493140	570	0.000534
phospho	phospho/20200214_EXPL2_Evo1_AMV_SA_21m_DIA_Phos_HeLa_SUBCELL_EGF_90min_FR6_Rep2/	90min	FR6	Rep2	18.5654	0.280450	-0.001994	0.278456	570	0.000534
phospho	phospho/20200214_EXPL2_Evo1_AMV_SA_21m_DIA_Phos_HeLa_SUBCELL_EGF_90min_FR6_Rep3/	90min	FR6	Rep3	18.8059	0.039950	0.098370	0.138320	570	0.000534
phospho	phospho/20200214_EXPL2_Evo1_AMV_SA_21m_DIA_Phos_HeLa_SUBCELL_EGF_90min_FR6_Rep4/	90min	FR6	Rep4	17.7910	1.054850	0.058266	1.113116	570	0.000534
proteome	proteome/20200217_EXPL2_Evo1_AMV_SA_21m_DIA_Prot_HeLa_SUBCELL_EGF_CTRL_FR1_Rep1/	CTRL	FR1	Rep1	22.9766	-0.305600	0.000246	-0.305354	638	0.000517
proteome	proteome/20200217_EXPL2_Evo1_AMV_SA_21m_DIA_Prot_HeLa_SUBCELL_EGF_CTRL_FR1_Rep2/	CTRL	FR1	Rep2	23.0913	-0.420300	0.006016	-0.414284	638	0.000517
proteome	proteome/20200217_EXPL2_Evo1_AMV_SA_21m_DIA_Prot_HeLa_SUBCELL_EGF_CTRL_FR1_Rep3/	CTRL	FR1	Rep3	23.0867	-0.415700	0.007421	-0.408279	638	0.000517
proteome	proteome/20200217_EXPL2_Evo1_AMV_SA_21m_DIA_Prot_HeLa_SUBCELL_EGF_CTRL_FR1_Rep4/	CTRL	FR1	Rep4	23.0873	-0.416300	0.017819	-0.398481	638	0.000517
proteome	proteome/20200217_EXPL2_Evo1_AMV_SA_21m_DIA_Prot_HeLa_SUBCELL_EGF_2min_FR1_Rep1/	2min	FR1	Rep1	23.0863	-0.415300	0.000809	-0.414491	574	0.000574
proteome	proteome/20200217_EXPL2_Evo1_AMV_SA_21m_DIA_Prot_HeLa_SUBCELL_EGF_2min_FR1_Rep2/	2min	FR1	Rep2	23.1908	-0.519800	0.017747	-0.502053	574	0.000574
proteome	proteome/20200217_EXPL2_Evo1_AMV_SA_21m_DIA_Prot_HeLa_SUBCELL_EGF_2min_FR1_Rep3/	2min	FR1	Rep3	23.0607	-0.389700	-0.003461	-0.393161	574	0.000574
proteome	proteome/20200217_EXPL2_Evo1_AMV_SA_21m_DIA_Prot_HeLa_SUBCELL_EGF_2min_FR1_Rep4/	2min	FR1	Rep4	23.0189	-0.347900	-0.002097	-0.349997	574	0.000574
proteome	proteome/20200217_EXPL2_Evo1_AMV_SA_21m_DIA_Prot_HeLa_SUBCELL_EGF_8min_FR1_Rep1/	8min	FR1	Rep1	22.9624	-0.291400	-0.008344	-0.299744	642	0.000506
proteome	proteome/20200217_EXPL2_Evo1_AMV_SA_21m_DIA_Prot_HeLa_SUBCELL_EGF_8min_FR1_Rep2/	8min	FR1	Rep2	23.0543	-0.383300	0.000132	-0.383168	642	0.000506
proteome	proteome/20200217_EXPL2_Evo1_AMV_SA_21m_DIA_Prot_HeLa_SUBCELL_EGF_8min_FR1_Rep3/	8min	FR1	Rep3	23.0449	-0.373900	-0.009382	-0.383282	642	0.000506
proteome	proteome/20200217_EXPL2_Evo1_AMV_SA_21m_DIA_Prot_HeLa_SUBCELL_EGF_8min_FR1_Rep4/	8min	FR1	Rep4	23.1616	-0.490600	0.002553	-0.488047	642	0.000506
proteome	proteome/20200217_EXPL2_Evo1_AMV_SA_21m_DIA_Prot_HeLa_SUBCELL_EGF_20min_FR1_Rep1/	20min	FR1	Rep1	23.1664	-0.495400	0.004842	-0.490558	675	0.000520
proteome	proteome/20200217_EXPL2_Evo1_AMV_SA_21m_DIA_Prot_HeLa_SUBCELL_EGF_20min_FR1_Rep2/	20min	FR1	Rep2	22.9885	-0.317500	0.010176	-0.307324	675	0.000520
proteome	proteome/20200217_EXPL2_Evo1_AMV_SA_21m_DIA_Prot_HeLa_SUBCELL_EGF_20min_FR1_Rep3/	20min	FR1	Rep3	23.0383	-0.367300	-0.000110	-0.367410	675	0.000520
proteome	proteome/20200217_EXPL2_Evo1_AMV_SA_21m_DIA_Prot_HeLa_SUBCELL_EGF_20min_FR1_Rep4/	20min	FR1	Rep4	23.1526	-0.481600	0.003450	-0.478150	675	0.000520
proteome	proteome/20200217_EXPL2_Evo1_AMV_SA_21m_DIA_Prot_HeLa_SUBCELL_EGF_90min_FR1_Rep1/	90min	FR1	Rep1	23.0719	-0.400900	-0.001675	-0.402575	683	0.000526
proteome	proteome/20200217_EXPL2_Evo1_AMV_SA_21m_DIA_Prot_HeLa_SUBCELL_EGF_90min_FR1_Rep2/	90min	FR1	Rep2	22.9972	-0.326200	0.012893	-0.313307	683	0.000526
proteome	proteome/20200217_EXPL2_Evo1_AMV_SA_21m_DIA_Prot_HeLa_SUBCELL_EGF_90min_FR1_Rep3/	90min	FR1	Rep3	23.0228	-0.351800	0.002223	-0.349577	683	0.000526
proteome	proteome/20200217_EXPL2_Evo1_AMV_SA_21m_DIA_Prot_HeLa_SUBCELL_EGF_90min_FR1_Rep4/	90min	FR1	Rep4	23.0896	-0.418600	0.014578	-0.404022	683	0.000526
proteome	proteome/20200217_EXPL2_Evo1_AMV_SA_21m_DIA_Prot_HeLa_SUBCELL_EGF_CTRL_FR2_Rep1/	CTRL	FR2	Rep1	23.1255	-0.454500	-0.014167	-0.468667	762	0.000543
proteome	proteome/20200217_EXPL2_Evo1_AMV_SA_21m_DIA_Prot_HeLa_SUBCELL_EGF_CTRL_FR2_Rep2/	CTRL	FR2	Rep2	23.1644	-0.493400	-0.011789	-0.505189	762	0.000543
proteome	proteome/20200217_EXPL2_Evo1_AMV_SA_21m_DIA_Prot_HeLa_SUBCELL_EGF_CTRL_FR2_Rep3/	CTRL	FR2	Rep3	22.9254	-0.254400	0.005728	-0.248672	762	0.000543
proteome	proteome/20200217_EXPL2_Evo1_AMV_SA_21m_DIA_Prot_HeLa_SUBCELL_EGF_CTRL_FR2_Rep4/	CTRL	FR2	Rep4	22.5531	0.117900	-0.004615	0.113285	762	0.000543
proteome	proteome/20200217_EXPL2_Evo1_AMV_SA_21m_DIA_Prot_HeLa_SUBCELL_EGF_2min_FR2_Rep1/	2min	FR2	Rep1	23.1596	-0.488600	-0.003011	-0.491611	714	0.000514
proteome	proteome/20200217_EXPL2_Evo1_AMV_SA_21m_DIA_Prot_HeLa_SUBCELL_EGF_2min_FR2_Rep2/	2min	FR2	Rep2	23.0309	-0.359900	-0.001596	-0.361496	714	0.000514
proteome	proteome/20200217_EXPL2_Evo1_AMV_SA_21m_DIA_Prot_HeLa_SUBCELL_EGF_2min_FR2_Rep3/	2min	FR2	Rep3	22.9578	-0.286800	-0.007152	-0.293952	714	0.000514
proteome	proteome/20200217_EXPL2_Evo1_AMV_SA_21m_DIA_Prot_HeLa_SUBCELL_EGF_2min_FR2_Rep4/	2min	FR2	Rep4	22.8017	-0.130700	0.000369	-0.130331	714	0.000514
proteome	proteome/20200217_EXPL2_Evo1_AMV_SA_21m_DIA_Prot_HeLa_SUBCELL_EGF_8min_FR2_Rep1/	8min	FR2	Rep1	22.6918	-0.020800	0.005314	-0.015486	755	0.000524
proteome	proteome/20200217_EXPL2_Evo1_AMV_SA_21m_DIA_Prot_HeLa_SUBCELL_EGF_8min_FR2_Rep2/	8min	FR2	Rep2	22.9325	-0.261500	0.003379	-0.258121	755	0.000524
proteome	proteome/20200217_EXPL2_Evo1_AMV_SA_21m_DIA_Prot_HeLa_SUBCELL_EGF_8min_FR2_Rep3/	8min	FR2	Rep3	22.7416	-0.070600	0.000944	-0.069656	755	0.000524
proteome	proteome/20200217_EXPL2_Evo1_AMV_SA_21m_DIA_Prot_HeLa_SUBCELL_EGF_8min_FR2_Rep4/	8min	FR2	Rep4	22.8539	-0.182900	-0.007239	-0.190139	755	0.000524
proteome	proteome/20200217_EXPL2_Evo1_AMV_SA_21m_DIA_Prot_HeLa_SUBCELL_EGF_20min_FR2_Rep1/	20min	FR2	Rep1	22.9505	-0.279500	-0.008307	-0.287807	676	0.000512
proteome	proteome/20200217_EXPL2_Evo1_AMV_SA_21m_DIA_Prot_HeLa_SUBCELL_EGF_20min_FR2_Rep2/	20min	FR2	Rep2	22.6664	0.004600	-0.006644	-0.002044	676	0.000512
proteome	proteome/20200217_EXPL2_Evo1_AMV_SA_21m_DIA_Prot_HeLa_SUBCELL_EGF_20min_FR2_Rep3/	20min	FR2	Rep3	22.7976	-0.126600	-0.005097	-0.131697	676	0.000512
proteome	proteome/20200217_EXPL2_Evo1_AMV_SA_21m_DIA_Prot_HeLa_SUBCELL_EGF_20min_FR2_Rep4/	20min	FR2	Rep4	22.9021	-0.231100	-0.006908	-0.238008	676	0.000512
proteome	proteome/20200217_EXPL2_Evo1_AMV_SA_21m_DIA_Prot_HeLa_SUBCELL_EGF_90min_FR2_Rep1/	90min	FR2	Rep1	22.9757	-0.304700	-0.013992	-0.318692	759	0.000516
proteome	proteome/20200217_EXPL2_Evo1_AMV_SA_21m_DIA_Prot_HeLa_SUBCELL_EGF_90min_FR2_Rep2/	90min	FR2	Rep2	22.9305	-0.259500	-0.010540	-0.270040	759	0.000516
proteome	proteome/20200217_EXPL2_Evo1_AMV_SA_21m_DIA_Prot_HeLa_SUBCELL_EGF_90min_FR2_Rep3/	90min	FR2	Rep3	22.7300	-0.059000	-0.004000	-0.063000	759	0.000516
proteome	proteome/20200217_EXPL2_Evo1_AMV_SA_21m_DIA_Prot_HeLa_SUBCELL_EGF_90min_FR2_Rep4/	90min	FR2	Rep4	22.7409	-0.069900	-0.004987	-0.074887	759	0.000516
proteome	proteome/20200217_EXPL2_Evo1_AMV_SA_21m_DIA_Prot_HeLa_SUBCELL_EGF_CTRL_FR3_Rep1/	CTRL	FR3	Rep1	22.2016	0.469400	-0.003286	0.466114	427	0.000526
proteome	proteome/20200217_EXPL2_Evo1_AMV_SA_21m_DIA_Prot_HeLa_SUBCELL_EGF_CTRL_FR3_Rep2/	CTRL	FR3	Rep2	22.2407	0.430300	0.009166	0.439466	427	0.000526
proteome	proteome/20200217_EXPL2_Evo1_AMV_SA_21m_DIA_Prot_HeLa_SUBCELL_EGF_CTRL_FR3_Rep3/	CTRL	FR3	Rep3	22.0532	0.617800	0.004773	0.622573	427	0.000526
proteome	proteome/20200217_EXPL2_Evo1_AMV_SA_21m_DIA_Prot_HeLa_SUBCELL_EGF_CTRL_FR3_Rep4/	CTRL	FR3	Rep4	22.6767	-0.005700	0.007866	0.002166	427	0.000526
proteome	proteome/20200217_EXPL2_Evo1_AMV_SA_21m_DIA_Prot_HeLa_SUBCELL_EGF_2min_FR3_Rep1/	2min	FR3	Rep1	21.9344	0.736600	0.006767	0.743367	298	0.000509
proteome	proteome/20200217_EXPL2_Evo1_AMV_SA_21m_DIA_Prot_HeLa_SUBCELL_EGF_2min_FR3_Rep2/	2min	FR3	Rep2	22.1410	0.530000	0.005061	0.535061	298	0.000509
proteome	proteome/20200217_EXPL2_Evo1_AMV_SA_21m_DIA_Prot_HeLa_SUBCELL_EGF_2min_FR3_Rep3/	2min	FR3	Rep3	21.8066	0.864400	-0.003747	0.860653	298	0.000509
proteome	proteome/20200217_EXPL2_Evo1_AMV_SA_21m_DIA_Prot_HeLa_SUBCELL_EGF_2min_FR3_Rep4/	2min	FR3	Rep4	21.9272	0.743800	0.003607	0.747407	298	0.000509
proteome	proteome/20200217_EXPL2_Evo1_AMV_SA_21m_DIA_Prot_HeLa_SUBCELL_EGF_8min_FR3_Rep1/	8min	FR3	Rep1	21.9735	0.697500	0.000355	0.697855	328	0.000538
proteome	proteome/20200217_EXPL2_Evo1_AMV_SA_21m_DIA_Prot_HeLa_SUBCELL_EGF_8min_FR3_Rep2/	8min	FR3	Rep2	21.9422	0.728800	0.013418	0.742218	328	0.000538
proteome	proteome/20200217_EXPL2_Evo1_AMV_SA_21m_DIA_Prot_HeLa_SUBCELL_EGF_8min_FR3_Rep3/	8min	FR3	Rep3	21.8980	0.773000	-0.001045	0.771955	328	0.000538
proteome	proteome/20200217_EXPL2_Evo1_AMV_SA_21m_DIA_Prot_HeLa_SUBCELL_EGF_8min_FR3_Rep4/	8min	FR3	Rep4	21.8655	0.805500	0.005931	0.811431	328	0.000538
proteome	proteome/20200217_EXPL2_Evo1_AMV_SA_21m_DIA_Prot_HeLa_SUBCELL_EGF_20min_FR3_Rep1/	20min	FR3	Rep1	22.0200	0.651000	-0.003592	0.647408	358	0.000557
proteome	proteome/20200217_EXPL2_Evo1_AMV_SA_21m_DIA_Prot_HeLa_SUBCELL_EGF_20min_FR3_Rep2/	20min	FR3	Rep2	21.9701	0.700900	0.019467	0.720367	358	0.000557
proteome	proteome/20200217_EXPL2_Evo1_AMV_SA_21m_DIA_Prot_HeLa_SUBCELL_EGF_20min_FR3_Rep3/	20min	FR3	Rep3	21.8751	0.795900	0.000879	0.796779	358	0.000557
proteome	proteome/20200217_EXPL2_Evo1_AMV_SA_21m_DIA_Prot_HeLa_SUBCELL_EGF_20min_FR3_Rep4/	20min	FR3	Rep4	21.9247	0.746300	0.005266	0.751566	358	0.000557
proteome	proteome/20200217_EXPL2_Evo1_AMV_SA_21m_DIA_Prot_HeLa_SUBCELL_EGF_90min_FR3_Rep1/	90min	FR3	Rep1	22.0857	0.585300	-0.001580	0.583720	439	0.000540
proteome	proteome/20200217_EXPL2_Evo1_AMV_SA_21m_DIA_Prot_HeLa_SUBCELL_EGF_90min_FR3_Rep2/	90min	FR3	Rep2	22.3729	0.298100	0.011774	0.309874	439	0.000540
proteome	proteome/20200217_EXPL2_Evo1_AMV_SA_21m_DIA_Prot_HeLa_SUBCELL_EGF_90min_FR3_Rep3/	90min	FR3	Rep3	22.0465	0.624500	-0.002464	0.622036	439	0.000540
proteome	proteome/20200217_EXPL2_Evo1_AMV_SA_21m_DIA_Prot_HeLa_SUBCELL_EGF_90min_FR3_Rep4/	90min	FR3	Rep4	22.0650	0.606000	0.009639	0.615639	439	0.000540
proteome	proteome/20200217_EXPL2_Evo1_AMV_SA_21m_DIA_Prot_HeLa_SUBCELL_EGF_CTRL_FR4_Rep1/	CTRL	FR4	Rep1	22.7523	-0.081300	0.002785	-0.078515	809	0.000520
proteome	proteome/20200217_EXPL2_Evo1_AMV_SA_21m_DIA_Prot_HeLa_SUBCELL_EGF_CTRL_FR4_Rep2/	CTRL	FR4	Rep2	23.0124	-0.341400	-0.002209	-0.343609	809	0.000520
proteome	proteome/20200217_EXPL2_Evo1_AMV_SA_21m_DIA_Prot_HeLa_SUBCELL_EGF_CTRL_FR4_Rep3/	CTRL	FR4	Rep3	22.6961	-0.025100	-0.001889	-0.026989	809	0.000520
proteome	proteome/20200217_EXPL2_Evo1_AMV_SA_21m_DIA_Prot_HeLa_SUBCELL_EGF_CTRL_FR4_Rep4/	CTRL	FR4	Rep4	22.8910	-0.220000	-0.001511	-0.221511	809	0.000520
proteome	proteome/20200217_EXPL2_Evo1_AMV_SA_21m_DIA_Prot_HeLa_SUBCELL_EGF_2min_FR4_Rep1/	2min	FR4	Rep1	22.7401	-0.069100	-0.001827	-0.070927	551	0.000515
proteome	proteome/20200217_EXPL2_Evo1_AMV_SA_21m_DIA_Prot_HeLa_SUBCELL_EGF_2min_FR4_Rep2/	2min	FR4	Rep2	22.9753	-0.304300	-0.001248	-0.305548	551	0.000515
proteome	proteome/20200217_EXPL2_Evo1_AMV_SA_21m_DIA_Prot_HeLa_SUBCELL_EGF_2min_FR4_Rep3/	2min	FR4	Rep3	22.7158	-0.044800	-0.006124	-0.050924	551	0.000515
proteome	proteome/20200217_EXPL2_Evo1_AMV_SA_21m_DIA_Prot_HeLa_SUBCELL_EGF_2min_FR4_Rep4/	2min	FR4	Rep4	22.8235	-0.152500	0.019339	-0.133161	551	0.000515
proteome	proteome/20200217_EXPL2_Evo1_AMV_SA_21m_DIA_Prot_HeLa_SUBCELL_EGF_8min_FR4_Rep1/	8min	FR4	Rep1	22.7357	-0.064700	0.000643	-0.064057	521	0.000517
proteome	proteome/20200217_EXPL2_Evo1_AMV_SA_21m_DIA_Prot_HeLa_SUBCELL_EGF_8min_FR4_Rep2/	8min	FR4	Rep2	22.7096	-0.038600	0.004210	-0.034390	521	0.000517
proteome	proteome/20200217_EXPL2_Evo1_AMV_SA_21m_DIA_Prot_HeLa_SUBCELL_EGF_8min_FR4_Rep3/	8min	FR4	Rep3	22.6972	-0.026200	0.003039	-0.023161	521	0.000517
proteome	proteome/20200217_EXPL2_Evo1_AMV_SA_21m_DIA_Prot_HeLa_SUBCELL_EGF_8min_FR4_Rep4/	8min	FR4	Rep4	22.6750	-0.004000	0.001476	-0.002524	521	0.000517
proteome	proteome/20200217_EXPL2_Evo1_AMV_SA_21m_DIA_Prot_HeLa_SUBCELL_EGF_20min_FR4_Rep1/	20min	FR4	Rep1	22.7330	-0.062000	-0.001587	-0.063587	507	0.000531
proteome	proteome/20200217_EXPL2_Evo1_AMV_SA_21m_DIA_Prot_HeLa_SUBCELL_EGF_20min_FR4_Rep2/	20min	FR4	Rep2	22.7955	-0.124500	0.008447	-0.116053	507	0.000531
proteome	proteome/20200217_EXPL2_Evo1_AMV_SA_21m_DIA_Prot_HeLa_SUBCELL_EGF_20min_FR4_Rep3/	20min	FR4	Rep3	22.7573	-0.086300	0.000123	-0.086177	507	0.000531
proteome	proteome/20200217_EXPL2_Evo1_AMV_SA_21m_DIA_Prot_HeLa_SUBCELL_EGF_20min_FR4_Rep4/	20min	FR4	Rep4	22.6418	0.029200	0.007066	0.036266	507	0.000531
proteome	proteome/20200217_EXPL2_Evo1_AMV_SA_21m_DIA_Prot_HeLa_SUBCELL_EGF_90min_FR4_Rep1/	90min	FR4	Rep1	22.9282	-0.257200	-0.009797	-0.266997	542	0.000518
proteome	proteome/20200217_EXPL2_Evo1_AMV_SA_21m_DIA_Prot_HeLa_SUBCELL_EGF_90min_FR4_Rep2/	90min	FR4	Rep2	22.6424	0.028600	0.001526	0.030126	542	0.000518
proteome	proteome/20200217_EXPL2_Evo1_AMV_SA_21m_DIA_Prot_HeLa_SUBCELL_EGF_90min_FR4_Rep3/	90min	FR4	Rep3	22.6670	0.004000	-0.000680	0.003320	542	0.000518
proteome	proteome/20200217_EXPL2_Evo1_AMV_SA_21m_DIA_Prot_HeLa_SUBCELL_EGF_90min_FR4_Rep4/	90min	FR4	Rep4	22.8561	-0.185100	0.015605	-0.169495	542	0.000518
proteome	proteome/20200217_EXPL2_Evo1_AMV_SA_21m_DIA_Prot_HeLa_SUBCELL_EGF_CTRL_FR5_Rep1/	CTRL	FR5	Rep1	22.3637	0.307300	-0.012474	0.294826	689	0.000511
proteome	proteome/20200217_EXPL2_Evo1_AMV_SA_21m_DIA_Prot_HeLa_SUBCELL_EGF_CTRL_FR5_Rep2/	CTRL	FR5	Rep2	22.7336	-0.062600	-0.002355	-0.064955	689	0.000511
proteome	proteome/20200217_EXPL2_Evo1_AMV_SA_21m_DIA_Prot_HeLa_SUBCELL_EGF_CTRL_FR5_Rep3/	CTRL	FR5	Rep3	22.5628	0.108200	0.000623	0.108823	689	0.000511
proteome	proteome/20200217_EXPL2_Evo1_AMV_SA_21m_DIA_Prot_HeLa_SUBCELL_EGF_CTRL_FR5_Rep4/	CTRL	FR5	Rep4	22.8495	-0.178500	-0.004478	-0.182978	689	0.000511
proteome	proteome/20200217_EXPL2_Evo1_AMV_SA_21m_DIA_Prot_HeLa_SUBCELL_EGF_2min_FR5_Rep1/	2min	FR5	Rep1	22.2818	0.389200	-0.001113	0.388087	588	0.000530
proteome	proteome/20200217_EXPL2_Evo1_AMV_SA_21m_DIA_Prot_HeLa_SUBCELL_EGF_2min_FR5_Rep2/	2min	FR5	Rep2	22.4931	0.177900	-0.003432	0.174468	588	0.000530
proteome	proteome/20200217_EXPL2_Evo1_AMV_SA_21m_DIA_Prot_HeLa_SUBCELL_EGF_2min_FR5_Rep3/	2min	FR5	Rep3	22.4100	0.261000	-0.008412	0.252588	588	0.000530
proteome	proteome/20200217_EXPL2_Evo1_AMV_SA_21m_DIA_Prot_HeLa_SUBCELL_EGF_2min_FR5_Rep4/	2min	FR5	Rep4	22.4669	0.204100	-0.010675	0.193425	588	0.000530
proteome	proteome/20200217_EXPL2_Evo1_AMV_SA_21m_DIA_Prot_HeLa_SUBCELL_EGF_8min_FR5_Rep1/	8min	FR5	Rep1	22.5312	0.139800	0.011762	0.151562	622	0.000539
proteome	proteome/20200217_EXPL2_Evo1_AMV_SA_21m_DIA_Prot_HeLa_SUBCELL_EGF_8min_FR5_Rep2/	8min	FR5	Rep2	22.5542	0.116800	-0.006309	0.110491	622	0.000539
proteome	proteome/20200217_EXPL2_Evo1_AMV_SA_21m_DIA_Prot_HeLa_SUBCELL_EGF_8min_FR5_Rep3/	8min	FR5	Rep3	22.4318	0.239200	-0.009267	0.229933	622	0.000539
proteome	proteome/20200217_EXPL2_Evo1_AMV_SA_21m_DIA_Prot_HeLa_SUBCELL_EGF_8min_FR5_Rep4/	8min	FR5	Rep4	22.3704	0.300600	-0.014775	0.285825	622	0.000539
proteome	proteome/20200217_EXPL2_Evo1_AMV_SA_21m_DIA_Prot_HeLa_SUBCELL_EGF_20min_FR5_Rep1/	20min	FR5	Rep1	22.4241	0.246900	-0.004254	0.242646	603	0.000515
proteome	proteome/20200217_EXPL2_Evo1_AMV_SA_21m_DIA_Prot_HeLa_SUBCELL_EGF_20min_FR5_Rep2/	20min	FR5	Rep2	22.3580	0.313000	0.001688	0.314688	603	0.000515
proteome	proteome/20200217_EXPL2_Evo1_AMV_SA_21m_DIA_Prot_HeLa_SUBCELL_EGF_20min_FR5_Rep3/	20min	FR5	Rep3	22.3213	0.349700	-0.001889	0.347811	603	0.000515
proteome	proteome/20200217_EXPL2_Evo1_AMV_SA_21m_DIA_Prot_HeLa_SUBCELL_EGF_20min_FR5_Rep4/	20min	FR5	Rep4	22.2502	0.420800	-0.000499	0.420301	603	0.000515
proteome	proteome/20200217_EXPL2_Evo1_AMV_SA_21m_DIA_Prot_HeLa_SUBCELL_EGF_90min_FR5_Rep1/	90min	FR5	Rep1	22.7107	-0.039700	-0.000342	-0.040042	603	0.000510
proteome	proteome/20200217_EXPL2_Evo1_AMV_SA_21m_DIA_Prot_HeLa_SUBCELL_EGF_90min_FR5_Rep2/	90min	FR5	Rep2	22.5401	0.130900	-0.001199	0.129701	603	0.000510
proteome	proteome/20200217_EXPL2_Evo1_AMV_SA_21m_DIA_Prot_HeLa_SUBCELL_EGF_90min_FR5_Rep3/	90min	FR5	Rep3	22.5099	0.161100	-0.006877	0.154223	603	0.000510
proteome	proteome/20200217_EXPL2_Evo1_AMV_SA_21m_DIA_Prot_HeLa_SUBCELL_EGF_90min_FR5_Rep4/	90min	FR5	Rep4	22.5033	0.167700	-0.000134	0.167566	603	0.000510
proteome	proteome/20200217_EXPL2_Evo1_AMV_SA_21m_DIA_Prot_HeLa_SUBCELL_EGF_CTRL_FR6_Rep1/	CTRL	FR6	Rep1	21.9134	0.757600	0.007659	0.765259	593	0.000530
proteome	proteome/20200217_EXPL2_Evo1_AMV_SA_21m_DIA_Prot_HeLa_SUBCELL_EGF_CTRL_FR6_Rep2/	CTRL	FR6	Rep2	22.2527	0.418300	-0.002690	0.415610	593	0.000530
proteome	proteome/20200217_EXPL2_Evo1_AMV_SA_21m_DIA_Prot_HeLa_SUBCELL_EGF_CTRL_FR6_Rep3/	CTRL	FR6	Rep3	21.9457	0.725300	0.010152	0.735452	593	0.000530
proteome	proteome/20200217_EXPL2_Evo1_AMV_SA_21m_DIA_Prot_HeLa_SUBCELL_EGF_CTRL_FR6_Rep4/	CTRL	FR6	Rep4	22.7412	-0.070200	0.001534	-0.068666	593	0.000530
proteome	proteome/20200217_EXPL2_Evo1_AMV_SA_21m_DIA_Prot_HeLa_SUBCELL_EGF_2min_FR6_Rep1/	2min	FR6	Rep1	21.7702	0.900800	0.011593	0.912393	494	0.000536
proteome	proteome/20200217_EXPL2_Evo1_AMV_SA_21m_DIA_Prot_HeLa_SUBCELL_EGF_2min_FR6_Rep2/	2min	FR6	Rep2	22.1372	0.533800	-0.014409	0.519391	494	0.000536
proteome	proteome/20200217_EXPL2_Evo1_AMV_SA_21m_DIA_Prot_HeLa_SUBCELL_EGF_2min_FR6_Rep3/	2min	FR6	Rep3	21.8335	0.837500	0.003798	0.841298	494	0.000536
proteome	proteome/20200217_EXPL2_Evo1_AMV_SA_21m_DIA_Prot_HeLa_SUBCELL_EGF_2min_FR6_Rep4/	2min	FR6	Rep4	22.0876	0.583400	0.010363	0.593763	494	0.000536
proteome	proteome/20200217_EXPL2_Evo1_AMV_SA_21m_DIA_Prot_HeLa_SUBCELL_EGF_8min_FR6_Rep1/	8min	FR6	Rep1	21.7567	0.914300	0.007263	0.921563	463	0.000524
proteome	proteome/20200217_EXPL2_Evo1_AMV_SA_21m_DIA_Prot_HeLa_SUBCELL_EGF_8min_FR6_Rep2/	8min	FR6	Rep2	21.9021	0.768900	-0.005261	0.763639	463	0.000524
proteome	proteome/20200217_EXPL2_Evo1_AMV_SA_21m_DIA_Prot_HeLa_SUBCELL_EGF_8min_FR6_Rep3/	8min	FR6	Rep3	21.9281	0.742900	0.009160	0.752060	463	0.000524
proteome	proteome/20200217_EXPL2_Evo1_AMV_SA_21m_DIA_Prot_HeLa_SUBCELL_EGF_8min_FR6_Rep4/	8min	FR6	Rep4	21.8763	0.794700	0.010491	0.805191	463	0.000524
proteome	proteome/20200217_EXPL2_Evo1_AMV_SA_21m_DIA_Prot_HeLa_SUBCELL_EGF_20min_FR6_Rep1/	20min	FR6	Rep1	21.9438	0.727200	0.000975	0.728175	529	0.000537
proteome	proteome/20200217_EXPL2_Evo1_AMV_SA_21m_DIA_Prot_HeLa_SUBCELL_EGF_20min_FR6_Rep2/	20min	FR6	Rep2	22.0495	0.621500	-0.000628	0.620872	529	0.000537
proteome	proteome/20200217_EXPL2_Evo1_AMV_SA_21m_DIA_Prot_HeLa_SUBCELL_EGF_20min_FR6_Rep3/	20min	FR6	Rep3	21.9912	0.679800	-0.000256	0.679544	529	0.000537
proteome	proteome/20200217_EXPL2_Evo1_AMV_SA_21m_DIA_Prot_HeLa_SUBCELL_EGF_20min_FR6_Rep4/	20min	FR6	Rep4	21.8602	0.810800	0.015344	0.826144	529	0.000537
proteome	proteome/20200217_EXPL2_Evo1_AMV_SA_21m_DIA_Prot_HeLa_SUBCELL_EGF_90min_FR6_Rep1/	90min	FR6	Rep1	22.0147	0.656300	0.009351	0.665651	567	0.000543
proteome	proteome/20200217_EXPL2_Evo1_AMV_SA_21m_DIA_Prot_HeLa_SUBCELL_EGF_90min_FR6_Rep2/	90min	FR6	Rep2	22.0607	0.610300	0.004447	0.614747	567	0.000543
proteome	proteome/20200217_EXPL2_Evo1_AMV_SA_21m_DIA_Prot_HeLa_SUBCELL_EGF_90min_FR6_Rep3/	90min	FR6	Rep3	22.2506	0.420400	0.002498	0.422898	567	0.000543
proteome	proteome/20200217_EXPL2_Evo1_AMV_SA_21m_DIA_Prot_HeLa_SUBCELL_EGF_90min_FR6_Rep4/	90min	FR6	Rep4	21.9666	0.704400	0.009812	0.714212	567	0.000543
