version	step	condition	scope	n_rows	n_sites	n_proteins	n_proteins_with_abundance	protein_abundance_median	site_log2int_CTRL_median
A	1	全部	all	39813	18268	4996	3356	25.2682	19.6160
A	1	全部	FR1	7410	7410	2651	2128	25.2615	19.6105
A	1	全部	FR2	7882	7882	2766	2285	25.2052	19.5565
A	1	全部	FR3	4780	4780	2159	1944	25.2641	19.6720
A	1	全部	FR4	7017	7017	2816	2355	25.1718	19.6705
A	1	全部	FR5	7233	7233	2384	2041	25.2006	19.6150
A	1	全部	FR6	5491	5491	2026	1799	25.1347	19.5795
A	2	行满足 c2	all	14963	6861	2880	2731	25.2648	19.7100
A	2	行满足 c2	FR1	2761	2761	1453	1393	25.2536	19.6590
A	2	行满足 c2	FR2	3324	3324	1634	1594	25.2227	19.6680
A	2	行满足 c2	FR3	1503	1503	945	929	25.3363	19.7770
A	2	行满足 c2	FR4	2462	2462	1344	1295	25.2430	19.8215
A	2	行满足 c2	FR5	2833	2833	1267	1239	25.1762	19.7000
A	2	行满足 c2	FR6	2080	2080	1024	1011	25.3362	19.6960
A	3	行满足 c2&c3；位点 ∈ S3	all	13277	6502	2625	2625	25.3943	19.9000
A	3	行满足 c2&c3；位点 ∈ S3	FR1	2378	2378	1170	1170	25.6473	19.8900
A	3	行满足 c2&c3；位点 ∈ S3	FR2	3037	3037	1410	1410	25.5243	19.8440
A	3	行满足 c2&c3；位点 ∈ S3	FR3	1229	1229	722	722	25.9322	19.9880
A	3	行满足 c2&c3；位点 ∈ S3	FR4	2068	2068	1041	1041	25.7390	20.1185
A	3	行满足 c2&c3；位点 ∈ S3	FR5	2662	2662	1121	1121	25.3998	19.8230
A	3	行满足 c2&c3；位点 ∈ S3	FR6	1903	1903	878	878	25.6770	19.8580
A	4	行满足 c2&c3；位点 ∈ S3 ∩ c4	all	9948	3173	1524	1524	25.5272	20.2140
A	4	行满足 c2&c3；位点 ∈ S3 ∩ c4	FR1	1524	1524	844	844	25.7119	20.3030
A	4	行满足 c2&c3；位点 ∈ S3 ∩ c4	FR2	2271	2271	1157	1157	25.5404	20.2630
A	4	行满足 c2&c3；位点 ∈ S3 ∩ c4	FR3	1143	1143	683	683	25.9268	20.0500
A	4	行满足 c2&c3；位点 ∈ S3 ∩ c4	FR4	1422	1422	764	764	25.8480	20.4215
A	4	行满足 c2&c3；位点 ∈ S3 ∩ c4	FR5	1973	1973	943	943	25.5573	20.2560
A	4	行满足 c2&c3；位点 ∈ S3 ∩ c4	FR6	1615	1615	808	808	25.7089	19.9870
A	5	行满足 c2&c3；位点 ∈ ④剩余 ∩ c5	all	8394	2657	1008	1008	25.4287	20.2775
A	5	行满足 c2&c3；位点 ∈ ④剩余 ∩ c5	FR1	1262	1262	582	582	25.6319	20.3310
A	5	行满足 c2&c3；位点 ∈ ④剩余 ∩ c5	FR2	1910	1910	796	796	25.5346	20.3090
A	5	行满足 c2&c3；位点 ∈ ④剩余 ∩ c5	FR3	956	956	496	496	25.9011	20.0735
A	5	行满足 c2&c3；位点 ∈ ④剩余 ∩ c5	FR4	1183	1183	525	525	25.8151	20.5130
A	5	行满足 c2&c3；位点 ∈ ④剩余 ∩ c5	FR5	1694	1694	664	664	25.5652	20.3110
A	5	行满足 c2&c3；位点 ∈ ④剩余 ∩ c5	FR6	1389	1389	582	582	25.6892	20.0680
A	6	行满足 c2&c3；位点 ∈ ⑤剩余 ∩ c6	all	6235	1977	662	662	25.5872	20.2560
A	6	行满足 c2&c3；位点 ∈ ⑤剩余 ∩ c6	FR1	903	903	382	382	25.8696	20.2270
A	6	行满足 c2&c3；位点 ∈ ⑤剩余 ∩ c6	FR2	1399	1399	527	527	25.7132	20.2630
A	6	行满足 c2&c3；位点 ∈ ⑤剩余 ∩ c6	FR3	691	691	334	334	26.0759	20.0550
A	6	行满足 c2&c3；位点 ∈ ⑤剩余 ∩ c6	FR4	879	879	343	343	25.9462	20.5350
A	6	行满足 c2&c3；位点 ∈ ⑤剩余 ∩ c6	FR5	1285	1285	447	447	25.7417	20.3600
A	6	行满足 c2&c3；位点 ∈ ⑤剩余 ∩ c6	FR6	1078	1078	404	404	25.8289	20.0750
A	ctrl_c	宽口径：任一 log2occ_* 非空	all	20333	9962	3252	3062	25.3254	19.7620
A	ctrl_c	宽口径：任一 log2occ_* 非空	FR1	3806	3806	1526	1475	25.6209	19.7610
A	ctrl_c	宽口径：任一 log2occ_* 非空	FR2	4423	4423	1790	1744	25.4372	19.6660
A	ctrl_c	宽口径：任一 log2occ_* 非空	FR3	1935	1935	987	975	25.8534	19.8530
A	ctrl_c	宽口径：任一 log2occ_* 非空	FR4	3196	3196	1397	1338	25.6349	19.8930
A	ctrl_c	宽口径：任一 log2occ_* 非空	FR5	4085	4085	1410	1379	25.3943	19.7270
A	ctrl_c	宽口径：任一 log2occ_* 非空	FR6	2888	2888	1148	1135	25.5560	19.7155
A	ctrl_d	全表中 10 个数值列（log2occ_*、log2int_*）全空	all	16854	12809	4358	2914	25.2615	无
A	ctrl_d	全表中 10 个数值列（log2occ_*、log2int_*）全空	FR1	2921	2921	1661	1257	25.3587	无
A	ctrl_d	全表中 10 个数值列（log2occ_*、log2int_*）全空	FR2	3057	3057	1725	1340	25.3701	无
A	ctrl_d	全表中 10 个数值列（log2occ_*、log2int_*）全空	FR3	2390	2390	1469	1293	25.3767	无
A	ctrl_d	全表中 10 个数值列（log2occ_*、log2int_*）全空	FR4	3288	3288	1936	1568	25.2136	无
A	ctrl_d	全表中 10 个数值列（log2occ_*、log2int_*）全空	FR5	2861	2861	1593	1317	25.2741	无
A	ctrl_d	全表中 10 个数值列（log2occ_*、log2int_*）全空	FR6	2337	2337	1321	1124	25.1167	无
B	1	全部	all	39813	18268	4996	3356	25.2682	19.6160
B	1	全部	FR1	7410	7410	2651	2128	25.2615	19.6105
B	1	全部	FR2	7882	7882	2766	2285	25.2052	19.5565
B	1	全部	FR3	4780	4780	2159	1944	25.2641	19.6720
B	1	全部	FR4	7017	7017	2816	2355	25.1718	19.6705
B	1	全部	FR5	7233	7233	2384	2041	25.2006	19.6150
B	1	全部	FR6	5491	5491	2026	1799	25.1347	19.5795
B	2	行满足 c2	all	14963	6861	2880	2731	25.2648	19.7100
B	2	行满足 c2	FR1	2761	2761	1453	1393	25.2536	19.6590
B	2	行满足 c2	FR2	3324	3324	1634	1594	25.2227	19.6680
B	2	行满足 c2	FR3	1503	1503	945	929	25.3363	19.7770
B	2	行满足 c2	FR4	2462	2462	1344	1295	25.2430	19.8215
B	2	行满足 c2	FR5	2833	2833	1267	1239	25.1762	19.7000
B	2	行满足 c2	FR6	2080	2080	1024	1011	25.3362	19.6960
B	3	行满足 c2&c3；位点 ∈ S3	all	13277	6502	2625	2625	25.3943	19.9000
B	3	行满足 c2&c3；位点 ∈ S3	FR1	2378	2378	1170	1170	25.6473	19.8900
B	3	行满足 c2&c3；位点 ∈ S3	FR2	3037	3037	1410	1410	25.5243	19.8440
B	3	行满足 c2&c3；位点 ∈ S3	FR3	1229	1229	722	722	25.9322	19.9880
B	3	行满足 c2&c3；位点 ∈ S3	FR4	2068	2068	1041	1041	25.7390	20.1185
B	3	行满足 c2&c3；位点 ∈ S3	FR5	2662	2662	1121	1121	25.3998	19.8230
B	3	行满足 c2&c3；位点 ∈ S3	FR6	1903	1903	878	878	25.6770	19.8580
B	5	行满足 c2&c3；位点 ∈ ③剩余 ∩ c5	all	10965	5228	1351	1351	25.3466	19.9830
B	5	行满足 c2&c3；位点 ∈ ③剩余 ∩ c5	FR1	1904	1904	696	696	25.5675	20.0235
B	5	行满足 c2&c3；位点 ∈ ③剩余 ∩ c5	FR2	2515	2515	888	888	25.5436	19.9230
B	5	行满足 c2&c3；位点 ∈ ③剩余 ∩ c5	FR3	1018	1018	511	511	25.9338	20.0180
B	5	行满足 c2&c3；位点 ∈ ③剩余 ∩ c5	FR4	1629	1629	602	602	25.6862	20.2130
B	5	行满足 c2&c3；位点 ∈ ③剩余 ∩ c5	FR5	2268	2268	727	727	25.4959	19.8750
B	5	行满足 c2&c3；位点 ∈ ③剩余 ∩ c5	FR6	1631	1631	606	606	25.6935	19.9080
B	6	行满足 c2&c3；位点 ∈ ⑤剩余 ∩ c6	all	8152	3894	835	835	25.5289	19.9750
B	6	行满足 c2&c3；位点 ∈ ⑤剩余 ∩ c6	FR1	1338	1338	439	439	25.7776	19.9315
B	6	行满足 c2&c3；位点 ∈ ⑤剩余 ∩ c6	FR2	1848	1848	576	576	25.7231	19.8660
B	6	行满足 c2&c3；位点 ∈ ⑤剩余 ∩ c6	FR3	725	725	338	338	26.0831	20.0090
B	6	行满足 c2&c3；位点 ∈ ⑤剩余 ∩ c6	FR4	1211	1211	384	384	25.8752	20.2130
B	6	行满足 c2&c3；位点 ∈ ⑤剩余 ∩ c6	FR5	1763	1763	485	485	25.6235	19.9090
B	6	行满足 c2&c3；位点 ∈ ⑤剩余 ∩ c6	FR6	1267	1267	415	415	25.8353	19.9590
