protein	n_ctrl_runs_with_denom	abundance_median_log2
A0AVT1	1	26.6875
A0FGR8	12	26.8718
A0JLT2	8	23.7510
A0JNW5	9	21.9880
A0MZ66	12	26.6477
A1A4S6	9	20.7918
A1L170	7	21.1736
A1L390	11	22.1062
A1X283	12	24.8705
A2AJT9	3	22.7248
A2RU67	1	23.7702
A3KN83	2	27.2693
A4FU49	1	23.9728
A5A3E0	2	34.3484
A5YKK6	1	31.1409
A6H8Y1	5	24.2034
A6ND36	5	21.6071
A6NFI3	3	19.5821
A6NI28	3	23.8071
A6NKD9	1	25.4485
A6NKF1	4	23.9799
A6NMY6	14	32.4372
A7E2V4	9	23.3499
A7KAX9	1	19.7216
A8CG34	13	23.9559
B2RBV5	1	23.5384
B2RUZ4	1	21.9431
O00116	7	30.3759
O00139	17	25.1347
O00148	2	31.0589
O00151	5	27.2265
O00159	4	29.4848
O00161	5	27.9060
O00178	12	25.3976
O00186	2	29.0677
O00193	11	26.1210
O00203	19	27.1273
O00220	1	26.5335
O00221	1	21.2643
O00231	15	29.5846
O00233	3	25.6197
O00255	11	24.4476
O00257	7	24.4468
O00264	8	28.4478
O00267	18	27.1106
O00273	12	26.5122
O00303	13	28.8755
O00308	8	23.9514
O00330	2	28.6150
O00401	13	25.5442
O00410	2	29.3332
O00418	6	25.0895
O00425	1	29.7441
O00429	20	25.3513
O00443	9	27.0022
O00458	1	26.0688
O00459	11	25.3210
O00470	5	25.4484
O00472	1	22.5321
O00499	16	27.2046
O00506	17	27.3521
O00512	9	22.9142
O00559	1	21.6742
O00562	15	22.6037
O00567	7	29.5720
O00592	2	23.8044
O00629	4	26.8110
O00712	18	23.7599
O00764	1	22.1629
O00767	3	28.4776
O14495	1	24.1246
O14497	15	23.4233
O14523	2	21.3345
O14530	5	25.1840
O14545	13	21.3099
O14578	5	26.4893
O14579	7	28.7116
O14617	11	28.0183
O14639	20	23.9422
O14640	1	23.1273
O14646	15	27.1015
O14647	8	23.7939
O14662	3	26.8946
O14681	5	25.3240
O14686	18	22.2683
O14730	1	22.5932
O14733	1	25.8425
O14734	1	24.9980
O14745	20	28.8523
O14757	16	24.8931
O14828	8	27.7432
O14874	3	24.4989
O14907	3	27.0489
O14908	2	27.3133
O14917	7	23.7776
O14920	8	25.5571
O14929	1	28.4747
O14936	3	25.8236
O14950	9	27.9333
O14974	8	26.7995
O14975	2	27.8308
O14979	8	31.5080
O14980	3	31.3631
O15013	5	25.7420
O15014	10	22.2109
O15020	12	28.9652
O15027	24	26.7142
O15037	6	22.4974
O15042	15	27.4255
O15047	8	24.8163
O15049	4	22.2244
O15054	1	23.7134
O15056	10	22.6675
O15061	5	28.4119
O15062	1	20.9539
O15063	3	22.0239
O15067	6	29.8071
O15068	17	22.9789
O15083	12	24.4548
O15084	1	24.4159
O15085	12	21.8700
O15119	1	21.6089
O15127	3	26.2935
O15155	4	21.1310
O15164	18	25.2952
O15173	7	28.5008
O15213	5	27.9243
O15226	6	28.4524
O15228	1	28.1723
O15231	1	18.6681
O15234	12	23.7872
O15258	14	24.7603
O15294	11	27.8012
O15344	2	26.5257
O15355	4	29.1148
O15357	12	28.1452
O15372	12	28.2491
O15400	3	27.5643
O15409	6	24.7341
O15417	8	25.3466
O15427	16	25.0998
O15438	2	24.5457
O15439	10	23.4414
O15440	6	23.4802
O15446	14	23.6259
O15504	2	27.1075
O15530	10	24.1923
O15534	4	19.9752
O15541	7	23.3699
O15550	2	21.2905
O43149	13	22.3112
O43156	4	25.8598
O43159	6	27.4742
O43164	8	22.3408
O43166	10	26.9238
O43169	3	29.6234
O43175	2	31.7826
O43237	15	26.2661
O43293	5	25.0524
O43303	3	21.7170
O43306	2	21.0204
O43314	12	25.7051
O43318	11	24.1964
O43353	8	23.2504
O43379	8	23.3352
O43395	2	28.5971
O43399	18	28.3835
O43426	11	23.4488
O43432	24	24.8847
O43439	1	21.7253
O43463	8	23.6089
O43482	7	21.5497
O43491	23	27.1549
O43493	3	21.9163
O43521	2	20.7466
O43524	3	21.5439
O43572	5	24.3168
O43583	15	23.9752
O43598	6	24.5767
O43633	4	21.6983
O43660	4	27.3499
O43663	1	26.6411
O43683	9	22.7474
O43684	1	29.8632
O43688	3	23.3725
O43707	16	33.1343
O43719	9	26.1271
O43741	2	21.6640
O43752	1	26.9309
O43765	16	26.0822
O43768	8	26.6368
O43772	2	26.2491
O43776	1	27.6747
O43791	6	25.7096
O43815	2	27.3890
O43822	2	22.1390
O43824	5	26.3187
O43847	15	27.3685
O43852	7	31.1872
O43865	2	27.1353
O43896	14	24.6346
O43933	16	22.8095
O60231	5	28.6027
O60232	6	24.5599
O60239	3	21.5362
O60244	6	27.2569
O60245	15	22.6222
O60256	15	26.4150
O60266	1	21.8481
O60271	12	25.6526
O60292	7	24.8825
O60293	13	24.8539
O60296	1	19.4518
O60307	5	21.5787
O60318	8	26.3247
O60333	7	25.7577
O60341	24	26.8386
O60343	15	26.5276
O60353	2	21.6874
O60488	1	28.6055
O60499	3	27.9722
O60503	6	24.2913
O60506	1	31.6823
O60508	8	27.2649
O60524	11	25.8399
O60566	11	25.5816
O60583	8	20.4204
O60610	8	29.6359
O60658	4	22.8164
O60664	8	30.3329
O60669	1	23.8300
O60675	1	25.0544
O60684	8	27.3367
O60701	5	30.2728
O60716	19	27.0582
O60749	13	28.7587
O60762	15	27.4399
O60763	5	29.5212
O60784	13	23.7585
O60812	1	31.5257
O60825	10	25.3116
O60828	1	19.0358
O60832	18	26.7514
O60841	24	27.7184
O60885	9	25.2006
O60927	6	22.8237
O60930	10	23.3240
O60934	15	25.5523
O60941	2	23.5358
O75030	2	22.9206
O75044	1	24.8487
O75052	1	20.5508
O75096	3	22.7473
O75113	5	21.2773
O75122	7	26.3166
O75128	14	23.9696
O75140	4	24.9298
O75145	6	21.4481
O75151	5	24.9799
O75152	13	26.5253
O75153	10	28.5271
O75154	1	20.6389
O75170	6	24.0075
O75175	10	25.5560
O75179	24	27.5711
O75182	4	25.9122
O75190	2	21.7922
O75208	1	26.3785
O75351	3	27.6247
O75362	9	24.2961
O75367	8	31.0242
O75369	15	31.7847
O75376	24	25.2430
O75379	1	23.4215
O75381	4	26.0786
O75382	10	23.9192
O75385	14	22.1574
O75391	6	27.1991
O75396	20	27.9638
O75400	8	28.1675
O75410	4	27.6948
O75420	5	21.6998
O75427	8	22.8984
O75436	15	28.2168
O75448	11	25.4596
O75449	1	23.5437
O75475	21	25.9317
O75486	3	23.1087
O75494	7	29.1164
O75521	2	30.4807
O75533	10	30.2313
O75569	11	24.0930
O75581	2	22.8835
O75592	22	25.8272
O75607	2	23.9853
O75616	4	27.6567
O75643	6	30.7403
O75665	5	25.6971
O75674	15	25.1407
O75676	14	25.5243
O75683	7	23.8954
O75691	8	29.8396
O75694	22	28.6264
O75717	13	26.5353
O75718	3	29.9948
O75792	3	28.1763
O75815	7	21.5380
O75821	19	28.2740
O75822	17	27.9174
O75886	3	26.4774
O75909	17	23.8614
O75925	15	23.8761
O75928	4	22.1606
O75940	4	24.8708
O75955	3	29.8318
O75962	15	26.4877
O75970	24	24.2563
O76021	23	26.6282
O76031	2	29.9768
O76070	2	28.1731
O76094	22	26.6780
O94761	2	20.8988
O94762	4	23.9552
O94763	8	26.9517
O94776	20	26.5449
O94782	9	23.4962
O94804	14	23.9782
O94806	13	20.0570
O94826	14	27.1157
O94842	6	26.4659
O94850	2	20.9837
O94854	4	25.4734
O94855	8	27.7730
O94864	3	23.8495
O94868	7	21.3309
O94875	5	25.2359
O94876	6	23.1788
O94880	7	25.2061
O94888	14	26.1205
O94901	1	28.3675
O94906	8	29.2954
O94913	8	26.4780
O94915	15	25.8779
O94916	1	24.8521
O94929	3	21.9025
O94953	3	24.0338
O94955	1	22.7407
O94967	1	23.4536
O94979	24	27.5917
O94986	4	22.9141
O94991	3	23.2239
O95049	1	18.2326
O95067	5	25.1938
O95071	11	27.8794
O95104	9	26.5405
O95139	2	27.2445
O95155	15	27.3250
O95163	7	28.7863
O95197	7	25.0246
O95208	14	23.7830
O95210	4	25.3988
O95218	16	22.5024
O95219	8	25.8535
O95232	3	26.6397
O95235	12	26.0970
O95239	13	28.1828
O95243	4	26.8976
O95248	1	25.3018
O95251	8	24.8999
O95260	1	24.5031
O95292	7	28.7517
O95295	11	24.7563
O95297	12	23.6700
O95359	12	24.4966
O95361	2	27.8346
O95365	11	21.9414
O95376	2	25.4772
O95391	8	24.3230
O95394	7	26.9107
O95396	1	24.3829
O95400	8	26.9863
O95402	6	21.9086
O95425	11	24.8759
O95429	1	24.3084
O95453	24	25.2683
O95466	16	25.7329
O95476	1	20.9867
O95487	3	27.2419
O95544	1	19.9911
O95562	2	22.8905
O95573	5	29.5319
O95613	6	26.1481
O95628	13	22.7884
O95639	7	25.1883
O95671	6	25.1561
O95674	2	21.0679
O95677	15	22.5208
O95678	3	27.2436
O95684	16	23.8050
O95685	1	23.3680
O95696	5	22.6518
O95714	3	26.7148
O95747	5	27.6221
O95757	1	30.1812
O95772	3	23.7734
O95785	12	24.1207
O95816	18	27.8760
O95817	24	25.5623
O95819	18	23.9652
O95831	1	31.1119
O95835	10	20.3058
O95857	1	19.8158
O95873	2	21.7155
O95997	17	23.1128
O95999	6	25.6384
O96007	8	26.3358
O96013	13	24.5318
O96018	6	20.3127
O96019	9	28.1375
O96020	2	21.7627
O96028	1	26.1855
P00338	5	33.4420
P00441	1	29.3097
P00505	1	32.0321
P00519	9	22.3376
P00533	19	24.8586
P00558	11	31.9520
P00966	7	31.0019
P01024	1	25.0700
P01100	2	25.2303
P01106	7	23.3284
P02452	2	21.1610
P02533	2	27.1489
P02545	24	29.6167
P02686	3	21.6212
P04040	2	32.4558
P04049	16	23.6971
P04075	7	33.6884
P04083	1	32.1351
P04150	10	25.2884
P04183	9	24.9372
P04264	1	31.8748
P04350	3	33.4861
P04406	10	35.0922
P04439	3	28.8286
P04626	1	21.1369
P04792	24	27.9910
P04844	1	25.3835
P04920	7	25.9957
P05023	4	32.3331
P05108	1	20.7245
P05141	1	34.4531
P05186	16	28.7462
P05187	6	27.2468
P05362	1	22.9410
P05387	18	31.3578
P05388	3	33.0715
P05412	7	22.8972
P05455	17	29.7289
P05556	13	26.4307
P05783	24	30.5431
P05787	17	31.5500
P06241	8	26.2587
P06400	10	20.5383
P06454	8	24.7423
P06493	21	29.0828
P06733	4	35.1769
P06744	9	32.5624
P06748	24	31.8732
P07199	8	25.3767
P07711	3	27.1721
P07741	4	30.1393
P07814	24	29.2236
P07900	7	35.1717
P07910	11	32.2743
P07942	1	29.7309
P07948	14	25.3977
P08047	7	22.9205
P08195	6	31.9621
P08237	8	29.4091
P08238	18	32.7489
P08397	1	25.6983
P08559	10	27.1270
P08581	9	25.2574
P08603	1	24.3006
P08621	20	26.8557
P08651	22	21.9347
P08670	22	30.3577
P08708	14	28.6530
P08729	11	31.5617
P09382	5	28.4105
P09429	7	30.5922
P09601	7	26.5434
P09603	1	19.9713
P09651	24	31.2787
P09661	13	28.6982
P09874	5	33.2720
P09884	16	27.1305
P09923	12	28.9480
P0C1Z6	6	22.8925
P0C7T5	7	22.2166
P0CAP2	7	23.3746
P0CG47	4	29.5579
P0DMV8	7	33.4714
P0DP23	3	31.1708
P0DP91	9	21.8108
P0DPB5	1	21.1891
P0DPH7	15	31.0058
P10074	1	20.9594
P10155	14	27.6945
P10244	6	23.3148
P10301	5	26.5220
P10398	7	25.3632
P10412	24	28.8473
P10586	2	26.8098
P10636	10	23.8541
P10644	23	25.5063
P10768	2	27.9128
P10809	20	32.7765
P10909	1	32.2701
P11021	1	30.4898
P11137	4	22.3251
P11142	7	33.5892
P11166	2	29.4581
P11171	13	24.9313
P11172	9	27.7781
P11274	15	23.4982
P11387	11	26.5043
P11388	23	27.7171
P11413	1	30.6175
P11441	1	25.0936
P11532	20	23.1230
P11586	1	26.0973
P11717	2	28.4761
P11940	5	29.7416
P12268	8	29.8426
P12270	24	28.8864
P12277	6	32.3277
P12694	4	25.8135
P12931	11	23.6849
P12956	5	32.8123
P13010	1	33.0679
P13051	18	23.8005
P13056	2	21.2344
P13639	10	32.5465
P13645	2	27.8749
P13674	1	27.7088
P13798	6	27.8517
P13807	19	26.7515
P13861	23	26.9863
P13994	2	23.1095
P14209	6	21.8020
P14618	10	33.6054
P14625	1	35.8786
P14859	5	25.0163
P14866	9	30.3424
P14868	4	27.5700
P14923	6	28.1730
P15056	2	20.9197
P15151	4	24.8561
P15260	1	24.3656
P15291	19	26.1876
P15311	3	32.4021
P15374	6	28.3621
P15408	7	23.9924
P15531	6	32.0205
P15586	1	28.1388
P15822	11	21.0621
P15880	9	30.4136
P15923	12	23.0194
P15924	16	28.0061
P16070	23	27.7144
P16152	1	30.7410
P16157	3	20.6937
P16220	3	24.5712
P16333	9	25.1155
P16383	3	25.1030
P16401	24	26.5830
P16403	5	22.3989
P16435	2	32.8332
P16591	8	24.6876
P16615	5	31.1712
P16949	19	26.0049
P16989	14	28.3241
P17029	6	20.2836
P17096	14	28.2174
P17152	1	26.3183
P17181	1	21.2103
P17252	9	26.5069
P17275	3	24.0966
P17302	5	23.9013
P17535	2	22.7700
P17544	15	26.3910
P17612	7	26.0129
P17706	23	25.4168
P17812	18	26.4563
P17844	5	32.8920
P17980	19	29.5269
P17987	6	31.2714
P18031	14	26.1999
P18124	1	29.5620
P18206	6	30.8100
P18433	3	23.9746
P18583	17	24.1548
P18615	24	25.2018
P18621	3	26.3953
P18669	8	29.4021
P18754	9	30.0149
P18846	8	23.8224
P18850	3	24.3633
P18858	15	27.0999
P18887	9	27.4138
P19021	4	23.5306
P19174	6	27.0581
P19338	24	31.1156
P19419	3	20.2929
P19474	1	23.0885
P19484	6	21.6145
P19525	7	28.5651
P19532	2	20.3610
P19634	3	23.5975
P19793	10	25.5309
P19838	12	24.3840
P20020	16	26.3987
P20042	23	26.4072
P20290	1	30.1272
P20336	2	24.8562
P20340	10	27.3421
P20393	2	20.6268
P20618	3	28.9957
P20700	24	25.9268
P20749	13	21.8741
P20810	3	27.7247
P20962	10	26.7516
P21127	22	26.6763
P21291	17	27.1049
P21333	24	31.7595
P21359	16	24.4343
P21675	1	24.4255
P21731	8	23.5906
P21796	14	28.9942
P22059	17	26.0540
P22102	4	30.1616
P22234	13	29.2494
P22307	1	30.6866
P22314	9	31.7758
P22455	7	22.2866
P22466	7	23.3130
P22626	18	31.3956
P22670	16	24.7687
P22681	4	23.8707
P22736	14	24.4202
P23193	17	26.2064
P23246	4	30.6697
P23258	4	29.5687
P23396	24	30.5580
P23443	3	24.5051
P23497	5	25.9244
P23508	1	21.5780
P23511	1	21.3976
P23528	24	29.7402
P23588	23	25.5682
P23921	2	30.2175
P24534	4	33.0666
P24864	6	25.3940
P24928	17	26.8645
P24941	2	29.0490
P25054	17	24.6190
P25398	1	27.6526
P25440	13	24.1629
P25445	1	22.9888
P25705	1	34.2063
P25786	1	29.0686
P25787	8	29.2540
P25788	1	28.9678
P25789	2	27.1668
P26006	3	28.5546
P26038	2	29.4107
P26232	1	25.0069
P26358	15	28.8146
P26368	21	28.3349
P26583	1	24.6186
P26599	4	30.3125
P26639	3	31.6880
P26640	1	25.8323
P26641	8	32.3091
P27348	2	31.4627
P27361	12	24.6782
P27448	15	25.4688
P27540	2	22.5436
P27694	2	29.6002
P27695	1	28.4800
P27708	20	28.6571
P27816	20	30.3120
P27824	24	27.3723
P28066	7	30.6489
P28288	1	28.9403
P28290	19	26.3242
P28370	11	26.1531
P28482	14	25.1169
P28715	23	24.5783
P28827	1	25.3242
P29317	10	22.6108
P29320	1	21.9490
P29353	11	25.0674
P29372	4	27.7873
P29374	1	24.9383
P29375	5	25.3701
P29401	7	32.2756
P29590	11	22.3734
P29597	4	22.4169
P29692	24	28.9707
P29966	21	28.3673
P30050	23	30.6034
P30086	6	30.1316
P30154	1	25.7557
P30281	1	18.9911
P30291	9	22.3270
P30305	4	21.7992
P30307	4	24.1171
P30414	8	24.0983
P30419	18	27.4023
P30520	1	29.3580
P30530	5	24.8355
P30566	8	28.1968
P30622	21	27.7420
P31040	4	32.2996
P31321	17	23.2397
P31327	4	36.4556
P31350	18	25.7047
P31689	22	28.9590
P31749	7	25.7341
P31751	1	24.3409
P31942	2	29.6539
P31943	24	29.1474
P31948	1	32.9106
P31949	3	27.7103
P32004	6	28.6600
P32519	4	23.3730
P32780	2	27.4039
P33176	16	29.1347
P33316	4	25.8801
P33527	5	26.7696
P33897	2	28.4057
P33981	18	25.2457
P33991	14	29.5129
P33993	7	29.5600
P34932	9	31.3556
P35222	24	26.0839
P35232	1	30.9307
P35240	2	23.5795
P35251	12	26.9598
P35268	1	28.7661
P35269	10	26.5841
P35270	1	27.7299
P35579	12	32.2811
P35606	24	27.6831
P35611	20	25.4709
P35613	11	27.1706
P35658	24	27.0676
P35659	11	29.4861
P36404	2	27.5317
P36405	1	27.9537
P36507	16	24.3986
P36542	2	30.7020
P36578	18	31.0020
P36871	13	27.1911
P36915	10	26.2749
P36956	1	23.6489
P37108	1	30.0167
P37275	10	22.5401
P37287	1	27.3174
P37802	5	32.6561
P37837	6	30.4190
P37840	2	26.3419
P38159	23	27.0523
P38398	6	21.7043
P38432	12	27.1296
P38646	3	35.4373
P38919	21	30.2093
P38935	1	22.5549
P38936	4	19.4590
P39023	1	29.3137
P39748	2	25.7582
P39880	8	25.2462
P40121	2	28.4653
P40189	4	24.3607
P40222	12	26.0284
P40425	8	24.7424
P40692	1	27.8024
P40763	3	26.2370
P40818	12	26.3840
P40855	17	25.6464
P40939	4	31.4209
P41162	8	22.3900
P41214	4	28.0408
P41227	9	26.8390
P41229	14	22.8416
P41236	3	26.3639
P41252	14	30.3681
P41279	2	23.1634
P41440	3	21.7321
P41743	5	26.8447
P41970	2	20.0545
P42166	23	29.4127
P42167	17	26.1899
P42224	9	29.5871
P42345	9	26.5596
P42356	8	25.3488
P42566	23	25.3368
P42568	6	21.7029
P42575	1	19.6449
P42677	15	28.7957
P42679	3	23.0329
P42684	10	22.1463
P42694	15	24.1226
P42695	12	27.4169
P42696	9	27.2379
P42702	3	22.9715
P42704	3	33.9529
P42771	2	29.0159
P42858	8	26.4426
P43003	5	28.2190
P43007	4	24.5304
P43121	3	30.1629
P43243	8	32.4395
P43307	9	29.6515
P43354	1	20.9040
P45880	12	27.9301
P45973	2	30.7885
P45974	8	29.3553
P46013	19	25.8754
P46019	8	24.5829
P46020	3	22.7780
P46063	1	30.0573
P46087	22	25.3998
P46100	21	25.2741
P46108	9	26.8840
P46379	22	27.7299
P46459	6	29.3695
P46782	3	30.7021
P46783	6	29.5064
P46821	3	22.3882
P46937	21	24.1701
P46939	4	25.7471
P46940	13	30.4715
P47712	13	28.7454
P47736	2	19.6384
P47755	2	28.1047
P47914	7	28.4999
P47974	1	21.9514
P48029	1	24.0605
P48382	8	25.1508
P48436	1	22.7564
P48444	1	31.5423
P48506	1	26.6010
P48552	2	20.4793
P48553	2	21.7073
P48634	23	25.8353
P48637	1	28.1377
P48681	15	24.7679
P48729	1	26.4085
P48730	6	26.7137
P48960	14	26.4635
P49005	5	25.8793
P49006	20	25.3453
P49023	12	23.6531
P49116	8	23.0805
P49189	1	27.6073
P49207	2	25.9011
P49247	1	26.3516
P49321	11	28.8635
P49327	12	32.6431
P49354	6	26.7227
P49411	1	33.3208
P49454	15	25.8307
P49585	10	25.8319
P49589	3	28.3482
P49590	10	26.6277
P49674	6	23.1573
P49716	1	23.0632
P49736	24	29.2690
P49748	1	30.6806
P49750	6	28.9249
P49756	18	26.3414
P49757	5	22.8214
P49759	2	25.0382
P49761	11	24.7119
P49768	6	24.2473
P49790	16	26.1357
P49792	24	28.5164
P49810	4	23.0574
P49815	11	25.1333
P49840	13	25.0409
P49841	6	25.5741
P49848	8	25.9939
P49903	1	26.3910
P49915	8	29.1063
P49916	17	27.2081
P49918	1	22.9001
P50395	8	31.2068
P50402	17	26.6729
P50548	9	21.6325
P50613	16	26.5801
P50750	2	26.5278
P50851	13	28.6709
P50914	4	30.0735
P50991	1	31.2546
P51003	18	26.8212
P51114	11	28.4228
P51116	20	25.4386
P51148	3	29.6185
P51149	11	28.9631
P51151	3	29.2598
P51397	14	23.6673
P51532	12	26.8588
P51580	2	26.1884
P51587	3	25.1712
P51608	5	20.9376
P51610	24	25.2150
P51617	5	25.2764
P51659	4	32.1244
P51692	8	25.5687
P51788	3	23.0446
P51812	21	27.0903
P51825	5	25.3271
P51858	24	26.0891
P51948	1	23.7575
P51957	3	21.1823
P51965	8	22.3666
P51991	7	29.5905
P52209	1	31.5488
P52272	10	32.5865
P52292	21	28.2850
P52564	1	26.8959
P52569	9	26.7165
P52594	8	25.9677
P52597	5	29.0687
P52701	23	28.5172
P52732	4	27.1450
P52735	5	25.2938
P52799	2	20.4232
P52907	1	29.4029
P52948	24	28.2079
P53350	6	26.4574
P53365	9	27.2399
P53367	11	26.7336
P53396	19	29.9780
P53611	4	27.1251
P53618	3	32.4198
P53621	24	29.1645
P53634	2	29.8120
P53778	2	20.2230
P53805	1	22.5982
P53814	1	25.2705
P53985	7	26.4282
P53999	16	29.4533
P54105	1	29.2931
P54198	6	24.4545
P54252	7	24.2874
P54253	3	19.7906
P54259	19	23.4739
P54274	5	24.6084
P54578	22	27.1685
P54725	9	25.3196
P54727	22	26.3232
P54753	1	22.5366
P54756	1	24.0955
P54760	3	26.0215
P54819	4	32.6227
P55010	2	29.3078
P55011	2	28.5822
P55036	14	27.4727
P55072	5	32.0163
P55197	4	20.0749
P55199	8	24.7733
P55201	3	25.2464
P55209	5	30.5576
P55265	14	28.4786
P55347	1	23.0072
P55735	1	27.2435
P55769	3	29.9553
P55809	10	28.2731
P55854	7	29.2374
P55884	15	28.6629
P56134	2	31.0883
P56182	4	28.9120
P56192	13	28.4329
P56211	3	23.8432
P56524	9	25.6119
P56749	2	24.8927
P56945	10	26.2547
P57059	1	19.5316
P57105	1	27.1726
P57682	2	25.8422
P57740	9	28.0997
P57768	2	20.1654
P58107	24	29.5236
P60174	18	29.1368
P60228	16	28.3320
P60468	14	25.1476
P60709	8	33.4046
P60842	4	32.6398
P60866	5	29.8037
P60981	6	27.4303
P61006	13	28.6137
P61019	2	31.0476
P61026	3	28.5471
P61073	5	18.6985
P61106	6	29.7696
P61160	1	29.9096
P61247	17	28.3922
P61289	1	29.6007
P61313	1	29.6322
P61604	4	32.3911
P61978	23	31.8664
P62070	5	25.2786
P62136	13	28.4095
P62191	5	29.7746
P62241	6	30.9273
P62244	1	29.4725
P62318	3	30.0342
P62328	7	30.2870
P62491	1	29.0583
P62714	1	29.4416
P62750	16	30.0324
P62753	20	30.5003
P62805	13	35.1062
P62820	3	31.0450
P62826	3	30.8282
P62888	19	28.2347
P62906	1	29.4301
P62937	2	31.3253
P62942	5	28.1680
P62995	17	24.0162
P63027	3	27.0169
P63165	21	24.6916
P63241	4	28.9012
P63279	1	27.4681
P67809	24	28.5338
P67870	17	23.7759
P67936	2	31.0335
P68104	22	30.8184
P68366	1	29.6175
P68402	7	28.6591
P69849	3	29.5479
P78310	7	25.6858
P78312	11	23.6049
P78314	3	17.8160
P78316	14	26.3727
P78332	12	25.0266
P78344	24	28.5530
P78347	17	28.9512
P78362	15	25.6902
P78371	5	32.4312
P78524	4	24.1119
P78527	12	32.6295
P78549	5	23.9696
P78563	2	25.8081
P80723	17	30.6175
P82094	10	27.0856
P82909	2	26.3907
P82970	2	28.2729
P83369	6	25.2435
P83731	11	29.2939
P84103	3	31.5568
P84157	6	25.5099
P85037	21	24.3019
P86791	4	27.0592
P98082	24	25.7417
P98153	2	19.3617
P98175	19	25.3231
Q00325	1	25.5009
Q00341	16	28.3760
Q00536	12	23.4654
Q00537	1	21.0765
Q00577	1	27.6883
Q00587	15	24.1707
Q00610	1	32.2501
Q00613	14	24.4422
Q00653	4	26.2110
Q00688	3	30.8447
Q00839	24	30.8395
Q01082	24	29.4260
Q01105	8	26.4338
Q01130	21	28.2964
Q01151	2	23.7217
Q01167	13	24.7868
Q01196	4	20.9389
Q01201	5	22.0451
Q01433	13	24.6076
Q01518	15	28.2141
Q01581	15	27.1779
Q01628	9	25.9275
Q01629	4	23.6975
Q01650	15	26.1568
Q01658	1	23.6149
Q01664	11	22.5736
Q01804	14	23.4964
Q01813	12	29.3076
Q01814	2	23.4829
Q01850	3	18.2452
Q01970	8	27.1384
Q01974	2	24.8148
Q02040	8	23.5311
Q02078	10	25.3116
Q02086	1	21.5970
Q02224	2	26.8068
Q02241	16	26.8163
Q02388	6	22.2293
Q02543	14	29.4455
Q02790	4	29.6333
Q02818	8	29.8692
Q02880	6	29.7967
Q02952	15	23.2351
Q02978	3	30.1483
Q03001	19	27.2624
Q03111	9	24.2285
Q03112	10	25.9963
Q03135	3	25.4045
Q03164	7	25.3587
Q03188	8	26.3426
Q03252	11	25.4070
Q03468	3	20.5132
Q03519	1	25.4775
Q04323	4	25.9080
Q04637	24	28.3445
Q04656	13	23.5693
Q04695	8	31.7343
Q04721	9	24.1996
Q04725	1	20.7441
Q04726	21	25.7776
Q04727	1	21.8403
Q05086	1	23.8825
Q05193	5	28.8911
Q05209	10	25.4528
Q05397	10	25.5408
Q05519	21	27.2400
Q05639	1	27.7959
Q05655	14	24.9709
Q05682	23	25.8534
Q05D32	3	26.9973
Q06124	16	25.7240
Q06210	10	29.1744
Q06265	14	24.7690
Q06330	9	25.0243
Q06413	5	21.3533
Q06418	3	24.3014
Q06587	12	25.4631
Q07020	6	30.4906
Q07021	1	32.1873
Q07065	1	28.6342
Q07157	15	26.9440
Q07352	1	21.5220
Q07666	13	27.1541
Q07820	2	20.6442
Q07864	5	28.0715
Q07866	12	26.6849
Q07889	2	19.7757
Q07955	13	28.8658
Q07960	15	26.1811
Q08170	9	24.7752
Q08211	5	33.0884
Q08357	3	23.6031
Q08378	8	27.1317
Q08379	12	28.1478
Q08495	1	20.2369
Q08499	6	24.5099
Q08752	1	28.1880
Q08945	1	31.6030
Q08AD1	14	24.8966
Q08J23	22	29.5121
Q09019	2	21.6889
Q09028	4	29.1352
Q09161	10	27.8811
Q09472	14	26.4812
Q09666	24	31.0926
Q0JRZ9	16	23.4181
Q0VG06	2	23.1108
Q0ZGT2	12	24.5713
Q12768	2	28.8348
Q12770	3	24.6790
Q12772	1	21.1960
Q12788	5	30.1187
Q12789	17	25.0313
Q12792	7	28.8504
Q12797	15	26.9191
Q12802	20	25.2122
Q12830	11	25.0051
Q12846	10	23.1459
Q12857	9	23.9006
Q12873	14	26.9206
Q12874	4	27.7672
Q12882	2	25.6936
Q12888	24	25.6516
Q12905	2	31.2055
Q12906	8	30.8029
Q12923	6	21.3891
Q12931	3	32.6391
Q12933	5	24.7398
Q12946	1	22.3192
Q12948	1	21.9412
Q12955	1	24.4999
Q12959	13	25.0623
Q12965	9	27.9901
Q12968	1	24.5431
Q12982	9	23.0026
Q12983	3	21.9226
Q12986	2	22.1979
Q13017	12	24.5101
Q13029	5	24.2262
Q13033	22	26.5063
Q13045	23	26.3617
Q13085	18	28.8041
Q13098	18	27.2559
Q13111	13	23.6200
Q13112	23	24.0473
Q13118	7	21.4739
Q13127	5	22.9084
Q13129	2	22.9051
Q13131	3	25.5669
Q13133	1	22.2983
Q13136	16	25.9697
Q13144	11	27.6220
Q13153	8	25.0650
Q13155	1	25.2444
Q13158	5	25.9565
Q13164	1	22.0173
Q13177	15	23.8449
Q13185	13	29.7342
Q13188	8	23.1716
Q13191	4	23.6472
Q13200	24	28.9578
Q13206	8	28.5164
Q13233	1	22.8880
Q13242	23	25.8749
Q13247	22	23.3413
Q13263	24	29.4141
Q13283	17	29.4050
Q13286	4	22.7467
Q13287	1	24.1632
Q13303	2	27.9418
Q13309	19	24.1422
Q13310	3	28.3405
Q13315	4	27.5841
Q13322	5	25.7173
Q13330	16	25.3000
Q13370	3	26.5689
Q13409	6	28.7214
Q13415	5	26.9623
Q13416	12	27.4961
Q13424	12	22.4757
Q13425	24	24.7458
Q13426	5	26.4062
Q13427	1	26.1728
Q13428	24	27.7392
Q13433	5	26.7117
Q13435	24	29.3974
Q13439	23	26.0898
Q13442	10	29.6484
Q13443	14	24.9632
Q13451	16	26.5466
Q13459	12	24.5142
Q13464	1	25.9286
Q13470	6	22.6923
Q13480	11	21.7367
Q13496	1	25.5912
Q13501	24	26.7993
Q13506	6	26.0087
Q13523	11	27.4351
Q13535	8	28.6180
Q13541	10	27.1626
Q13557	4	28.5699
Q13561	9	28.4584
Q13563	2	22.4908
Q13573	24	25.4357
Q13576	4	24.8567
Q13586	10	23.5686
Q13595	9	28.6941
Q13601	11	26.4498
Q13610	14	26.6409
Q13613	2	23.3398
Q13614	15	24.7332
Q13615	6	24.1148
Q13618	7	27.1301
Q13619	19	28.1910
Q13620	15	26.1946
Q13625	24	24.9051
Q13627	2	22.3814
Q13636	8	26.8388
Q13637	2	28.0745
Q13671	8	25.8324
Q13761	4	24.6971
Q13769	1	28.0926
Q13813	18	31.2744
Q13838	1	30.1590
Q13868	1	26.4409
Q13873	2	21.1418
Q13895	1	27.5366
Q14004	15	24.4733
Q14061	3	26.8058
Q14103	20	29.1491
Q14106	2	22.4298
Q14118	1	28.9264
Q14126	23	25.6330
Q14141	2	30.3027
Q14151	10	29.7450
Q14152	12	29.7014
Q14155	20	23.1989
Q14156	3	24.8798
Q14157	24	25.9518
Q14160	24	27.0428
Q14166	2	29.1620
Q14168	3	25.8551
Q14181	16	25.4553
Q14186	13	21.9157
Q14191	8	25.4199
Q14195	4	27.4517
Q14202	10	24.9864
Q14203	1	30.5109
Q14204	20	31.3876
Q14207	1	24.4899
Q14240	1	19.8085
Q14244	5	25.9858
Q14247	21	27.5342
Q14258	4	28.0847
Q14289	4	20.9938
Q14318	1	29.2426
Q14432	12	25.5575
Q14444	3	31.9436
Q14493	1	20.4141
Q14498	24	29.0517
Q14517	1	25.5598
Q14542	5	18.6800
Q14558	3	27.1359
Q14562	14	26.3336
Q14566	18	28.7738
Q14571	2	26.3748
Q14573	12	27.1895
Q14596	1	23.3729
Q14643	4	29.3124
Q14644	6	22.7966
Q14653	1	23.8997
Q14667	5	25.3649
Q14669	21	27.1243
Q14671	23	25.2199
Q14674	9	26.4285
Q14676	15	25.3500
Q14677	14	27.3944
Q14678	4	21.8397
Q14680	1	24.4201
Q14683	3	30.5576
Q14684	18	24.4195
Q14686	3	18.3333
Q14687	10	25.8165
Q14692	8	29.1977
Q14693	2	22.6391
Q14694	20	27.0670
Q14697	1	35.5661
Q14739	6	27.5536
Q14789	10	29.2062
Q147X3	5	26.1975
Q14807	7	28.0330
Q14814	9	21.8242
Q14839	24	26.1446
Q14865	10	24.0858
Q14914	1	21.7399
Q14934	1	21.0747
Q14938	10	23.3629
Q14966	14	27.4372
Q14974	1	31.5821
Q14978	24	27.8792
Q14980	24	26.2345
Q14997	11	27.0880
Q14BN4	5	27.2539
Q14C86	9	28.4710
Q14CW9	2	21.4402
Q15003	14	27.4303
Q15007	16	24.3546
Q15014	1	21.7962
Q15019	5	32.1973
Q15020	14	27.0901
Q15021	10	28.5094
Q15025	5	24.8666
Q15032	5	25.9616
Q15036	8	25.8342
Q15042	17	25.8511
Q15043	2	27.5846
Q15047	4	23.8322
Q15054	14	24.9130
Q15056	1	28.8910
Q15057	9	22.4860
Q15058	10	26.5771
Q15059	14	25.1408
Q15061	9	26.0804
Q15067	2	30.8224
Q15084	1	34.1223
Q15102	4	27.9305
Q15121	8	26.7290
Q15147	7	25.6568
Q15149	24	31.6682
Q15154	24	24.6013
Q15170	8	22.7315
Q15208	1	24.8824
Q15233	21	27.9238
Q15262	1	26.2678
Q15276	8	29.1616
Q15293	3	31.4643
Q15311	11	22.3042
Q15326	3	25.5223
Q15345	4	26.9363
Q15361	7	24.4844
Q15365	21	28.4503
Q15366	24	29.0866
Q15370	1	26.1277
Q15375	4	25.3875
Q15390	12	22.1564
Q15393	4	29.9255
Q15398	12	26.7890
Q15418	17	25.2648
Q15424	11	28.0376
Q15428	3	26.5788
Q15434	5	23.5547
Q15435	4	27.1781
Q15436	1	30.4895
Q15459	4	29.1177
Q15477	19	26.3007
Q15545	13	23.7514
Q15554	12	24.0617
Q15555	10	25.9078
Q15596	12	22.2671
Q15599	2	27.8959
Q15633	5	24.3862
Q15637	6	29.1242
Q15642	16	25.0631
Q15643	18	25.5841
Q15645	6	29.9781
Q15648	13	25.0381
Q15651	4	21.0975
Q15652	3	25.1920
Q15654	1	25.7379
Q15672	2	22.0959
Q15696	1	19.4314
Q15717	12	29.0108
Q15723	4	23.6377
Q15742	9	22.9223
Q15750	1	24.8782
Q15751	5	26.1034
Q15758	5	30.3089
Q15771	1	22.8413
Q15773	23	23.8060
Q15785	5	26.9069
Q15796	8	26.4207
Q15797	3	25.2141
Q15811	16	24.5948
Q15836	2	24.5778
Q15906	1	25.7445
Q15910	11	24.9640
Q15911	6	23.6195
Q15942	20	26.2213
Q16181	10	28.6307
Q16204	18	26.3169
Q16236	1	18.9072
Q16254	1	23.5460
Q16512	6	22.2372
Q16513	20	26.1199
Q16514	6	20.9264
Q16539	8	26.8874
Q16555	5	29.1038
Q16566	4	23.0518
Q16584	1	21.4444
Q16594	4	25.6931
Q16629	4	29.2579
Q16637	10	25.8044
Q16643	24	26.5139
Q16649	9	23.0237
Q16656	2	24.7325
Q16658	2	30.4396
Q16666	19	22.6355
Q16875	7	21.5850
Q16891	1	30.7096
Q17R98	1	22.3638
Q17RY0	17	22.9876
Q1ED39	1	25.4639
Q1KMD3	7	30.0096
Q24JP5	1	24.8916
Q27J81	9	28.6083
Q29RF7	21	27.9785
Q2KHM9	3	24.4754
Q2KHR2	5	22.6975
Q2KHR3	18	25.6652
Q2KHT3	1	21.3571
Q2KJY2	3	18.5798
Q2LD37	3	20.2994
Q2M1P5	1	19.5134
Q2M2I8	12	23.0860
Q2M2Z5	5	21.7156
Q2M389	5	28.9267
Q2M3G4	6	22.6099
Q2NKX8	11	24.9040
Q2PPJ7	4	25.0782
Q2T9J0	2	27.7251
Q2TAK8	4	24.5525
Q2TB10	2	19.8596
Q2TBE0	12	24.0883
Q2V2M9	1	21.8803
Q2VPK5	6	24.8332
Q32MZ4	21	26.2315
Q32P44	12	25.5468
Q3B726	8	20.0639
Q3KQU3	24	24.7394
Q3KR37	6	25.2597
Q3L8U1	12	26.5644
Q3MHD2	10	27.1872
Q3MII6	5	22.1024
Q3T8J9	10	22.8605
Q3V6T2	13	23.9175
Q3ZCW2	1	23.1315
Q460N5	1	28.6119
Q49A88	2	22.4856
Q4AC94	5	23.5343
Q4ADV7	6	21.2276
Q4G0F5	5	25.6822
Q4G0J3	21	26.5099
Q4KMP7	17	21.6120
Q4KMQ1	8	22.6993
Q4L235	2	19.5577
Q4LE39	12	24.4005
Q4V328	3	27.3683
Q4VC44	4	23.9167
Q4ZIN3	2	25.3258
Q504Q3	2	21.9798
Q52LW3	9	21.9786
Q53EL6	23	25.7132
Q53EP0	12	24.8569
Q53ET0	10	24.0575
Q53EU6	8	22.8155
Q53EZ4	5	23.4249
Q53F19	8	27.3705
Q53GA4	8	22.5985
Q53GS7	6	27.9429
Q53GS9	7	26.2694
Q53H47	3	22.4188
Q53HL2	8	25.2227
Q53LP3	7	23.3475
Q53SF7	10	22.5841
Q53TN4	2	21.6580
Q53TQ3	2	20.4237
Q562F6	3	23.4344
Q567U6	10	25.4323
Q56NI9	7	24.8637
Q58EX7	1	21.1759
Q58WW2	13	23.8078
Q5BKX5	1	19.5617
Q5BKZ1	3	27.8296
Q5F1R6	6	26.1821
Q5FBB7	1	21.8977
Q5FWF4	1	18.9441
Q5H9L2	5	22.1180
Q5H9R7	7	29.3341
Q5HYJ3	6	21.4848
Q5HYK7	6	24.2607
Q5J8M3	4	25.1478
Q5JPI9	3	25.5890
Q5JRA6	5	28.1804
Q5JSH3	14	26.6725
Q5JSL3	4	25.5792
Q5JSZ5	21	24.4510
Q5JTC6	13	21.2951
Q5JTD0	11	24.1984
Q5JTV8	16	28.5078
Q5JTW2	3	21.3795
Q5JVS0	6	21.6613
Q5JXC2	2	20.0858
Q5M775	18	26.6287
Q5PRF9	10	24.9842
Q5QJE6	9	29.1158
Q5QP82	1	17.7175
Q5SNT2	10	21.1930
Q5SRE5	21	27.5430
Q5SSJ5	3	27.8086
Q5SW79	23	26.0360
Q5SWA1	3	22.3323
Q5SXM2	12	21.3437
Q5SYE7	5	23.5990
Q5T011	5	24.7113
Q5T0N5	8	22.9279
Q5T0W9	1	21.9648
Q5T1M5	20	24.1592
Q5T1V6	2	23.6670
Q5T200	9	23.1026
Q5T3F8	3	24.4061
Q5T3I0	1	27.1709
Q5T3J3	4	25.6273
Q5T481	3	21.8262
Q5T4S7	14	27.7015
Q5T5P2	6	24.7658
Q5T5U3	17	24.2404
Q5T5X7	1	26.8532
Q5T5Y3	17	23.6564
Q5T6C5	1	22.1890
Q5T6F0	13	21.8639
Q5T6F2	3	28.1178
Q5T7N3	12	26.9020
Q5T8D3	1	27.0776
Q5T8P6	24	25.9338
Q5T9A4	1	29.4891
Q5T9S5	7	23.1742
Q5TAX3	1	25.8632
Q5TB80	2	21.6515
Q5TC82	7	25.1433
Q5TCZ1	2	19.2007
Q5TDH0	10	25.5483
Q5TGL8	2	20.9947
Q5TGY3	8	24.1367
Q5THJ4	14	23.5163
Q5THK1	3	22.6354
Q5TZA2	4	22.3955
Q5UIP0	13	28.4675
Q5VIR6	1	27.2213
Q5VSL9	19	22.5455
Q5VT06	8	24.5446
Q5VT25	7	23.2819
Q5VT52	23	25.9639
Q5VTL8	12	25.3702
Q5VTR2	20	25.9120
Q5VU43	1	27.3576
Q5VUA4	12	24.9730
Q5VV41	10	26.2053
Q5VV42	2	27.1646
Q5VVJ2	3	22.8977
Q5VWG9	5	26.6020
Q5VWN6	10	25.1551
Q5VWQ8	10	23.0096
Q5VYK3	7	30.5568
Q5VYV7	2	18.2245
Q5VZ89	14	25.6482
Q5VZK9	12	24.1455
Q5VZL5	16	25.6311
Q5W0B1	5	20.9594
Q5W0Z9	4	23.5891
Q5XPI4	5	24.5796
Q5XUX1	2	22.7172
Q5ZPR3	2	24.6678
Q63HN8	5	30.5544
Q63HR2	10	23.7189
Q63ZY3	22	24.4769
Q63ZY6	17	22.4122
Q641Q2	20	25.9524
Q658P3	3	26.8563
Q659A1	8	24.8189
Q659C4	8	25.7685
Q66GS9	3	24.1841
Q66K14	5	26.6493
Q66K64	1	22.5525
Q66K74	11	26.3403
Q66PJ3	18	24.9887
Q676U5	10	21.6553
Q684P5	3	21.2634
Q68CP4	2	23.8912
Q68CP9	7	26.2936
Q68CZ2	17	25.5766
Q68DK2	5	25.2907
Q68DK7	1	18.7217
Q68DQ2	1	22.6719
Q68E01	3	26.9297
Q68EM7	7	28.9399
Q69YH5	7	25.6898
Q69YN4	20	24.3684
Q69YQ0	7	26.6814
Q6AWC2	2	22.3124
Q6DCA0	4	23.8097
Q6DKI1	2	30.2736
Q6FI81	2	27.1946
Q6GQQ9	11	24.4126
Q6GYQ0	12	23.2296
Q6IAA8	12	27.2150
Q6IBW4	11	25.5129
Q6IE81	1	23.2841
Q6IN85	18	26.0643
Q6IQ19	2	21.1438
Q6IQ26	2	20.2391
Q6IQ49	20	22.9287
Q6KB66	3	26.7381
Q6KC79	18	25.4959
Q6MZP7	9	22.7584
Q6N021	4	19.5485
Q6N043	5	23.4306
Q6N075	2	23.9545
Q6NT16	4	23.8743
Q6NUK4	2	21.5898
Q6NUQ4	4	27.8437
Q6NUT3	1	25.4047
Q6NVY1	1	29.5936
Q6NW34	4	24.1661
Q6NWY9	3	20.2145
Q6NXT4	3	22.4084
Q6NYC8	8	24.5067
Q6NZI2	15	26.1672
Q6NZY4	20	25.3172
Q6P0N0	8	25.1165
Q6P0Q8	7	21.2964
Q6P158	4	26.4020
Q6P1J9	4	28.3331
Q6P1L5	11	22.6048
Q6P1N0	11	27.0541
Q6P1Q9	6	25.3789
Q6P1R3	6	21.9567
Q6P1X5	7	24.8102
Q6P2E9	21	27.6234
Q6P2H3	10	24.9724
Q6P3S6	5	21.8681
Q6P4E1	3	26.6097
Q6P4F7	2	25.1231
Q6P4Q7	3	24.6481
Q6P4R8	5	26.8521
Q6P597	4	20.9368
Q6P5Z2	8	24.9584
Q6P6C2	2	25.1219
Q6P996	4	28.0855
Q6P9B9	4	25.4595
Q6PCB5	13	24.7434
Q6PCE3	8	26.3631
Q6PCT2	2	24.0699
Q6PD62	8	26.9902
Q6PFW1	3	17.1268
Q6PGN9	3	24.2320
Q6PI48	9	28.6758
Q6PID6	14	23.8530
Q6PIJ6	5	23.8337
Q6PJG2	9	24.6985
Q6PJG6	11	26.8559
Q6PJG9	6	23.8234
Q6PJP8	2	20.0150
Q6PJT7	20	26.3873
Q6PK04	3	21.9051
Q6PKG0	24	27.2039
Q6PL18	8	29.1152
Q6R327	21	24.7332
Q6RFH5	10	26.9957
Q6SPF0	9	22.9731
Q6T4R5	21	22.3659
Q6U841	1	20.8238
Q6UB35	3	29.2944
Q6UB98	4	23.0941
Q6UB99	6	26.3422
Q6ULP2	3	25.0402
Q6UN15	23	25.9455
Q6UUV7	8	23.1795
Q6UUV9	9	23.7611
Q6UVJ0	1	20.9929
Q6UWE0	1	27.6752
Q6UWZ7	11	23.0136
Q6UXU6	1	24.7216
Q6VMQ6	16	24.2574
Q6VN20	8	23.3728
Q6VY07	15	25.6886
Q6W2J9	9	23.6709
Q6WCQ1	15	26.7828
Q6WKZ4	13	25.5977
Q6Y7W6	23	25.8459
Q6YN16	2	28.2466
Q6ZMB5	3	21.3026
Q6ZN18	13	23.2966
Q6ZN55	5	19.8595
Q6ZNJ1	9	23.8952
Q6ZRI6	1	22.1298
Q6ZRP7	1	28.2513
Q6ZRS2	12	24.6055
Q6ZRV2	14	23.2086
Q6ZS17	17	23.6508
Q6ZSR9	20	23.2729
Q6ZSS7	4	23.4974
Q6ZSY5	4	21.5832
Q6ZSZ5	14	25.6308
Q6ZT62	4	24.9219
Q6ZTU2	1	18.3098
Q6ZU35	9	26.2448
Q6ZU65	6	26.1550
Q6ZU80	4	25.6655
Q6ZUM4	4	23.6958
Q6ZUT6	3	20.2378
Q6ZUT9	1	19.0936
Q6ZVF9	1	20.3147
Q6ZVM7	1	19.8965
Q6ZW49	1	26.0867
Q6ZWJ1	6	23.6119
Q6ZWT7	3	21.7843
Q70CQ2	14	25.7107
Q70E73	14	24.3082
Q70J99	2	26.1833
Q70SY1	3	22.2695
Q719H9	4	23.0532
Q71F23	3	25.8728
Q71F56	5	25.4571
Q71RC2	24	26.0494
Q75N03	7	20.8859
Q765P7	9	22.0977
Q76FK4	8	27.7956
Q76I76	1	23.4504
Q76L83	4	25.3803
Q76N32	2	21.0759
Q76N89	1	21.2229
Q7KZ85	8	28.8909
Q7KZF4	12	30.7465
Q7KZI7	15	23.3851
Q7L1Q6	2	29.9480
Q7L1V2	11	22.2898
Q7L1W4	3	26.2368
Q7L2J0	22	25.6413
Q7L4E1	3	24.4530
Q7L4I2	17	22.9289
Q7L5A8	1	21.9315
Q7L5N7	1	25.0291
Q7L7X3	23	23.5532
Q7L8J4	6	21.5503
Q7L8L6	2	26.9845
Q7L9L4	10	26.3930
Q7LBC6	1	26.2314
Q7RTP6	6	25.2519
Q7Z2K8	4	25.3885
Q7Z2W4	24	27.5944
Q7Z2Z1	5	24.3057
Q7Z309	6	25.1058
Q7Z333	12	25.2472
Q7Z3B3	6	26.1179
Q7Z3C6	11	25.6138
Q7Z3E2	3	26.3024
Q7Z3K3	11	25.4867
Q7Z3T8	13	23.8604
Q7Z3V4	4	24.2080
Q7Z401	8	22.1901
Q7Z417	23	25.3363
Q7Z422	6	21.8106
Q7Z434	7	25.7122
Q7Z460	19	26.2724
Q7Z478	23	24.8181
Q7Z4H7	13	24.3408
Q7Z4S6	16	25.5752
Q7Z4V5	17	25.6263
Q7Z569	4	24.0332
Q7Z589	11	25.4488
Q7Z5J4	7	24.8912
Q7Z5K2	22	24.4963
Q7Z5L9	15	23.9877
Q7Z5Q1	6	21.8551
Q7Z6B7	1	22.3857
Q7Z6E9	16	24.4161
Q7Z6J9	7	23.2998
Q7Z6M1	2	26.5591
Q7Z6Z7	21	29.1999
Q7Z7H8	2	27.9046
Q86SQ0	8	23.4566
Q86T03	10	23.0377
Q86T82	1	26.4872
Q86TB9	7	25.9192
Q86TC9	13	24.5425
Q86TG7	8	27.9567
Q86TI0	3	19.5349
Q86TN4	2	23.6368
Q86U06	11	22.7975
Q86U28	1	23.3494
Q86U42	18	26.3111
Q86U44	5	26.4062
Q86U70	5	24.6459
Q86U86	9	24.6951
Q86U90	19	25.0646
Q86UE4	19	28.0754
Q86UE8	4	30.0022
Q86UP2	15	29.8783
Q86UR5	16	24.9887
Q86UU0	15	24.4740
Q86UW9	1	22.5009
Q86UX6	1	19.1608
Q86UY5	2	23.7877
Q86V48	6	28.0322
Q86V88	1	24.1830
Q86V97	1	23.5965
Q86VE0	2	19.8455
Q86VM9	18	23.3577
Q86VP1	5	24.3273
Q86VP6	1	31.2531
Q86VQ1	9	23.2070
Q86VR2	4	27.1790
Q86VS8	3	27.1991
Q86VX9	5	22.6202
Q86VZ5	2	22.9075
Q86VZ6	2	23.4813
Q86W42	1	28.8286
Q86W50	1	24.2166
Q86W56	11	24.8981
Q86W92	7	24.8434
Q86WB0	24	24.4907
Q86WC4	2	22.3013
Q86WG5	2	22.6469
Q86WJ1	2	28.5935
Q86WP2	2	19.7067
Q86WR0	2	24.1083
Q86WR7	4	22.0473
Q86X02	4	22.3323
Q86X10	8	26.2403
Q86X27	6	20.8571
Q86XJ1	3	21.4346
Q86XL3	21	25.0747
Q86XN7	1	20.5518
Q86XR8	3	23.4679
Q86XZ4	3	26.6283
Q86Y56	1	27.8837
Q86Y82	3	26.4624
Q86Y91	5	24.4207
Q86YC2	5	22.5387
Q86YD1	1	24.1364
Q86YN6	1	21.0638
Q86YP4	23	25.1677
Q86YR5	1	23.6564
Q86YS7	6	23.3077
Q86YV5	6	22.3723
Q86YV9	4	26.0048
Q8IU60	2	22.2171
Q8IU81	21	23.6296
Q8IUC4	5	23.5471
Q8IUC8	1	20.5438
Q8IV32	1	21.5192
Q8IV50	4	22.8286
Q8IVD9	6	26.3158
Q8IVF2	22	27.0020
Q8IVH2	9	23.8183
Q8IVL1	4	23.9663
Q8IVT2	16	26.5196
Q8IVT5	10	24.0467
Q8IW35	5	21.8905
Q8IWA0	14	24.9788
Q8IWA4	2	27.7587
Q8IWB9	5	26.9418
Q8IWC1	11	23.0279
Q8IWF6	1	22.8109
Q8IWI9	11	25.1080
Q8IWJ2	8	22.6364
Q8IWQ3	4	23.7067
Q8IWR0	1	23.8386
Q8IWT6	2	27.6363
Q8IWU2	4	25.9838
Q8IWV7	7	23.6725
Q8IWW6	11	22.7232
Q8IWY8	3	20.3887
Q8IWY9	3	21.4087
Q8IWZ3	5	25.5097
Q8IWZ8	8	26.3757
Q8IX01	9	27.5087
Q8IX03	6	22.0710
Q8IX12	1	28.4361
Q8IX15	8	22.8562
Q8IX21	2	23.1949
Q8IX90	4	23.5443
Q8IXJ6	7	24.3757
Q8IXJ9	2	20.3809
Q8IXK0	8	25.9383
Q8IXM2	9	23.0826
Q8IXQ3	3	22.3536
Q8IXQ4	20	24.1276
Q8IXT5	11	27.1534
Q8IXU6	3	25.6415
Q8IXZ2	4	24.0025
Q8IY17	7	24.3665
Q8IY18	11	26.1647
Q8IY22	6	25.8757
Q8IY33	6	23.9132
Q8IY37	4	27.8171
Q8IY57	1	18.5562
Q8IY67	23	25.1565
Q8IY81	15	27.1682
Q8IY92	8	22.2392
Q8IY95	4	25.8566
Q8IYB3	16	27.0011
Q8IYB8	2	27.3244
Q8IYD8	4	23.8824
Q8IYH5	5	25.7530
Q8IYI6	4	27.8000
Q8IYL3	2	22.8110
Q8IYW5	4	21.1644
Q8IZ21	13	24.5211
Q8IZ40	5	24.6843
Q8IZ73	8	24.2194
Q8IZA0	3	26.0831
Q8IZD2	2	22.4515
Q8IZD4	1	17.6000
Q8IZE3	3	23.1199
Q8IZH2	17	24.6144
Q8IZL8	17	25.2789
Q8IZP0	24	24.9560
Q8IZQ1	1	25.0580
Q8IZT6	16	24.2657
Q8N0S6	3	24.1693
Q8N0Z3	14	22.9219
Q8N108	22	22.4829
Q8N122	24	24.3592
Q8N137	3	23.6742
Q8N157	3	22.5428
Q8N163	24	28.5999
Q8N1B4	1	28.6785
Q8N1F7	13	29.6037
Q8N1F8	5	26.7468
Q8N1G0	9	25.3351
Q8N1G2	4	26.0100
Q8N1G4	5	29.0362
Q8N1I0	3	22.4853
Q8N1P7	2	22.9753
Q8N1Q1	3	24.1199
Q8N201	10	27.1568
Q8N2F6	4	24.9789
Q8N2G6	5	21.6460
Q8N2M8	15	22.9648
Q8N2Y8	7	22.8790
Q8N302	6	23.3305
Q8N350	3	21.6170
Q8N357	2	22.5622
Q8N3C0	8	26.3378
Q8N3D4	18	27.0605
Q8N3E9	17	24.1789
Q8N3F8	10	22.7804
Q8N3P4	4	25.0038
Q8N3R9	17	24.9680
Q8N3U4	4	29.0268
Q8N3V7	15	26.2465
Q8N3X1	10	26.6216
Q8N488	4	24.3233
Q8N4C8	15	20.7961
Q8N4L2	1	23.1811
Q8N4S0	2	21.8290
Q8N4V1	1	25.5252
Q8N554	1	22.2664
Q8N556	18	25.2741
Q8N565	2	22.4905
Q8N568	1	18.8396
Q8N573	4	25.8024
Q8N5C6	1	25.0448
Q8N5D0	1	19.9550
Q8N5F7	17	23.1540
Q8N5G2	2	23.4152
Q8N5I9	12	23.2681
Q8N5S9	6	24.5196
Q8N5W9	11	24.6167
Q8N5Y2	4	22.7630
Q8N612	4	23.2608
Q8N680	4	24.5190
Q8N684	12	26.3450
Q8N6H7	20	24.8769
Q8N6L1	2	23.4212
Q8N6R0	1	27.9027
Q8N6S5	2	25.1277
Q8N6T3	14	26.2233
Q8N6T7	7	24.0479
Q8N7R7	8	21.2543
Q8N884	2	23.5492
Q8N8A6	12	27.4017
Q8N8S7	15	26.0241
Q8N8Z6	3	21.1246
Q8N9M1	8	23.3245
Q8N9N5	3	22.6791
Q8N9T8	9	25.3487
Q8NA72	1	21.9772
Q8NAF0	4	20.2981
Q8NB49	2	27.5577
Q8NB78	11	24.6088
Q8NB90	1	28.9955
Q8NBJ4	3	27.9659
Q8NBP7	7	26.1432
Q8NBS9	1	26.5594
Q8NBU5	1	26.4027
Q8NBX0	5	28.7162
Q8NC44	2	25.3267
Q8NC51	13	27.9103
Q8NC54	3	26.4457
Q8NC56	8	26.0889
Q8NC96	1	25.9061
Q8NCD3	5	21.8727
Q8NCF5	13	25.2596
Q8NCG7	1	26.5111
Q8NCP5	4	22.7890
Q8ND04	7	26.6448
Q8ND24	7	25.2464
Q8ND56	22	22.8260
Q8ND76	9	21.0484
Q8ND82	8	23.6441
Q8NDC0	3	20.7657
Q8NDF8	6	26.0907
Q8NDI1	15	23.9534
Q8NDT2	10	24.7773
Q8NDV7	3	24.0350
Q8NDX5	15	23.8232
Q8NE01	3	25.1985
Q8NE71	21	28.8900
Q8NEF9	11	25.0259
Q8NEJ9	1	27.2544
Q8NEL9	3	23.4623
Q8NEM2	1	24.0302
Q8NEM7	5	23.8304
Q8NEN9	8	25.0529
Q8NEY1	23	23.4400
Q8NEY8	9	25.6235
Q8NEZ4	2	20.9112
Q8NF91	4	25.6611
Q8NFA0	8	23.7002
Q8NFC6	10	25.4171
Q8NFG4	5	20.7506
Q8NFH5	14	24.0659
Q8NFJ5	3	25.0162
Q8NFP9	1	19.1540
Q8NFQ8	7	27.0845
Q8NFZ0	8	23.5742
Q8NFZ5	1	20.5484
Q8NG31	8	26.2369
Q8NHH9	1	18.4051
Q8NHM5	5	24.6592
Q8NHQ8	4	24.6872
Q8NHS3	1	22.4639
Q8NHV4	14	20.9537
Q8NHZ8	17	22.0187
Q8NI08	8	22.1329
Q8NI27	12	27.6844
Q8NI35	12	21.5706
Q8NI77	2	25.2738
Q8TAA9	3	25.5283
Q8TAD8	13	23.6736
Q8TAP6	1	23.0863
Q8TAP8	5	21.8622
Q8TAQ2	13	26.6367
Q8TB03	3	23.1357
Q8TB22	1	22.4157
Q8TB52	1	24.5262
Q8TB61	14	23.4146
Q8TB72	12	23.7184
Q8TBC3	5	27.0851
Q8TBE0	6	23.9976
Q8TBN0	7	22.2546
Q8TBZ3	9	20.6403
Q8TC07	8	23.1508
Q8TC76	1	21.6099
Q8TCD5	3	24.9183
Q8TCG2	5	25.6580
Q8TCJ2	2	26.7126
Q8TCT7	2	23.7253
Q8TCU4	1	22.4055
Q8TCY9	4	24.3725
Q8TD16	2	21.9198
Q8TD19	4	27.1401
Q8TD26	1	23.5517
Q8TDB6	9	25.2052
Q8TDD1	6	28.5569
Q8TDJ6	7	23.6462
Q8TDM6	13	22.8266
Q8TDN4	1	23.5511
Q8TDN6	7	31.0654
Q8TDR0	4	23.5099
Q8TDW5	2	23.1435
Q8TDX7	1	26.5614
Q8TDY2	8	22.4114
Q8TDZ2	2	23.5131
Q8TE77	7	24.3436
Q8TEA7	6	24.0048
Q8TEA8	10	24.8585
Q8TEH3	8	21.7077
Q8TEK3	5	20.9355
Q8TEM1	12	28.7947
Q8TEP8	4	24.3751
Q8TEQ6	4	30.7827
Q8TER5	19	22.3555
Q8TEU7	10	24.5311
Q8TEV9	9	23.7693
Q8TEW0	21	24.3647
Q8TF01	16	22.3211
Q8TF40	2	24.4273
Q8TF61	1	20.9013
Q8TF68	1	24.8408
Q8TF71	1	20.9481
Q8TF72	4	21.0048
Q8TF74	8	21.2365
Q8TF76	8	24.3415
Q8WTT2	2	28.4724
Q8WU79	10	24.8852
Q8WU90	3	29.3094
Q8WUA2	9	25.5378
Q8WUA4	14	23.4395
Q8WUA7	9	20.6253
Q8WUD4	2	24.2072
Q8WUF5	8	26.4841
Q8WUI4	7	24.8665
Q8WUM0	4	29.1974
Q8WUM9	1	22.7185
Q8WUX9	6	27.1319
Q8WUZ0	2	21.8394
Q8WV19	1	19.9111
Q8WVB6	20	23.3037
Q8WVC0	22	25.1575
Q8WVJ2	1	25.6381
Q8WVJ9	4	20.3719
Q8WVK7	1	22.0238
Q8WVM7	1	26.7677
Q8WVM8	24	27.3414
Q8WVT3	12	24.9102
Q8WW12	2	28.0747
Q8WWH5	11	25.8422
Q8WWI1	24	25.1718
Q8WWL2	3	20.6561
Q8WWM7	24	25.2226
Q8WWQ0	8	27.9207
Q8WWY3	6	28.2250
Q8WX92	22	26.0106
Q8WX93	22	26.9950
Q8WXA9	2	25.7255
Q8WXE0	8	23.3120
Q8WXE1	13	23.2158
Q8WXE9	7	21.9148
Q8WXG6	3	25.5145
Q8WXH0	3	29.4324
Q8WXI9	14	24.3591
Q8WXX5	1	27.1571
Q8WY36	12	23.5562
Q8WYA6	19	26.5960
Q8WYB5	1	19.5702
Q8WYL5	4	20.9965
Q8WYP5	18	27.0229
Q8WYQ5	7	24.5712
Q8WYQ9	1	22.8006
Q8WZ42	1	25.0440
Q8WZ74	2	23.3546
Q8WZA9	1	26.5028
Q92466	22	24.4586
Q92499	13	29.5402
Q92508	9	23.4510
Q92522	7	24.5350
Q92530	8	24.5722
Q92538	19	27.0545
Q92540	10	23.9604
Q92541	4	26.9771
Q92543	3	23.9462
Q92545	6	24.6257
Q92547	10	26.3042
Q92558	1	23.9554
Q92560	6	23.7766
Q92574	2	22.3903
Q92576	11	24.7971
Q92585	8	22.3226
Q92597	6	26.1883
Q92598	18	28.8849
Q92599	4	28.3428
Q92609	11	25.0192
Q92610	6	23.1066
Q92613	2	21.7626
Q92614	15	26.8759
Q92615	15	26.6208
Q92619	4	22.4998
Q92620	1	25.7718
Q92621	8	29.6553
Q92625	9	25.1740
Q92667	9	26.8298
Q92674	2	25.6966
Q92685	7	23.7320
Q92692	3	24.6795
Q92733	16	25.2510
Q92734	6	27.5346
Q92738	4	21.8566
Q92754	3	22.7706
Q92766	11	22.8373
Q92785	5	27.2367
Q92793	9	24.9331
Q92797	22	26.4524
Q92804	5	24.8963
Q92841	8	30.5169
Q92844	1	22.6002
Q92845	5	24.5153
Q92870	12	21.3952
Q92878	3	29.0333
Q92888	10	26.9811
Q92890	21	26.0084
Q92900	20	28.0666
Q92905	2	26.7446
Q92917	10	26.4293
Q92922	19	25.2536
Q92925	7	26.8217
Q92934	8	21.8939
Q92945	16	27.6096
Q92973	1	30.8457
Q92974	16	25.8643
Q92979	2	29.9474
Q92993	1	24.3416
Q92994	2	20.6312
Q93008	11	27.7964
Q93052	2	25.3005
Q93074	9	26.6949
Q93100	7	25.4400
Q969J3	5	25.0681
Q969K3	5	20.6421
Q969R5	3	25.0749
Q969R8	3	20.6422
Q969S2	1	23.9894
Q969T4	1	17.8112
Q969U6	2	22.5322
Q969V6	13	20.9348
Q969X0	3	20.2940
Q969Z0	3	29.6547
Q96A47	1	21.5398
Q96A57	2	22.1298
Q96A65	3	29.6760
Q96A73	1	20.7465
Q96AC1	3	29.1377
Q96AD5	8	23.6976
Q96AE4	13	25.6305
Q96AG3	3	25.1672
Q96AP0	6	23.2383
Q96AQ6	5	27.2985
Q96AT1	8	26.0114
Q96AV8	1	20.6178
Q96AY2	10	24.5173
Q96AY4	5	23.1274
Q96B01	8	24.1090
Q96B23	4	22.1123
Q96B36	17	27.3499
Q96B49	1	28.3934
Q96B54	2	25.3472
Q96B97	12	25.3710
Q96BD0	6	22.9656
Q96BI3	1	22.5709
Q96BK5	1	25.0300
Q96BQ5	1	24.2694
Q96BT3	7	24.2666
Q96BU1	2	24.1731
Q96BY6	5	21.6886
Q96BY7	9	24.9124
Q96BZ8	7	21.7610
Q96C19	3	27.8125
Q96C36	8	28.4315
Q96C57	22	24.2302
Q96C90	7	25.4593
Q96C92	5	24.7413
Q96CA5	6	21.6383
Q96CB8	5	24.2914
Q96CB9	2	25.9929
Q96CJ1	2	20.6436
Q96CP2	12	22.1568
Q96CP6	4	26.0976
Q96CS3	1	28.1445
Q96CT7	4	27.1394
Q96CV9	5	23.7891
Q96CW1	24	26.6144
Q96D46	4	27.5513
Q96D71	18	23.5157
Q96DA6	4	25.6367
Q96DF8	7	23.6889
Q96DM3	1	25.1723
Q96DN5	2	24.2469
Q96DN6	1	20.8214
Q96DR7	1	21.4064
Q96DY7	7	20.9120
Q96E09	1	21.7576
Q96E39	2	19.7770
Q96EB6	14	23.8944
Q96EC8	3	24.6699
Q96EK5	2	26.4197
Q96EK6	2	22.3775
Q96EN8	16	26.5947
Q96EQ0	6	24.3446
Q96ER3	10	25.1636
Q96EU6	2	26.4378
Q96EV2	15	26.5979
Q96EZ8	6	24.7483
Q96F24	5	19.7288
Q96F46	2	20.8535
Q96F63	5	26.1643
Q96F86	19	25.0941
Q96FF9	6	22.7303
Q96FJ0	3	26.2205
Q96FQ6	3	26.4489
Q96FS4	20	23.6845
Q96FT9	1	24.3468
Q96FV9	9	27.9445
Q96G01	1	24.8768
Q96G03	1	27.2169
Q96G46	9	27.0441
Q96G74	14	23.7798
Q96GA3	1	26.7860
Q96GM8	22	25.5573
Q96GQ7	1	30.2382
Q96GS4	1	25.0223
Q96GV9	1	20.6336
Q96GX2	1	22.8122
Q96GX5	12	22.9748
Q96GX9	5	26.6483
Q96GY3	3	21.5473
Q96H22	7	25.7942
Q96H55	4	24.9128
Q96HA1	6	24.5215
Q96HA7	15	24.0719
Q96HC4	17	27.0264
Q96HE9	7	21.7532
Q96HH9	1	23.9061
Q96HN2	4	22.8564
Q96HP0	1	29.5688
Q96HR3	3	23.0713
Q96HR8	1	24.5543
Q96HY6	5	27.7720
Q96I24	14	27.2168
Q96I25	16	25.8651
Q96IF1	4	21.6717
Q96IG2	4	23.4110
Q96II8	4	25.7398
Q96IZ7	1	23.5866
Q96J84	4	25.1910
Q96JA1	2	23.4287
Q96JB2	2	24.0136
Q96JB5	1	29.1068
Q96JC9	7	21.6869
Q96JG6	7	27.1166
Q96JG9	4	20.6666
Q96JJ3	3	27.6073
Q96JK2	1	21.6433
Q96JK9	1	20.7517
Q96JM2	2	18.6896
Q96JM3	17	24.7822
Q96JM7	6	24.8501
Q96JN0	2	21.3701
Q96JN8	4	21.5160
Q96JP2	7	22.3900
Q96JY6	2	23.3749
Q96K21	10	24.0604
Q96K76	9	27.2436
Q96KB5	1	29.3661
Q96KC8	4	26.8792
Q96KM6	4	20.5839
Q96KP1	7	28.1226
Q96KQ4	2	20.5465
Q96KQ7	7	25.0010
Q96KR1	1	30.1175
Q96L73	1	24.6358
Q96L91	6	28.3165
Q96LD4	17	22.2292
Q96LR5	1	17.9713
Q96LT9	8	25.0477
Q96LW4	1	19.3628
Q96M27	2	30.4131
Q96MG7	11	23.3781
Q96MH2	12	21.5920
Q96MU7	21	24.0210
Q96MY1	7	22.9298
Q96N21	1	19.0323
Q96N64	8	25.8891
Q96N66	4	26.4893
Q96N67	14	24.6622
Q96NB3	2	25.5240
Q96NL6	1	24.3082
Q96NT5	1	19.6166
Q96NW4	6	23.2624
Q96NY9	10	24.4470
Q96P48	4	26.5806
Q96PC5	9	27.0253
Q96PE2	13	21.4682
Q96PE3	2	25.1561
Q96PK6	21	26.1623
Q96PM9	2	19.6219
Q96PN7	8	24.1937
Q96PU4	3	26.1970
Q96PU5	17	24.7046
Q96PV6	10	24.7667
Q96PY5	8	25.7714
Q96PY6	5	19.9923
Q96PZ0	1	27.8013
Q96Q05	2	24.7111
Q96Q15	4	29.2457
Q96Q42	4	20.1442
Q96Q45	6	24.3062
Q96Q89	1	24.8673
Q96QC0	15	24.8847
Q96QD8	6	22.5615
Q96QD9	4	26.4046
Q96QE3	7	24.9576
Q96QF0	2	21.0411
Q96QG7	1	26.1171
Q96QK1	6	29.0405
Q96QR8	4	22.8519
Q96QT4	3	21.8531
Q96QT6	5	23.8962
Q96R06	9	28.1217
Q96RK0	19	24.0492
Q96RL1	13	25.1026
Q96RL7	1	25.8531
Q96RN5	2	23.2947
Q96RR4	6	23.7612
Q96RS6	4	26.4366
Q96RT1	5	26.3982
Q96RU3	9	22.7022
Q96RY5	1	15.4855
Q96RY7	1	23.8311
Q96S06	1	25.4464
Q96S38	3	23.0618
Q96S44	2	25.7552
Q96S55	12	25.6649
Q96S66	9	24.9438
Q96S90	1	21.4324
Q96S94	17	22.3439
Q96S99	13	23.1149
Q96SB3	7	25.5905
Q96SB4	11	27.6481
Q96SI1	4	23.6148
Q96SK2	3	27.4901
Q96SN8	8	26.8092
Q96ST2	5	26.1274
Q96ST3	7	27.0184
Q96SU4	14	28.2306
Q96T23	16	23.9692
Q96T37	13	26.5305
Q96T58	9	27.0246
Q96T60	11	27.5722
Q96T88	11	28.3815
Q96TA1	19	28.4354
Q96TC7	13	25.0835
Q99081	16	24.1300
Q99442	3	23.2378
Q99447	1	25.7366
Q99459	8	28.5167
Q99460	24	29.4563
Q99496	3	26.5189
Q99500	1	20.5080
Q99501	7	23.6621
Q99536	7	29.2652
Q99543	15	26.6094
Q99550	1	20.8254
Q99567	21	26.7457
Q99569	9	24.3109
Q99570	1	28.5061
Q99575	23	26.1115
Q99590	16	25.4217
Q99594	4	22.5060
Q99598	8	27.1518
Q99607	3	19.8008
Q99613	21	27.9886
Q99618	5	20.0030
Q99627	7	27.6278
Q99638	6	21.6660
Q99640	1	23.9776
Q99650	1	22.6887
Q99661	2	28.5848
Q99666	9	26.5414
Q99698	1	20.2936
Q99700	19	24.3671
Q99733	14	27.1755
Q99741	5	24.4750
Q99755	3	25.7488
Q99759	2	21.7362
Q99798	1	31.4106
Q99808	3	26.2395
Q99856	1	20.9950
Q99958	8	21.8066
Q99959	7	25.6214
Q99986	3	30.5296
Q99996	2	27.9974
Q9BPX3	3	28.2873
Q9BPX5	9	27.4796
Q9BPX7	1	24.8982
Q9BPZ7	2	26.0528
Q9BQ04	8	27.7298
Q9BQ39	7	30.9442
Q9BQ52	12	27.4944
Q9BQ67	8	27.6076
Q9BQ70	3	25.0870
Q9BQA1	19	28.2304
Q9BQC3	2	26.0490
Q9BQE4	2	22.7063
Q9BQE5	4	25.5157
Q9BQE9	5	23.2055
Q9BQG0	24	25.8500
Q9BQI3	1	23.7908
Q9BQI6	1	22.4914
Q9BQP7	1	26.8085
Q9BR39	3	18.6378
Q9BR61	4	26.0003
Q9BRD0	10	26.4656
Q9BRJ6	16	24.7053
Q9BRL6	7	22.6680
Q9BRP1	4	24.9896
Q9BRP8	2	24.1592
Q9BRQ0	17	22.2522
Q9BRS2	1	26.2490
Q9BRT3	1	24.6376
Q9BRY0	1	20.9153
Q9BRZ2	3	25.8497
Q9BSI4	3	22.7303
Q9BSJ8	7	29.2809
Q9BSL1	3	26.6159
Q9BSM1	4	26.0367
Q9BSQ5	3	21.6277
Q9BST9	3	20.9415
Q9BSU3	1	19.5336
Q9BT22	1	25.8917
Q9BT81	2	22.0083
Q9BTA9	15	24.9181
Q9BTC0	15	28.5053
Q9BTC8	2	26.3089
Q9BTE3	13	25.7524
Q9BTE7	12	25.9717
Q9BTK6	11	21.7208
Q9BTL3	1	16.6389
Q9BTM9	1	24.3372
Q9BTU6	8	25.3250
Q9BTV5	3	26.9086
Q9BTX1	11	27.2596
Q9BTY7	2	27.3087
Q9BU64	4	21.2488
Q9BUA3	15	23.0859
Q9BUB5	8	25.0967
Q9BUH6	8	23.8143
Q9BUJ2	17	28.1185
Q9BUL5	3	25.0161
Q9BUL9	11	23.9416
Q9BUN5	1	21.1133
Q9BUR4	13	23.9743
Q9BUW7	6	24.6938
Q9BUZ4	1	23.5753
Q9BV73	6	25.6209
Q9BVC5	10	22.1419
Q9BVG9	4	23.7584
Q9BVI0	3	23.0560
Q9BVJ6	8	28.4557
Q9BVS4	3	26.7919
Q9BVT8	3	22.5272
Q9BW19	9	26.4583
Q9BW61	1	23.9997
Q9BW71	2	19.3999
Q9BW91	7	26.5913
Q9BWF3	11	25.7196
Q9BWG4	1	20.0367
Q9BWG6	13	22.7883
Q9BWH2	13	24.1092
Q9BWH6	10	26.5859
Q9BWN1	4	25.3362
Q9BWT3	8	25.9545
Q9BWU0	20	25.4452
Q9BWW4	21	23.3759
Q9BX63	3	25.0042
Q9BX69	1	22.4964
Q9BX79	1	24.8826
Q9BX95	9	23.1863
Q9BXB4	21	23.9167
Q9BXB5	18	25.0946
Q9BXF6	8	25.0772
Q9BXJ9	1	28.4327
Q9BXK5	3	27.2134
Q9BXP2	2	24.8264
Q9BXP5	24	27.4399
Q9BXS5	12	27.1836
Q9BXS6	7	25.0888
Q9BXS9	7	22.1217
Q9BXW6	1	24.4640
Q9BXW9	9	23.3800
Q9BY44	23	27.2753
Q9BY67	2	26.3804
Q9BY77	5	26.3409
Q9BY89	10	23.6400
Q9BYD2	2	27.6398
Q9BYD3	2	29.1417
Q9BYG3	8	29.0715
Q9BYK8	4	25.8145
Q9BYV8	11	25.1104
Q9BYW2	6	24.4683
Q9BYX2	1	26.5105
Q9BZ23	7	24.6814
Q9BZ29	5	27.0957
Q9BZ67	1	19.5996
Q9BZ95	6	25.5520
Q9BZC7	2	23.5338
Q9BZE9	8	24.7126
Q9BZF1	8	27.1584
Q9BZF3	1	24.6602
Q9BZG1	8	26.1532
Q9BZH6	3	28.0631
Q9BZK7	1	27.8189
Q9BZL4	6	23.5999
Q9BZL6	11	21.6983
Q9BZQ8	7	22.7271
Q9BZV1	4	24.1045
Q9BZX2	1	28.1819
Q9BZZ5	9	29.3926
Q9C040	8	23.7649
Q9C086	1	22.0456
Q9C0A6	1	19.5115
Q9C0B0	1	20.0803
Q9C0B5	9	22.9076
Q9C0C2	24	27.8141
Q9C0C4	3	21.1847
Q9C0C9	6	25.0316
Q9C0D5	6	27.0053
Q9C0E2	16	24.9969
Q9C0E8	8	25.8151
Q9C0H2	6	23.7206
Q9C0H5	7	21.1288
Q9C0J8	11	26.0507
Q9GZM8	5	24.4458
Q9GZN2	5	21.9203
Q9GZP8	15	25.3943
Q9GZR1	8	23.1929
Q9GZR2	6	26.1114
Q9GZR7	1	30.3342
Q9GZT3	3	29.2714
Q9GZU1	3	23.5625
Q9GZV5	5	21.0771
Q9GZY8	4	27.6914
Q9GZZ9	4	26.7776
Q9H015	1	24.9510
Q9H019	4	25.8971
Q9H063	12	23.2788
Q9H089	1	28.1981
Q9H0B6	18	23.8198
Q9H0D6	23	26.2389
Q9H0E9	7	26.9965
Q9H0F6	1	23.0183
Q9H0G5	3	22.9257
Q9H0H5	13	26.2786
Q9H0K1	1	19.6688
Q9H0L4	9	27.3070
Q9H0M0	1	22.7864
Q9H0S4	2	30.4139
Q9H0W8	9	26.6933
Q9H0X9	8	23.0432
Q9H116	4	20.2517
Q9H161	4	23.8625
Q9H1A4	20	25.5255
Q9H1B7	9	23.6099
Q9H1E3	9	20.1592
Q9H1H9	3	23.2594
Q9H1K0	3	25.0328
Q9H211	7	22.3653
Q9H223	3	29.6883
Q9H2D6	2	26.7270
Q9H2F5	5	23.7406
Q9H2G2	5	28.0804
Q9H2G9	1	18.2221
Q9H2H9	12	21.9800
Q9H2J7	6	23.9285
Q9H2M9	3	29.1308
Q9H2P0	11	26.6315
Q9H2U2	10	26.2804
Q9H2Y7	9	26.0839
Q9H307	9	29.6017
Q9H330	11	22.9709
Q9H334	8	23.3534
Q9H3H1	8	24.3778
Q9H3N1	6	29.6104
Q9H3P2	24	25.5289
Q9H3Q1	15	25.0646
Q9H3U1	6	29.4882
Q9H3Z4	5	24.5835
Q9H410	21	22.9976
Q9H444	3	28.1150
Q9H467	12	22.8929
Q9H4A3	15	26.2575
Q9H4A4	10	28.9090
Q9H4A6	6	27.9216
Q9H4G0	3	26.0450
Q9H4I2	4	26.8652
Q9H4L4	10	28.1673
Q9H4L5	10	24.4630
Q9H4L7	3	27.9096
Q9H4M9	9	28.2403
Q9H4X1	6	22.8580
Q9H4Z3	10	23.4705
Q9H501	14	26.3322
Q9H582	3	25.5476
Q9H583	5	30.4364
Q9H5H4	5	22.0800
Q9H5I1	1	23.7419
Q9H5J8	3	22.9466
Q9H694	4	26.6094
Q9H6A9	7	24.2509
Q9H6B4	3	23.4557
Q9H6E5	3	25.4271
Q9H6F5	20	24.7925
Q9H6H4	22	23.3830
Q9H6K1	6	21.0529
Q9H6R4	8	29.3768
Q9H6R7	6	21.5314
Q9H6S0	9	28.3195
Q9H6S3	6	26.6081
Q9H6T3	2	28.0079
Q9H6W3	1	26.4006
Q9H6Z4	15	27.3898
Q9H773	6	28.8551
Q9H788	17	24.3207
Q9H792	12	22.3928
Q9H7C4	8	24.5819
Q9H7D0	17	25.4617
Q9H7D7	6	23.8244
Q9H7F0	5	26.2614
Q9H7L9	11	23.2693
Q9H7N4	8	25.9286
Q9H7P9	8	23.4610
Q9H7X7	2	21.5151
Q9H7Z6	2	21.8551
Q9H7Z7	1	29.6421
Q9H840	2	23.9592
Q9H869	2	21.1577
Q9H8G2	14	22.3993
Q9H8M2	3	23.5975
Q9H8T0	6	23.2600
Q9H8W4	1	22.2556
Q9H8Y5	8	26.4591
Q9H8Y8	15	23.7115
Q9H902	2	20.7886
Q9H930	3	18.4193
Q9H972	1	21.8546
Q9H981	6	23.5177
Q9H9A7	9	22.8930
Q9H9C1	6	24.6995
Q9H9E3	14	26.0037
Q9H9J4	8	24.4948
Q9HA47	6	23.0294
Q9HAC8	2	23.2329
Q9HAH7	1	23.5004
Q9HAN9	4	25.3326
Q9HAS0	1	25.5748
Q9HAU0	14	21.9775
Q9HAV4	1	29.1335
Q9HAW0	1	20.2271
Q9HAW4	16	22.4854
Q9HB09	11	21.8204
Q9HB19	6	26.9695
Q9HB20	1	19.9742
Q9HB58	7	22.8707
Q9HB90	11	24.1117
Q9HB96	14	22.7263
Q9HBD1	5	23.8983
Q9HBI1	2	29.0863
Q9HBL0	1	24.6420
Q9HC35	9	26.9491
Q9HC44	3	18.7401
Q9HC52	6	23.2617
Q9HC62	3	22.5228
Q9HCD5	10	27.4978
Q9HCD6	14	22.4005
Q9HCE1	16	27.2676
Q9HCE3	4	23.0179
Q9HCE7	1	22.3538
Q9HCG8	2	25.0122
Q9HCH0	13	23.6735
Q9HCI7	1	20.4823
Q9HCK8	17	25.9462
Q9HCM4	1	23.4728
Q9HCM7	10	21.5912
Q9HCN4	13	24.0816
Q9HD20	6	27.1630
Q9HDC5	6	22.9754
Q9NP31	1	20.3610
Q9NP61	2	22.2297
Q9NP64	4	22.7640
Q9NP66	16	24.2383
Q9NP72	2	29.1535
Q9NP74	13	23.7301
Q9NP87	4	22.2469
Q9NPA3	1	22.7502
Q9NPF5	11	25.1374
Q9NPH3	2	22.7237
Q9NPI6	24	25.0722
Q9NPJ6	1	21.4307
Q9NPQ8	5	27.4338
Q9NPR2	3	24.0929
Q9NQ55	11	27.9946
Q9NQ84	4	20.4926
Q9NQ92	5	20.4217
Q9NQA3	6	22.3665
Q9NQC1	2	18.6193
Q9NQC3	23	27.1643
Q9NQC7	1	21.5934
Q9NQG5	18	27.6947
Q9NQG6	3	24.1601
Q9NQP4	3	29.1049
Q9NQQ7	3	23.5391
Q9NQS7	8	24.9461
Q9NQW6	11	24.8178
Q9NQX3	6	26.4845
Q9NR09	1	26.5195
Q9NR19	6	24.5717
Q9NR30	22	27.9664
Q9NR31	4	28.6152
Q9NR48	7	25.9892
Q9NRA0	16	22.1720
Q9NRA8	5	25.0442
Q9NRE2	2	22.9172
Q9NRG1	1	25.4481
Q9NRG9	2	28.8332
Q9NRH2	1	20.8837
Q9NRL2	15	24.1679
Q9NRL3	2	24.0220
Q9NRR4	19	25.0592
Q9NRS6	3	22.2171
Q9NRX5	3	23.9437
Q9NRY4	14	26.5009
Q9NRY5	4	26.1217
Q9NS56	6	22.0933
Q9NS69	7	27.1110
Q9NS87	4	27.6207
Q9NS91	11	24.3491
Q9NSC5	11	22.7979
Q9NSI2	15	24.5275
Q9NSI6	6	21.2224
Q9NSK0	14	22.4493
Q9NSU2	2	23.6410
Q9NSV4	5	28.6381
Q9NSY1	11	23.2382
Q9NT62	5	27.2203
Q9NTI5	16	25.8699
Q9NTJ3	22	30.0974
Q9NTZ6	1	25.8191
Q9NU19	5	24.3203
Q9NU22	2	28.6685
Q9NUA8	6	23.2633
Q9NUE0	1	24.9987
Q9NUL3	17	25.5235
Q9NUM4	3	25.7390
Q9NUQ3	4	24.2156
Q9NUQ6	2	25.9138
Q9NUY8	5	25.0977
Q9NV56	5	25.6384
Q9NVA2	4	30.0630
Q9NVC3	1	24.1778
Q9NVD7	18	25.1830
Q9NVE7	1	27.0731
Q9NVF7	5	25.1762
Q9NVI1	18	26.6136
Q9NVI7	5	30.0018
Q9NVM6	8	26.3164
Q9NVM9	5	27.2494
Q9NVR2	12	25.4656
Q9NVR5	5	24.7401
Q9NVT9	1	27.5308
Q9NVU7	6	23.9352
Q9NVW2	6	20.1454
Q9NVZ3	4	25.6825
Q9NW68	4	25.9568
Q9NW81	2	26.2418
Q9NW97	3	19.6909
Q9NWA0	2	21.8507
Q9NWB6	12	24.1851
Q9NWH9	17	23.9781
Q9NWK9	7	21.9386
Q9NWS0	8	26.6696
Q9NWT1	17	24.8297
Q9NWV8	14	24.0503
Q9NWW5	2	26.6708
Q9NWZ3	3	24.7828
Q9NWZ5	5	25.1750
Q9NX00	4	25.2304
Q9NX40	4	28.7574
Q9NX57	1	26.6939
Q9NX58	2	24.7563
Q9NX63	8	27.2741
Q9NX95	2	21.2392
Q9NXC5	15	25.1207
Q9NXD2	2	23.0938
Q9NXE4	6	27.4252
Q9NXE8	10	23.4370
Q9NXG2	5	27.3699
Q9NXH8	1	25.1093
Q9NXH9	1	26.7005
Q9NXL9	4	20.6810
Q9NXR1	4	24.6301
Q9NXV2	2	26.3738
Q9NXV6	12	25.7653
Q9NY27	21	25.8035
Q9NY61	8	26.8694
Q9NY74	1	21.9850
Q9NYA4	3	23.7922
Q9NYB0	22	23.7983
Q9NYB9	21	24.4998
Q9NYD6	15	22.6009
Q9NYF3	5	21.9687
Q9NYF8	21	26.4577
Q9NYI0	2	19.7192
Q9NYJ1	3	27.4102
Q9NYJ8	6	22.3030
Q9NYL2	20	24.4909
Q9NYM9	8	22.9174
Q9NYP3	3	18.7046
Q9NYT0	2	24.7604
Q9NYV4	16	24.5015
Q9NYY8	1	29.0664
Q9NYZ3	9	22.1059
Q9NZ09	11	25.9810
Q9NZ20	1	21.0534
Q9NZ45	2	22.7715
Q9NZ52	9	22.7405
Q9NZ53	3	24.6180
Q9NZ63	4	26.3061
Q9NZ71	5	24.9631
Q9NZB2	1	30.2757
Q9NZC9	5	27.1124
Q9NZI8	24	27.0692
Q9NZJ0	13	22.0813
Q9NZJ4	5	29.3778
Q9NZJ5	3	24.6245
Q9NZM1	5	31.7087
Q9NZM3	10	23.8731
Q9NZM4	1	22.1191
Q9NZN4	6	29.3440
Q9NZN5	9	22.5337
Q9NZN8	16	24.6379
Q9NZQ3	4	25.8577
Q9NZT2	13	26.0612
Q9NZV5	2	20.7366
Q9NZW5	3	26.8540
Q9NZZ3	4	24.6323
Q9P015	1	27.3728
Q9P035	3	27.5412
Q9P0J7	5	22.8086
Q9P0K1	5	23.3245
Q9P0K7	16	27.5535
Q9P0L0	3	29.0637
Q9P0T7	3	24.8405
Q9P0U3	8	26.1185
Q9P0V3	16	24.4288
Q9P107	10	25.6490
Q9P1Q0	4	23.2463
Q9P1T7	2	20.9367
Q9P1Y5	3	17.5782
Q9P1Y6	10	24.0207
Q9P206	24	24.2351
Q9P209	15	24.5858
Q9P219	10	24.2123
Q9P227	5	24.1685
Q9P241	1	21.0832
Q9P242	9	22.0630
Q9P246	7	21.7914
Q9P253	2	27.9931
Q9P260	8	24.9899
Q9P265	6	27.3063
Q9P270	2	26.3475
Q9P275	7	26.7956
Q9P289	20	26.8206
Q9P2B4	16	24.2561
Q9P2D0	13	24.7735
Q9P2D1	10	26.3120
Q9P2D3	5	26.9571
Q9P2E9	22	28.0298
Q9P2F8	4	24.3495
Q9P2G1	1	18.6870
Q9P2K3	3	25.3441
Q9P2K8	10	24.1982
Q9P2M7	5	26.1079
Q9P2N5	1	28.6032
Q9P2N6	4	24.9353
Q9P2R6	4	22.3515
Q9P2Y5	5	24.0621
Q9UBB9	3	27.2278
Q9UBC2	23	25.8640
Q9UBC3	1	23.4843
Q9UBF8	12	24.9618
Q9UBH6	3	25.7538
Q9UBI6	1	26.0005
Q9UBI9	1	19.8214
Q9UBK8	6	27.3321
Q9UBL3	7	26.2098
Q9UBM7	4	29.4603
Q9UBN6	4	25.4990
Q9UBN7	5	25.2634
Q9UBP0	2	25.3986
Q9UBP6	6	25.8391
Q9UBQ5	6	28.8952
Q9UBT7	12	25.1401
Q9UBU6	2	24.3838
Q9UBU7	1	20.7103
Q9UBW7	10	25.5404
Q9UDT6	8	22.5361
Q9UDY2	18	21.7303
Q9UDY8	1	24.8489
Q9UEE5	2	21.6701
Q9UER7	14	23.0492
Q9UET6	1	22.5119
Q9UEU0	1	26.5934
Q9UEY8	16	24.2932
Q9UFC0	13	27.5650
Q9UGN5	1	27.1884
Q9UGP4	8	22.2105
Q9UGQ3	3	22.9093
Q9UGU0	10	24.4604
Q9UGU5	5	23.1942
Q9UGV2	9	27.3719
Q9UH62	19	24.7256
Q9UH99	7	27.4478
Q9UHB6	24	27.4603
Q9UHB7	15	25.3724
Q9UHD2	1	26.1514
Q9UHD8	4	31.5153
Q9UHF7	12	22.6933
Q9UHI6	19	26.8258
Q9UHK0	12	20.9041
Q9UHL9	5	25.5622
Q9UHR4	24	23.6558
Q9UHR5	3	27.3332
Q9UHV7	6	26.0779
Q9UHX1	10	27.2066
Q9UHY1	14	23.5921
Q9UI08	4	23.8850
Q9UI10	12	27.2156
Q9UID3	11	25.4620
Q9UIF8	1	21.3993
Q9UIF9	8	24.5388
Q9UIG0	7	29.5764
Q9UIQ6	3	27.8385
Q9UJ41	5	24.8440
Q9UJ70	6	26.5516
Q9UJ83	2	28.9078
Q9UJA3	3	22.6635
Q9UJF2	10	22.6816
Q9UJQ4	1	20.3151
Q9UJU6	6	27.6774
Q9UJW0	7	27.6617
Q9UJX2	21	24.1836
Q9UJX4	5	26.3152
Q9UJX5	19	26.0701
Q9UJX6	13	24.6052
Q9UJY4	7	23.8076
Q9UJZ1	4	30.4599
Q9UK58	11	22.7271
Q9UK59	12	23.1835
Q9UK61	10	27.5745
Q9UK76	8	25.6122
Q9UKA4	10	22.4996
Q9UKA9	3	27.1425
Q9UKB3	2	21.7300
Q9UKC9	2	21.6877
Q9UKD2	7	28.0911
Q9UKE5	4	23.0233
Q9UKG1	5	25.4573
Q9UKI8	4	25.7023
Q9UKJ3	16	23.3521
Q9UKK9	4	29.5935
Q9UKL0	20	25.8822
Q9UKL3	8	24.6886
Q9UKM9	18	24.8676
Q9UKN8	12	27.2518
Q9UKS6	24	26.8295
Q9UKT5	8	25.2680
Q9UKV3	24	26.7748
Q9UKV5	4	22.7390
Q9UKV8	5	28.1063
Q9UKW4	1	22.6376
Q9UKX7	23	25.0173
Q9UKY1	6	27.2720
Q9UKY7	7	25.1591
Q9UL46	1	29.1528
Q9ULD2	5	21.1074
Q9ULE0	3	18.6284
Q9ULF5	3	26.1321
Q9ULG6	4	24.9168
Q9ULH0	11	24.7371
Q9ULH1	7	24.1927
Q9ULH7	11	23.8073
Q9ULI0	8	25.7715
Q9ULJ3	9	19.7832
Q9ULJ7	1	25.9577
Q9ULJ8	3	24.7452
Q9ULL5	8	24.2291
Q9ULM3	12	24.2995
Q9ULQ0	2	18.7076
Q9ULR3	5	19.3047
Q9ULT0	7	19.5509
Q9ULT8	8	27.5647
Q9ULU4	12	22.3809
Q9ULV3	9	22.9902
Q9ULW0	17	26.2234
Q9ULX3	7	26.9302
Q9UM00	8	25.9718
Q9UM11	7	21.4887
Q9UMN6	6	23.5581
Q9UMX1	7	22.0217
Q9UMZ2	16	24.7745
Q9UN36	6	23.2172
Q9UN37	2	24.7178
Q9UN79	5	23.2785
Q9UN86	10	28.2677
Q9UNE7	19	26.3058
Q9UNF1	18	27.2984
Q9UNH7	3	27.1460
Q9UNL2	2	28.4517
Q9UNN5	14	26.9568
Q9UNS1	17	25.5685
Q9UNS2	5	27.8461
Q9UNZ2	2	27.7281
Q9UP95	3	26.1421
Q9UPN3	22	26.0695
Q9UPN4	16	24.4867
Q9UPN6	18	25.2000
Q9UPN7	2	24.7011
Q9UPN9	19	25.9327
Q9UPP1	9	25.4519
Q9UPQ0	14	25.3495
Q9UPQ3	5	19.6741
Q9UPQ9	2	26.3752
Q9UPR3	4	25.9028
Q9UPS8	5	21.5028
Q9UPT5	3	29.0943
Q9UPT8	16	24.8701
Q9UPU5	18	26.1032
Q9UPU7	3	23.2690
Q9UPU9	1	20.6936
Q9UPV0	3	21.6393
Q9UPW0	2	25.5379
Q9UPW6	5	24.5361
Q9UPY3	5	26.4756
Q9UPY5	17	22.1146
Q9UPY8	3	21.4878
Q9UPZ3	9	22.9231
Q9UQ35	22	27.9772
Q9UQ49	2	22.3195
Q9UQ80	21	29.9896
Q9UQ84	8	23.5434
Q9UQ88	4	23.7526
Q9UQB8	16	24.6384
Q9UQE7	11	29.7262
Q9UQN3	13	22.0328
Q9UQR0	9	24.8428
Q9UQR1	7	26.5247
Q9Y217	11	26.7177
Q9Y232	12	24.9987
Q9Y241	3	26.3683
Q9Y248	8	26.2872
Q9Y262	1	30.4243
Q9Y263	6	27.7262
Q9Y276	1	29.3199
Q9Y277	2	31.6804
Q9Y281	9	26.7736
Q9Y282	4	26.8349
Q9Y285	4	30.8959
Q9Y294	3	22.4171
Q9Y2B0	4	32.2575
Q9Y2D5	22	23.2387
Q9Y2D8	14	24.4630
Q9Y2F5	10	25.3742
Q9Y2G3	2	23.3549
Q9Y2H0	10	23.6039
Q9Y2H1	1	24.1145
Q9Y2H6	12	27.4159
Q9Y2I7	13	23.7641
Q9Y2J4	12	20.8112
Q9Y2K2	2	19.0090
Q9Y2K5	1	23.1964
Q9Y2K6	3	23.6626
Q9Y2K7	8	25.9039
Q9Y2L1	2	30.7200
Q9Y2L9	5	24.9558
Q9Y2R5	2	28.8982
Q9Y2S7	13	25.8791
Q9Y2U5	5	23.0554
Q9Y2U8	7	26.2237
Q9Y2V2	7	24.2324
Q9Y2W1	23	26.1962
Q9Y2W2	1	27.8691
Q9Y2X0	1	25.6924
Q9Y2X3	20	27.4188
Q9Y2X7	11	25.1096
Q9Y2X9	22	23.4894
Q9Y2Z0	5	27.4862
Q9Y314	4	28.3832
Q9Y320	11	25.6541
Q9Y342	2	21.8708
Q9Y383	1	28.5082
Q9Y385	5	24.6719
Q9Y388	7	24.8219
Q9Y3A2	4	25.1976
Q9Y3B9	8	28.0090
Q9Y3F4	1	31.3590
Q9Y3P9	4	26.2216
Q9Y3Q8	7	23.3157
Q9Y3S1	3	19.3827
Q9Y3T9	16	25.4341
Q9Y3X0	16	22.1609
Q9Y3Z3	9	26.5957
Q9Y446	8	26.7181
Q9Y478	14	23.4811
Q9Y485	9	24.2146
Q9Y487	2	28.2597
Q9Y490	4	30.3694
Q9Y4A5	14	26.2375
Q9Y4B5	20	24.8702
Q9Y4B6	17	26.4566
Q9Y4C1	4	24.4240
Q9Y4D8	1	22.1132
Q9Y4E1	3	22.7427
Q9Y4E6	12	22.1723
Q9Y4E8	20	26.8075
Q9Y4F1	19	24.2072
Q9Y4F3	7	24.7445
Q9Y4F5	11	22.0765
Q9Y4G6	6	26.8233
Q9Y4G8	6	22.3591
Q9Y4H2	7	23.1990
Q9Y4J8	3	22.4133
Q9Y4K4	4	26.1759
Q9Y4P8	2	21.6629
Q9Y4U1	5	24.6087
Q9Y4W2	7	29.2410
Q9Y520	24	26.5247
Q9Y534	3	22.8274
Q9Y580	21	23.1968
Q9Y597	10	21.0432
Q9Y5A9	7	27.4737
Q9Y5B0	4	23.2831
Q9Y5B9	9	29.5651
Q9Y5K6	12	25.7729
Q9Y5M8	2	28.1488
Q9Y5N6	5	22.6416
Q9Y5P4	4	25.2736
Q9Y5Q9	23	24.7698
Q9Y5S2	21	25.7930
Q9Y5S9	6	25.4025
Q9Y5T4	5	24.4234
Q9Y5T5	7	22.8501
Q9Y5U2	10	21.2479
Q9Y5W7	3	26.3994
Q9Y5W8	1	26.3599
Q9Y5X3	1	26.8609
Q9Y5Y0	6	26.1446
Q9Y5Z4	1	24.7480
Q9Y608	15	24.6708
Q9Y613	13	26.1250
Q9Y617	2	30.4228
Q9Y618	22	27.4979
Q9Y620	1	26.8836
Q9Y653	4	26.4861
Q9Y657	5	24.3748
Q9Y666	14	23.4059
Q9Y673	3	27.9042
Q9Y676	2	26.1448
Q9Y678	1	31.8280
Q9Y679	7	26.1187
Q9Y6A5	12	26.3108
Q9Y6D5	16	26.3794
Q9Y6D6	7	24.1910
Q9Y6D9	15	25.5243
Q9Y6G5	9	23.1233
Q9Y6G9	23	26.0184
Q9Y6I3	23	24.3657
Q9Y6I4	4	25.8355
Q9Y6I9	5	25.8027
Q9Y6J0	4	25.1933
Q9Y6K0	3	26.8044
Q9Y6K1	5	24.9248
Q9Y6K9	1	27.0557
Q9Y6M1	11	23.1148
Q9Y6M5	10	23.6536
Q9Y6M7	5	27.4724
Q9Y6N7	22	23.7003
Q9Y6Q9	14	24.4821
Q9Y6R0	4	23.8580
Q9Y6R9	3	22.7442
Q9Y6W5	19	24.4037
Q9Y6X4	2	22.4447
Q9Y6X9	15	26.0844
Q9Y6Y0	8	23.5688
