layer	fraction	n_runs	median_n	mad_n	median_log2	mad_log2
phospho	FR1	20	5490.5000	500.0000	20.4646	0.3901
phospho	FR2	20	6273.0000	553.0000	19.5388	0.1462
phospho	FR3	20	3301.0000	486.5000	17.2626	0.2881
phospho	FR4	20	4854.0000	607.0000	18.6335	0.2013
phospho	FR5	20	5883.0000	485.5000	19.2894	0.2918
phospho	FR6	20	4319.0000	324.0000	18.0560	0.2340
proteome	FR1	20	23237.0000	654.5000	23.0663	0.0357
proteome	FR2	20	33255.5000	1714.5000	22.9138	0.1166
proteome	FR3	20	23118.0000	1763.0000	21.9967	0.0805
proteome	FR4	20	29762.0000	737.0000	22.7379	0.0602
proteome	FR5	20	34965.5000	1316.0000	22.4800	0.0785
proteome	FR6	20	28825.5000	963.5000	21.9562	0.0946
