layer	fraction	rep	run	n_precursors	median_log2	cell_median_n	cell_mad_n	z_n_precursors	cell_median_log2	cell_mad_log2	z_median_log2	flag_n	flag_log2
phospho	FR1	Rep1	phospho/20200214_EXPL2_Evo1_AMV_SA_21m_DIA_Phos_HeLa_SUBCELL_EGF_CTRL_FR1_Rep1/	6446	19.2291	5490.5000	500.0000	1.2890	20.4646	0.3901	-2.1366	no	yes
phospho	FR1	Rep2	phospho/20200214_EXPL2_Evo1_AMV_SA_21m_DIA_Phos_HeLa_SUBCELL_EGF_CTRL_FR1_Rep2/	4593	20.2204	5490.5000	500.0000	-1.2107	20.4646	0.3901	-0.4224	no	no
phospho	FR1	Rep3	phospho/20200214_EXPL2_Evo1_AMV_SA_21m_DIA_Phos_HeLa_SUBCELL_EGF_CTRL_FR1_Rep3/	5382	20.9367	5490.5000	500.0000	-0.1464	20.4646	0.3901	0.8163	no	no
phospho	FR1	Rep4	phospho/20200214_EXPL2_Evo1_AMV_SA_21m_DIA_Phos_HeLa_SUBCELL_EGF_CTRL_FR1_Rep4/	5182	18.8867	5490.5000	500.0000	-0.4162	20.4646	0.3901	-2.7287	no	yes
phospho	FR2	Rep1	phospho/20200214_EXPL2_Evo1_AMV_SA_21m_DIA_Phos_HeLa_SUBCELL_EGF_CTRL_FR2_Rep1/	7483	19.2925	6273.0000	553.0000	1.4758	19.5388	0.1462	-1.1363	no	no
phospho	FR2	Rep2	phospho/20200214_EXPL2_Evo1_AMV_SA_21m_DIA_Phos_HeLa_SUBCELL_EGF_CTRL_FR2_Rep2/	6346	19.8852	6273.0000	553.0000	0.0890	19.5388	0.1462	1.5981	no	no
phospho	FR2	Rep3	phospho/20200214_EXPL2_Evo1_AMV_SA_21m_DIA_Phos_HeLa_SUBCELL_EGF_CTRL_FR2_Rep3/	6539	19.8185	6273.0000	553.0000	0.3244	19.5388	0.1462	1.2904	no	no
phospho	FR2	Rep4	phospho/20200214_EXPL2_Evo1_AMV_SA_21m_DIA_Phos_HeLa_SUBCELL_EGF_CTRL_FR2_Rep4/	5613	18.4218	6273.0000	553.0000	-0.8050	19.5388	0.1462	-5.1533	no	yes
phospho	FR3	Rep1	phospho/20200214_EXPL2_Evo1_AMV_SA_21m_DIA_Phos_HeLa_SUBCELL_EGF_CTRL_FR3_Rep1/	4156	16.8545	3301.0000	486.5000	1.1854	17.2626	0.2881	-0.9556	no	no
phospho	FR3	Rep2	phospho/20200214_EXPL2_Evo1_AMV_SA_21m_DIA_Phos_HeLa_SUBCELL_EGF_CTRL_FR3_Rep2/	2699	17.0776	3301.0000	486.5000	-0.8346	17.2626	0.2881	-0.4332	no	no
phospho	FR3	Rep3	phospho/20200214_EXPL2_Evo1_AMV_SA_21m_DIA_Phos_HeLa_SUBCELL_EGF_CTRL_FR3_Rep3/	3423	17.5524	3301.0000	486.5000	0.1691	17.2626	0.2881	0.6786	no	no
phospho	FR3	Rep4	phospho/20200214_EXPL2_Evo1_AMV_SA_21m_DIA_Phos_HeLa_SUBCELL_EGF_CTRL_FR3_Rep4/	4419	18.0977	3301.0000	486.5000	1.5500	17.2626	0.2881	1.9554	no	no
phospho	FR4	Rep1	phospho/20200214_EXPL2_Evo1_AMV_SA_21m_DIA_Phos_HeLa_SUBCELL_EGF_CTRL_FR4_Rep1/	6053	18.7845	4854.0000	607.0000	1.3323	18.6335	0.2013	0.5057	no	no
phospho	FR4	Rep2	phospho/20200214_EXPL2_Evo1_AMV_SA_21m_DIA_Phos_HeLa_SUBCELL_EGF_CTRL_FR4_Rep2/	3057	17.6090	4854.0000	607.0000	-1.9968	18.6335	0.2013	-3.4321	no	yes
phospho	FR4	Rep3	phospho/20200214_EXPL2_Evo1_AMV_SA_21m_DIA_Phos_HeLa_SUBCELL_EGF_CTRL_FR4_Rep3/	5420	18.9520	4854.0000	607.0000	0.6289	18.6335	0.2013	1.0668	no	no
phospho	FR4	Rep4	phospho/20200214_EXPL2_Evo1_AMV_SA_21m_DIA_Phos_HeLa_SUBCELL_EGF_CTRL_FR4_Rep4/	5894	19.2360	4854.0000	607.0000	1.1556	18.6335	0.2013	2.0181	no	yes
phospho	FR5	Rep1	phospho/20200214_EXPL2_Evo1_AMV_SA_21m_DIA_Phos_HeLa_SUBCELL_EGF_CTRL_FR5_Rep1/	5745	18.1787	5883.0000	485.5000	-0.1917	19.2894	0.2918	-2.5679	no	yes
phospho	FR5	Rep2	phospho/20200214_EXPL2_Evo1_AMV_SA_21m_DIA_Phos_HeLa_SUBCELL_EGF_CTRL_FR5_Rep2/	5029	18.7601	5883.0000	485.5000	-1.1864	19.2894	0.2918	-1.2238	no	no
phospho	FR5	Rep3	phospho/20200214_EXPL2_Evo1_AMV_SA_21m_DIA_Phos_HeLa_SUBCELL_EGF_CTRL_FR5_Rep3/	6229	19.2126	5883.0000	485.5000	0.4807	19.2894	0.2918	-0.1777	no	no
phospho	FR5	Rep4	phospho/20200214_EXPL2_Evo1_AMV_SA_21m_DIA_Phos_HeLa_SUBCELL_EGF_CTRL_FR5_Rep4/	6422	19.8152	5883.0000	485.5000	0.7488	19.2894	0.2918	1.2155	no	no
phospho	FR6	Rep1	phospho/20200214_EXPL2_Evo1_AMV_SA_21m_DIA_Phos_HeLa_SUBCELL_EGF_CTRL_FR6_Rep1/	5208	18.0271	4319.0000	324.0000	1.8507	18.0560	0.2340	-0.0833	no	no
phospho	FR6	Rep2	phospho/20200214_EXPL2_Evo1_AMV_SA_21m_DIA_Phos_HeLa_SUBCELL_EGF_CTRL_FR6_Rep2/	2777	17.7050	4319.0000	324.0000	-3.2101	18.0560	0.2340	-1.0120	yes	no
phospho	FR6	Rep3	phospho/20200214_EXPL2_Evo1_AMV_SA_21m_DIA_Phos_HeLa_SUBCELL_EGF_CTRL_FR6_Rep3/	4193	17.9405	4319.0000	324.0000	-0.2623	18.0560	0.2340	-0.3330	no	no
phospho	FR6	Rep4	phospho/20200214_EXPL2_Evo1_AMV_SA_21m_DIA_Phos_HeLa_SUBCELL_EGF_CTRL_FR6_Rep4/	5373	19.8674	4319.0000	324.0000	2.1942	18.0560	0.2340	5.2224	yes	yes
proteome	FR1	Rep1	proteome/20200217_EXPL2_Evo1_AMV_SA_21m_DIA_Prot_HeLa_SUBCELL_EGF_CTRL_FR1_Rep1/	26214	22.9766	23237.0000	654.5000	3.0679	23.0663	0.0357	-1.6924	yes	no
proteome	FR1	Rep2	proteome/20200217_EXPL2_Evo1_AMV_SA_21m_DIA_Prot_HeLa_SUBCELL_EGF_CTRL_FR1_Rep2/	25209	23.0913	23237.0000	654.5000	2.0322	23.0663	0.0357	0.4717	yes	no
proteome	FR1	Rep3	proteome/20200217_EXPL2_Evo1_AMV_SA_21m_DIA_Prot_HeLa_SUBCELL_EGF_CTRL_FR1_Rep3/	22484	23.0867	23237.0000	654.5000	-0.7760	23.0663	0.0357	0.3849	no	no
proteome	FR1	Rep4	proteome/20200217_EXPL2_Evo1_AMV_SA_21m_DIA_Prot_HeLa_SUBCELL_EGF_CTRL_FR1_Rep4/	24401	23.0873	23237.0000	654.5000	1.1996	23.0663	0.0357	0.3962	no	no
proteome	FR2	Rep1	proteome/20200217_EXPL2_Evo1_AMV_SA_21m_DIA_Prot_HeLa_SUBCELL_EGF_CTRL_FR2_Rep1/	36702	23.1255	33255.5000	1714.5000	1.3559	22.9138	0.1166	1.2244	no	no
proteome	FR2	Rep2	proteome/20200217_EXPL2_Evo1_AMV_SA_21m_DIA_Prot_HeLa_SUBCELL_EGF_CTRL_FR2_Rep2/	34323	23.1644	33255.5000	1714.5000	0.4200	22.9138	0.1166	1.4493	no	no
proteome	FR2	Rep3	proteome/20200217_EXPL2_Evo1_AMV_SA_21m_DIA_Prot_HeLa_SUBCELL_EGF_CTRL_FR2_Rep3/	32371	22.9254	33255.5000	1714.5000	-0.3480	22.9138	0.1166	0.0674	no	no
proteome	FR2	Rep4	proteome/20200217_EXPL2_Evo1_AMV_SA_21m_DIA_Prot_HeLa_SUBCELL_EGF_CTRL_FR2_Rep4/	36205	22.5531	33255.5000	1714.5000	1.1603	22.9138	0.1166	-2.0853	no	yes
proteome	FR3	Rep1	proteome/20200217_EXPL2_Evo1_AMV_SA_21m_DIA_Prot_HeLa_SUBCELL_EGF_CTRL_FR3_Rep1/	28973	22.2016	23118.0000	1763.0000	2.2400	21.9967	0.0805	1.7164	yes	no
proteome	FR3	Rep2	proteome/20200217_EXPL2_Evo1_AMV_SA_21m_DIA_Prot_HeLa_SUBCELL_EGF_CTRL_FR3_Rep2/	29118	22.2407	23118.0000	1763.0000	2.2955	21.9967	0.0805	2.0440	yes	yes
proteome	FR3	Rep3	proteome/20200217_EXPL2_Evo1_AMV_SA_21m_DIA_Prot_HeLa_SUBCELL_EGF_CTRL_FR3_Rep3/	22992	22.0532	23118.0000	1763.0000	-0.0482	21.9967	0.0805	0.4730	no	no
proteome	FR3	Rep4	proteome/20200217_EXPL2_Evo1_AMV_SA_21m_DIA_Prot_HeLa_SUBCELL_EGF_CTRL_FR3_Rep4/	25268	22.6767	23118.0000	1763.0000	0.8225	21.9967	0.0805	5.6971	no	yes
proteome	FR4	Rep1	proteome/20200217_EXPL2_Evo1_AMV_SA_21m_DIA_Prot_HeLa_SUBCELL_EGF_CTRL_FR4_Rep1/	31083	22.7523	29762.0000	737.0000	1.2090	22.7379	0.0602	0.1612	no	no
proteome	FR4	Rep2	proteome/20200217_EXPL2_Evo1_AMV_SA_21m_DIA_Prot_HeLa_SUBCELL_EGF_CTRL_FR4_Rep2/	34488	23.0124	29762.0000	737.0000	4.3252	22.7379	0.0602	3.0730	yes	yes
proteome	FR4	Rep3	proteome/20200217_EXPL2_Evo1_AMV_SA_21m_DIA_Prot_HeLa_SUBCELL_EGF_CTRL_FR4_Rep3/	30239	22.6961	29762.0000	737.0000	0.4365	22.7379	0.0602	-0.4679	no	no
proteome	FR4	Rep4	proteome/20200217_EXPL2_Evo1_AMV_SA_21m_DIA_Prot_HeLa_SUBCELL_EGF_CTRL_FR4_Rep4/	34688	22.8910	29762.0000	737.0000	4.5082	22.7379	0.0602	1.7139	yes	no
proteome	FR5	Rep1	proteome/20200217_EXPL2_Evo1_AMV_SA_21m_DIA_Prot_HeLa_SUBCELL_EGF_CTRL_FR5_Rep1/	33815	22.3637	34965.5000	1316.0000	-0.5897	22.4800	0.0785	-0.9993	no	no
proteome	FR5	Rep2	proteome/20200217_EXPL2_Evo1_AMV_SA_21m_DIA_Prot_HeLa_SUBCELL_EGF_CTRL_FR5_Rep2/	38516	22.7336	34965.5000	1316.0000	1.8197	22.4800	0.0785	2.1790	no	yes
proteome	FR5	Rep3	proteome/20200217_EXPL2_Evo1_AMV_SA_21m_DIA_Prot_HeLa_SUBCELL_EGF_CTRL_FR5_Rep3/	36064	22.5628	34965.5000	1316.0000	0.5630	22.4800	0.0785	0.7114	no	no
proteome	FR5	Rep4	proteome/20200217_EXPL2_Evo1_AMV_SA_21m_DIA_Prot_HeLa_SUBCELL_EGF_CTRL_FR5_Rep4/	39993	22.8495	34965.5000	1316.0000	2.5767	22.4800	0.0785	3.1748	yes	yes
proteome	FR6	Rep1	proteome/20200217_EXPL2_Evo1_AMV_SA_21m_DIA_Prot_HeLa_SUBCELL_EGF_CTRL_FR6_Rep1/	28766	21.9134	28825.5000	963.5000	-0.0417	21.9562	0.0946	-0.3046	no	no
proteome	FR6	Rep2	proteome/20200217_EXPL2_Evo1_AMV_SA_21m_DIA_Prot_HeLa_SUBCELL_EGF_CTRL_FR6_Rep2/	32435	22.2527	28825.5000	963.5000	2.5268	21.9562	0.0946	2.1133	yes	yes
proteome	FR6	Rep3	proteome/20200217_EXPL2_Evo1_AMV_SA_21m_DIA_Prot_HeLa_SUBCELL_EGF_CTRL_FR6_Rep3/	29201	21.9457	28825.5000	963.5000	0.2629	21.9562	0.0946	-0.0745	no	no
proteome	FR6	Rep4	proteome/20200217_EXPL2_Evo1_AMV_SA_21m_DIA_Prot_HeLa_SUBCELL_EGF_CTRL_FR6_Rep4/	31497	22.7412	28825.5000	963.5000	1.8702	21.9562	0.0946	5.5944	no	yes
