run	genes	protein_group	quantity
20200217_EXPL2_Evo1_AMV_SA_21m_DIA_Prot_HeLa_SUBCELL_EGF_20min_FR1_Rep1	CBL	P22681	2.25789e+06
20200217_EXPL2_Evo1_AMV_SA_21m_DIA_Prot_HeLa_SUBCELL_EGF_20min_FR1_Rep1	SHC1	P29353	3.45506e+07
20200217_EXPL2_Evo1_AMV_SA_21m_DIA_Prot_HeLa_SUBCELL_EGF_20min_FR1_Rep1	GRB2	P62993	2.09193e+07
20200217_EXPL2_Evo1_AMV_SA_21m_DIA_Prot_HeLa_SUBCELL_EGF_20min_FR1_Rep2	CBL	P22681	2.15585e+06
20200217_EXPL2_Evo1_AMV_SA_21m_DIA_Prot_HeLa_SUBCELL_EGF_20min_FR1_Rep2	SHC1	P29353	3.47852e+07
20200217_EXPL2_Evo1_AMV_SA_21m_DIA_Prot_HeLa_SUBCELL_EGF_20min_FR1_Rep2	GRB2	P62993	2.56051e+07
20200217_EXPL2_Evo1_AMV_SA_21m_DIA_Prot_HeLa_SUBCELL_EGF_20min_FR1_Rep3	CBL	P22681	3.84477e+06
20200217_EXPL2_Evo1_AMV_SA_21m_DIA_Prot_HeLa_SUBCELL_EGF_20min_FR1_Rep3	SHC1	P29353	3.5711e+07
20200217_EXPL2_Evo1_AMV_SA_21m_DIA_Prot_HeLa_SUBCELL_EGF_20min_FR1_Rep3	GRB2	P62993	2.55813e+07
20200217_EXPL2_Evo1_AMV_SA_21m_DIA_Prot_HeLa_SUBCELL_EGF_20min_FR1_Rep4	CBL	P22681	4.76044e+06
20200217_EXPL2_Evo1_AMV_SA_21m_DIA_Prot_HeLa_SUBCELL_EGF_20min_FR1_Rep4	SHC1	P29353	3.74887e+07
20200217_EXPL2_Evo1_AMV_SA_21m_DIA_Prot_HeLa_SUBCELL_EGF_20min_FR1_Rep4	GRB2	P62993	2.69218e+07
20200217_EXPL2_Evo1_AMV_SA_21m_DIA_Prot_HeLa_SUBCELL_EGF_20min_FR2_Rep1	SHC1	P29353	1.03386e+07
20200217_EXPL2_Evo1_AMV_SA_21m_DIA_Prot_HeLa_SUBCELL_EGF_20min_FR2_Rep1	GRB2	P62993	1.79696e+07
20200217_EXPL2_Evo1_AMV_SA_21m_DIA_Prot_HeLa_SUBCELL_EGF_20min_FR2_Rep2	EGFR	P00533	1.68619e+06
20200217_EXPL2_Evo1_AMV_SA_21m_DIA_Prot_HeLa_SUBCELL_EGF_20min_FR2_Rep2	SHC1	P29353	6.44657e+06
20200217_EXPL2_Evo1_AMV_SA_21m_DIA_Prot_HeLa_SUBCELL_EGF_20min_FR2_Rep2	GRB2	P62993	1.12062e+07
20200217_EXPL2_Evo1_AMV_SA_21m_DIA_Prot_HeLa_SUBCELL_EGF_20min_FR2_Rep3	EGFR	P00533	773462
20200217_EXPL2_Evo1_AMV_SA_21m_DIA_Prot_HeLa_SUBCELL_EGF_20min_FR2_Rep3	SHC1	P29353	8.03888e+06
20200217_EXPL2_Evo1_AMV_SA_21m_DIA_Prot_HeLa_SUBCELL_EGF_20min_FR2_Rep3	GRB2	P62993	1.81307e+07
20200217_EXPL2_Evo1_AMV_SA_21m_DIA_Prot_HeLa_SUBCELL_EGF_20min_FR2_Rep4	SHC1	P29353	6.68718e+06
20200217_EXPL2_Evo1_AMV_SA_21m_DIA_Prot_HeLa_SUBCELL_EGF_20min_FR2_Rep4	GRB2	P62993	1.76173e+07
20200217_EXPL2_Evo1_AMV_SA_21m_DIA_Prot_HeLa_SUBCELL_EGF_20min_FR3_Rep1	EGFR	P00533	1.46768e+07
20200217_EXPL2_Evo1_AMV_SA_21m_DIA_Prot_HeLa_SUBCELL_EGF_20min_FR3_Rep1	SHC1	P29353	5.12754e+06
20200217_EXPL2_Evo1_AMV_SA_21m_DIA_Prot_HeLa_SUBCELL_EGF_20min_FR3_Rep1	GRB2	P62993	1.19441e+07
20200217_EXPL2_Evo1_AMV_SA_21m_DIA_Prot_HeLa_SUBCELL_EGF_20min_FR3_Rep2	EGFR	P00533	2.11803e+07
20200217_EXPL2_Evo1_AMV_SA_21m_DIA_Prot_HeLa_SUBCELL_EGF_20min_FR3_Rep2	CBL	P22681	5.25828e+07
20200217_EXPL2_Evo1_AMV_SA_21m_DIA_Prot_HeLa_SUBCELL_EGF_20min_FR3_Rep2	SHC1	P29353	5.24374e+06
20200217_EXPL2_Evo1_AMV_SA_21m_DIA_Prot_HeLa_SUBCELL_EGF_20min_FR3_Rep2	GRB2	P62993	1.61082e+07
20200217_EXPL2_Evo1_AMV_SA_21m_DIA_Prot_HeLa_SUBCELL_EGF_20min_FR3_Rep3	EGFR	P00533	2.6033e+07
20200217_EXPL2_Evo1_AMV_SA_21m_DIA_Prot_HeLa_SUBCELL_EGF_20min_FR3_Rep3	CBL	P22681	4.00678e+07
20200217_EXPL2_Evo1_AMV_SA_21m_DIA_Prot_HeLa_SUBCELL_EGF_20min_FR3_Rep3	SHC1	P29353	4.40178e+06
20200217_EXPL2_Evo1_AMV_SA_21m_DIA_Prot_HeLa_SUBCELL_EGF_20min_FR3_Rep3	GRB2	P62993	3.00695e+07
20200217_EXPL2_Evo1_AMV_SA_21m_DIA_Prot_HeLa_SUBCELL_EGF_20min_FR3_Rep4	EGFR	P00533	1.31339e+07
20200217_EXPL2_Evo1_AMV_SA_21m_DIA_Prot_HeLa_SUBCELL_EGF_20min_FR3_Rep4	SHC1	P29353	2.17406e+06
20200217_EXPL2_Evo1_AMV_SA_21m_DIA_Prot_HeLa_SUBCELL_EGF_20min_FR3_Rep4	GRB2	P62993	8.52249e+06
20200217_EXPL2_Evo1_AMV_SA_21m_DIA_Prot_HeLa_SUBCELL_EGF_20min_FR4_Rep1	EGFR	P00533	9.81965e+07
20200217_EXPL2_Evo1_AMV_SA_21m_DIA_Prot_HeLa_SUBCELL_EGF_20min_FR4_Rep1	CBL	P22681	1.25822e+07
20200217_EXPL2_Evo1_AMV_SA_21m_DIA_Prot_HeLa_SUBCELL_EGF_20min_FR4_Rep1	SHC1	P29353	1.6638e+07
20200217_EXPL2_Evo1_AMV_SA_21m_DIA_Prot_HeLa_SUBCELL_EGF_20min_FR4_Rep1	GRB2	P62993	4.25649e+07
20200217_EXPL2_Evo1_AMV_SA_21m_DIA_Prot_HeLa_SUBCELL_EGF_20min_FR4_Rep2	EGFR	P00533	9.07916e+07
20200217_EXPL2_Evo1_AMV_SA_21m_DIA_Prot_HeLa_SUBCELL_EGF_20min_FR4_Rep2	CBL	P22681	7.60851e+06
20200217_EXPL2_Evo1_AMV_SA_21m_DIA_Prot_HeLa_SUBCELL_EGF_20min_FR4_Rep2	SHC1	P29353	2.37536e+07
20200217_EXPL2_Evo1_AMV_SA_21m_DIA_Prot_HeLa_SUBCELL_EGF_20min_FR4_Rep2	GRB2	P62993	3.7081e+07
20200217_EXPL2_Evo1_AMV_SA_21m_DIA_Prot_HeLa_SUBCELL_EGF_20min_FR4_Rep3	EGFR	P00533	5.99724e+07
20200217_EXPL2_Evo1_AMV_SA_21m_DIA_Prot_HeLa_SUBCELL_EGF_20min_FR4_Rep3	SHC1	P29353	1.40075e+07
20200217_EXPL2_Evo1_AMV_SA_21m_DIA_Prot_HeLa_SUBCELL_EGF_20min_FR4_Rep3	GRB2	P62993	1.71153e+07
20200217_EXPL2_Evo1_AMV_SA_21m_DIA_Prot_HeLa_SUBCELL_EGF_20min_FR4_Rep4	EGFR	P00533	9.45558e+07
20200217_EXPL2_Evo1_AMV_SA_21m_DIA_Prot_HeLa_SUBCELL_EGF_20min_FR4_Rep4	CBL	P22681	1.31575e+07
20200217_EXPL2_Evo1_AMV_SA_21m_DIA_Prot_HeLa_SUBCELL_EGF_20min_FR4_Rep4	SHC1	P29353	1.58785e+07
20200217_EXPL2_Evo1_AMV_SA_21m_DIA_Prot_HeLa_SUBCELL_EGF_20min_FR4_Rep4	GRB2	P62993	2.77014e+07
20200217_EXPL2_Evo1_AMV_SA_21m_DIA_Prot_HeLa_SUBCELL_EGF_20min_FR5_Rep1	EGFR	P00533	8.3818e+06
20200217_EXPL2_Evo1_AMV_SA_21m_DIA_Prot_HeLa_SUBCELL_EGF_20min_FR5_Rep1	SHC1	P29353	1.73267e+06
20200217_EXPL2_Evo1_AMV_SA_21m_DIA_Prot_HeLa_SUBCELL_EGF_20min_FR5_Rep2	EGFR	P00533	2.71934e+07
20200217_EXPL2_Evo1_AMV_SA_21m_DIA_Prot_HeLa_SUBCELL_EGF_20min_FR5_Rep2	SHC1	P29353	1.57175e+06
20200217_EXPL2_Evo1_AMV_SA_21m_DIA_Prot_HeLa_SUBCELL_EGF_20min_FR5_Rep3	SHC1	P29353	1.57961e+06
20200217_EXPL2_Evo1_AMV_SA_21m_DIA_Prot_HeLa_SUBCELL_EGF_20min_FR5_Rep4	EGFR	P00533	4.75392e+06
20200217_EXPL2_Evo1_AMV_SA_21m_DIA_Prot_HeLa_SUBCELL_EGF_20min_FR5_Rep4	SHC1	P29353	2.51483e+06
20200217_EXPL2_Evo1_AMV_SA_21m_DIA_Prot_HeLa_SUBCELL_EGF_20min_FR6_Rep1	EGFR	P00533	3.99543e+06
20200217_EXPL2_Evo1_AMV_SA_21m_DIA_Prot_HeLa_SUBCELL_EGF_20min_FR6_Rep1	SHC1	P29353	2.95117e+06
20200217_EXPL2_Evo1_AMV_SA_21m_DIA_Prot_HeLa_SUBCELL_EGF_20min_FR6_Rep2	EGFR	P00533	5.95877e+07
20200217_EXPL2_Evo1_AMV_SA_21m_DIA_Prot_HeLa_SUBCELL_EGF_20min_FR6_Rep2	CBL	P22681	4.90251e+06
20200217_EXPL2_Evo1_AMV_SA_21m_DIA_Prot_HeLa_SUBCELL_EGF_20min_FR6_Rep2	SHC1	P29353	4.4328e+06
20200217_EXPL2_Evo1_AMV_SA_21m_DIA_Prot_HeLa_SUBCELL_EGF_20min_FR6_Rep2	GRB2	P62993	6.11747e+06
20200217_EXPL2_Evo1_AMV_SA_21m_DIA_Prot_HeLa_SUBCELL_EGF_20min_FR6_Rep3	EGFR	P00533	9.03966e+07
20200217_EXPL2_Evo1_AMV_SA_21m_DIA_Prot_HeLa_SUBCELL_EGF_20min_FR6_Rep3	CBL	P22681	1.17512e+07
20200217_EXPL2_Evo1_AMV_SA_21m_DIA_Prot_HeLa_SUBCELL_EGF_20min_FR6_Rep3	SHC1	P29353	1.32364e+07
20200217_EXPL2_Evo1_AMV_SA_21m_DIA_Prot_HeLa_SUBCELL_EGF_20min_FR6_Rep3	GRB2	P62993	1.42776e+07
20200217_EXPL2_Evo1_AMV_SA_21m_DIA_Prot_HeLa_SUBCELL_EGF_20min_FR6_Rep4	EGFR	P00533	5.54692e+06
20200217_EXPL2_Evo1_AMV_SA_21m_DIA_Prot_HeLa_SUBCELL_EGF_20min_FR6_Rep4	SHC1	P29353	1.90244e+06
20200217_EXPL2_Evo1_AMV_SA_21m_DIA_Prot_HeLa_SUBCELL_EGF_2min_FR1_Rep1	CBL	P22681	3.81654e+06
20200217_EXPL2_Evo1_AMV_SA_21m_DIA_Prot_HeLa_SUBCELL_EGF_2min_FR1_Rep1	SHC1	P29353	3.45533e+07
20200217_EXPL2_Evo1_AMV_SA_21m_DIA_Prot_HeLa_SUBCELL_EGF_2min_FR1_Rep1	GRB2	P62993	1.86221e+07
20200217_EXPL2_Evo1_AMV_SA_21m_DIA_Prot_HeLa_SUBCELL_EGF_2min_FR1_Rep2	CBL	P22681	2.49284e+06
20200217_EXPL2_Evo1_AMV_SA_21m_DIA_Prot_HeLa_SUBCELL_EGF_2min_FR1_Rep2	SHC1	P29353	2.80195e+07
20200217_EXPL2_Evo1_AMV_SA_21m_DIA_Prot_HeLa_SUBCELL_EGF_2min_FR1_Rep2	GRB2	P62993	1.92016e+07
20200217_EXPL2_Evo1_AMV_SA_21m_DIA_Prot_HeLa_SUBCELL_EGF_2min_FR1_Rep3	CBL	P22681	2.09038e+06
20200217_EXPL2_Evo1_AMV_SA_21m_DIA_Prot_HeLa_SUBCELL_EGF_2min_FR1_Rep3	SHC1	P29353	2.22335e+07
20200217_EXPL2_Evo1_AMV_SA_21m_DIA_Prot_HeLa_SUBCELL_EGF_2min_FR1_Rep3	GRB2	P62993	2.33908e+07
20200217_EXPL2_Evo1_AMV_SA_21m_DIA_Prot_HeLa_SUBCELL_EGF_2min_FR1_Rep4	CBL	P22681	3.15731e+06
20200217_EXPL2_Evo1_AMV_SA_21m_DIA_Prot_HeLa_SUBCELL_EGF_2min_FR1_Rep4	SHC1	P29353	2.22928e+07
20200217_EXPL2_Evo1_AMV_SA_21m_DIA_Prot_HeLa_SUBCELL_EGF_2min_FR1_Rep4	GRB2	P62993	2.14813e+07
20200217_EXPL2_Evo1_AMV_SA_21m_DIA_Prot_HeLa_SUBCELL_EGF_2min_FR2_Rep1	SHC1	P29353	1.21237e+07
20200217_EXPL2_Evo1_AMV_SA_21m_DIA_Prot_HeLa_SUBCELL_EGF_2min_FR2_Rep1	GRB2	P62993	2.47687e+07
20200217_EXPL2_Evo1_AMV_SA_21m_DIA_Prot_HeLa_SUBCELL_EGF_2min_FR2_Rep2	CBL	P22681	3.72574e+06
20200217_EXPL2_Evo1_AMV_SA_21m_DIA_Prot_HeLa_SUBCELL_EGF_2min_FR2_Rep2	SHC1	P29353	1.17233e+07
20200217_EXPL2_Evo1_AMV_SA_21m_DIA_Prot_HeLa_SUBCELL_EGF_2min_FR2_Rep2	GRB2	P62993	2.18237e+07
20200217_EXPL2_Evo1_AMV_SA_21m_DIA_Prot_HeLa_SUBCELL_EGF_2min_FR2_Rep3	CBL	P22681	913402
20200217_EXPL2_Evo1_AMV_SA_21m_DIA_Prot_HeLa_SUBCELL_EGF_2min_FR2_Rep3	SHC1	P29353	7.87817e+06
20200217_EXPL2_Evo1_AMV_SA_21m_DIA_Prot_HeLa_SUBCELL_EGF_2min_FR2_Rep3	GRB2	P62993	2.29788e+07
20200217_EXPL2_Evo1_AMV_SA_21m_DIA_Prot_HeLa_SUBCELL_EGF_2min_FR2_Rep4	SHC1	P29353	9.61837e+06
20200217_EXPL2_Evo1_AMV_SA_21m_DIA_Prot_HeLa_SUBCELL_EGF_2min_FR2_Rep4	GRB2	P62993	1.59521e+07
20200217_EXPL2_Evo1_AMV_SA_21m_DIA_Prot_HeLa_SUBCELL_EGF_2min_FR3_Rep1	EGFR	P00533	9.15438e+06
20200217_EXPL2_Evo1_AMV_SA_21m_DIA_Prot_HeLa_SUBCELL_EGF_2min_FR3_Rep1	SHC1	P29353	2.21913e+06
20200217_EXPL2_Evo1_AMV_SA_21m_DIA_Prot_HeLa_SUBCELL_EGF_2min_FR3_Rep1	GRB2	P62993	1.01464e+07
20200217_EXPL2_Evo1_AMV_SA_21m_DIA_Prot_HeLa_SUBCELL_EGF_2min_FR3_Rep2	EGFR	P00533	1.64928e+07
20200217_EXPL2_Evo1_AMV_SA_21m_DIA_Prot_HeLa_SUBCELL_EGF_2min_FR3_Rep2	CBL	P22681	1.53602e+07
20200217_EXPL2_Evo1_AMV_SA_21m_DIA_Prot_HeLa_SUBCELL_EGF_2min_FR3_Rep2	SHC1	P29353	4.68852e+06
20200217_EXPL2_Evo1_AMV_SA_21m_DIA_Prot_HeLa_SUBCELL_EGF_2min_FR3_Rep2	GRB2	P62993	1.69798e+07
20200217_EXPL2_Evo1_AMV_SA_21m_DIA_Prot_HeLa_SUBCELL_EGF_2min_FR3_Rep3	EGFR	P00533	1.10349e+07
20200217_EXPL2_Evo1_AMV_SA_21m_DIA_Prot_HeLa_SUBCELL_EGF_2min_FR3_Rep3	SHC1	P29353	1.61162e+06
20200217_EXPL2_Evo1_AMV_SA_21m_DIA_Prot_HeLa_SUBCELL_EGF_2min_FR3_Rep3	GRB2	P62993	8.38854e+06
20200217_EXPL2_Evo1_AMV_SA_21m_DIA_Prot_HeLa_SUBCELL_EGF_2min_FR3_Rep4	EGFR	P00533	8.19549e+06
20200217_EXPL2_Evo1_AMV_SA_21m_DIA_Prot_HeLa_SUBCELL_EGF_2min_FR3_Rep4	SHC1	P29353	5.41154e+06
20200217_EXPL2_Evo1_AMV_SA_21m_DIA_Prot_HeLa_SUBCELL_EGF_2min_FR3_Rep4	GRB2	P62993	8.1178e+06
20200217_EXPL2_Evo1_AMV_SA_21m_DIA_Prot_HeLa_SUBCELL_EGF_2min_FR4_Rep1	EGFR	P00533	1.20744e+08
20200217_EXPL2_Evo1_AMV_SA_21m_DIA_Prot_HeLa_SUBCELL_EGF_2min_FR4_Rep1	CBL	P22681	1.51928e+07
20200217_EXPL2_Evo1_AMV_SA_21m_DIA_Prot_HeLa_SUBCELL_EGF_2min_FR4_Rep1	SHC1	P29353	3.68735e+07
20200217_EXPL2_Evo1_AMV_SA_21m_DIA_Prot_HeLa_SUBCELL_EGF_2min_FR4_Rep1	GRB2	P62993	7.20858e+07
20200217_EXPL2_Evo1_AMV_SA_21m_DIA_Prot_HeLa_SUBCELL_EGF_2min_FR4_Rep2	EGFR	P00533	1.83578e+08
20200217_EXPL2_Evo1_AMV_SA_21m_DIA_Prot_HeLa_SUBCELL_EGF_2min_FR4_Rep2	CBL	P22681	2.61576e+07
20200217_EXPL2_Evo1_AMV_SA_21m_DIA_Prot_HeLa_SUBCELL_EGF_2min_FR4_Rep2	SHC1	P29353	3.99702e+07
20200217_EXPL2_Evo1_AMV_SA_21m_DIA_Prot_HeLa_SUBCELL_EGF_2min_FR4_Rep2	GRB2	P62993	9.81904e+07
20200217_EXPL2_Evo1_AMV_SA_21m_DIA_Prot_HeLa_SUBCELL_EGF_2min_FR4_Rep3	EGFR	P00533	1.15518e+08
20200217_EXPL2_Evo1_AMV_SA_21m_DIA_Prot_HeLa_SUBCELL_EGF_2min_FR4_Rep3	CBL	P22681	1.73354e+07
20200217_EXPL2_Evo1_AMV_SA_21m_DIA_Prot_HeLa_SUBCELL_EGF_2min_FR4_Rep3	SHC1	P29353	2.48132e+07
20200217_EXPL2_Evo1_AMV_SA_21m_DIA_Prot_HeLa_SUBCELL_EGF_2min_FR4_Rep3	GRB2	P62993	5.73384e+07
20200217_EXPL2_Evo1_AMV_SA_21m_DIA_Prot_HeLa_SUBCELL_EGF_2min_FR4_Rep4	EGFR	P00533	1.25947e+08
20200217_EXPL2_Evo1_AMV_SA_21m_DIA_Prot_HeLa_SUBCELL_EGF_2min_FR4_Rep4	CBL	P22681	2.2219e+07
20200217_EXPL2_Evo1_AMV_SA_21m_DIA_Prot_HeLa_SUBCELL_EGF_2min_FR4_Rep4	SHC1	P29353	3.20123e+07
20200217_EXPL2_Evo1_AMV_SA_21m_DIA_Prot_HeLa_SUBCELL_EGF_2min_FR4_Rep4	GRB2	P62993	5.0869e+07
20200217_EXPL2_Evo1_AMV_SA_21m_DIA_Prot_HeLa_SUBCELL_EGF_2min_FR5_Rep1	SHC1	P29353	2.09758e+06
20200217_EXPL2_Evo1_AMV_SA_21m_DIA_Prot_HeLa_SUBCELL_EGF_2min_FR5_Rep2	EGFR	P00533	3.61789e+07
20200217_EXPL2_Evo1_AMV_SA_21m_DIA_Prot_HeLa_SUBCELL_EGF_2min_FR5_Rep2	SHC1	P29353	4.20593e+06
20200217_EXPL2_Evo1_AMV_SA_21m_DIA_Prot_HeLa_SUBCELL_EGF_2min_FR5_Rep3	EGFR	P00533	3.03154e+07
20200217_EXPL2_Evo1_AMV_SA_21m_DIA_Prot_HeLa_SUBCELL_EGF_2min_FR5_Rep3	CBL	P22681	6.07522e+06
20200217_EXPL2_Evo1_AMV_SA_21m_DIA_Prot_HeLa_SUBCELL_EGF_2min_FR5_Rep3	SHC1	P29353	2.77011e+06
20200217_EXPL2_Evo1_AMV_SA_21m_DIA_Prot_HeLa_SUBCELL_EGF_2min_FR5_Rep4	EGFR	P00533	3.10016e+07
20200217_EXPL2_Evo1_AMV_SA_21m_DIA_Prot_HeLa_SUBCELL_EGF_2min_FR5_Rep4	CBL	P22681	7.706e+06
20200217_EXPL2_Evo1_AMV_SA_21m_DIA_Prot_HeLa_SUBCELL_EGF_2min_FR5_Rep4	SHC1	P29353	2.49079e+06
20200217_EXPL2_Evo1_AMV_SA_21m_DIA_Prot_HeLa_SUBCELL_EGF_2min_FR6_Rep1	EGFR	P00533	3.08911e+07
20200217_EXPL2_Evo1_AMV_SA_21m_DIA_Prot_HeLa_SUBCELL_EGF_2min_FR6_Rep1	CBL	P22681	6.49927e+06
20200217_EXPL2_Evo1_AMV_SA_21m_DIA_Prot_HeLa_SUBCELL_EGF_2min_FR6_Rep1	SHC1	P29353	2.45024e+06
20200217_EXPL2_Evo1_AMV_SA_21m_DIA_Prot_HeLa_SUBCELL_EGF_2min_FR6_Rep2	EGFR	P00533	6.65844e+07
20200217_EXPL2_Evo1_AMV_SA_21m_DIA_Prot_HeLa_SUBCELL_EGF_2min_FR6_Rep2	SHC1	P29353	2.39975e+06
20200217_EXPL2_Evo1_AMV_SA_21m_DIA_Prot_HeLa_SUBCELL_EGF_2min_FR6_Rep3	EGFR	P00533	6.06776e+07
20200217_EXPL2_Evo1_AMV_SA_21m_DIA_Prot_HeLa_SUBCELL_EGF_2min_FR6_Rep3	SHC1	P29353	2.07614e+06
20200217_EXPL2_Evo1_AMV_SA_21m_DIA_Prot_HeLa_SUBCELL_EGF_2min_FR6_Rep3	GRB2	P62993	3.34817e+06
20200217_EXPL2_Evo1_AMV_SA_21m_DIA_Prot_HeLa_SUBCELL_EGF_2min_FR6_Rep4	EGFR	P00533	7.34462e+07
20200217_EXPL2_Evo1_AMV_SA_21m_DIA_Prot_HeLa_SUBCELL_EGF_2min_FR6_Rep4	SHC1	P29353	1.83011e+06
20200217_EXPL2_Evo1_AMV_SA_21m_DIA_Prot_HeLa_SUBCELL_EGF_2min_FR6_Rep4	GRB2	P62993	4.24712e+06
20200217_EXPL2_Evo1_AMV_SA_21m_DIA_Prot_HeLa_SUBCELL_EGF_8min_FR1_Rep1	SHC1	P29353	2.47509e+07
20200217_EXPL2_Evo1_AMV_SA_21m_DIA_Prot_HeLa_SUBCELL_EGF_8min_FR1_Rep1	GRB2	P62993	1.98049e+07
20200217_EXPL2_Evo1_AMV_SA_21m_DIA_Prot_HeLa_SUBCELL_EGF_8min_FR1_Rep2	SHC1	P29353	2.62135e+07
20200217_EXPL2_Evo1_AMV_SA_21m_DIA_Prot_HeLa_SUBCELL_EGF_8min_FR1_Rep2	GRB2	P62993	1.48623e+07
20200217_EXPL2_Evo1_AMV_SA_21m_DIA_Prot_HeLa_SUBCELL_EGF_8min_FR1_Rep3	CBL	P22681	2.29082e+06
20200217_EXPL2_Evo1_AMV_SA_21m_DIA_Prot_HeLa_SUBCELL_EGF_8min_FR1_Rep3	SHC1	P29353	2.49359e+07
20200217_EXPL2_Evo1_AMV_SA_21m_DIA_Prot_HeLa_SUBCELL_EGF_8min_FR1_Rep3	GRB2	P62993	1.82955e+07
20200217_EXPL2_Evo1_AMV_SA_21m_DIA_Prot_HeLa_SUBCELL_EGF_8min_FR1_Rep4	CBL	P22681	2.88934e+06
20200217_EXPL2_Evo1_AMV_SA_21m_DIA_Prot_HeLa_SUBCELL_EGF_8min_FR1_Rep4	SHC1	P29353	2.67353e+07
20200217_EXPL2_Evo1_AMV_SA_21m_DIA_Prot_HeLa_SUBCELL_EGF_8min_FR1_Rep4	GRB2	P62993	1.94699e+07
20200217_EXPL2_Evo1_AMV_SA_21m_DIA_Prot_HeLa_SUBCELL_EGF_8min_FR2_Rep1	SHC1	P29353	7.44447e+06
20200217_EXPL2_Evo1_AMV_SA_21m_DIA_Prot_HeLa_SUBCELL_EGF_8min_FR2_Rep1	GRB2	P62993	1.20335e+07
20200217_EXPL2_Evo1_AMV_SA_21m_DIA_Prot_HeLa_SUBCELL_EGF_8min_FR2_Rep2	CBL	P22681	3.20405e+06
20200217_EXPL2_Evo1_AMV_SA_21m_DIA_Prot_HeLa_SUBCELL_EGF_8min_FR2_Rep2	SHC1	P29353	3.88919e+06
20200217_EXPL2_Evo1_AMV_SA_21m_DIA_Prot_HeLa_SUBCELL_EGF_8min_FR2_Rep2	GRB2	P62993	2.34467e+07
20200217_EXPL2_Evo1_AMV_SA_21m_DIA_Prot_HeLa_SUBCELL_EGF_8min_FR2_Rep3	SHC1	P29353	8.82028e+06
20200217_EXPL2_Evo1_AMV_SA_21m_DIA_Prot_HeLa_SUBCELL_EGF_8min_FR2_Rep3	GRB2	P62993	1.59794e+07
20200217_EXPL2_Evo1_AMV_SA_21m_DIA_Prot_HeLa_SUBCELL_EGF_8min_FR2_Rep4	CBL	P22681	3.35127e+06
20200217_EXPL2_Evo1_AMV_SA_21m_DIA_Prot_HeLa_SUBCELL_EGF_8min_FR2_Rep4	SHC1	P29353	1.01004e+07
20200217_EXPL2_Evo1_AMV_SA_21m_DIA_Prot_HeLa_SUBCELL_EGF_8min_FR2_Rep4	GRB2	P62993	2.52081e+07
20200217_EXPL2_Evo1_AMV_SA_21m_DIA_Prot_HeLa_SUBCELL_EGF_8min_FR3_Rep1	EGFR	P00533	6.98319e+06
20200217_EXPL2_Evo1_AMV_SA_21m_DIA_Prot_HeLa_SUBCELL_EGF_8min_FR3_Rep1	SHC1	P29353	1.81832e+06
20200217_EXPL2_Evo1_AMV_SA_21m_DIA_Prot_HeLa_SUBCELL_EGF_8min_FR3_Rep1	GRB2	P62993	6.7203e+06
20200217_EXPL2_Evo1_AMV_SA_21m_DIA_Prot_HeLa_SUBCELL_EGF_8min_FR3_Rep2	EGFR	P00533	9.33904e+06
20200217_EXPL2_Evo1_AMV_SA_21m_DIA_Prot_HeLa_SUBCELL_EGF_8min_FR3_Rep2	CBL	P22681	1.83046e+07
20200217_EXPL2_Evo1_AMV_SA_21m_DIA_Prot_HeLa_SUBCELL_EGF_8min_FR3_Rep2	SHC1	P29353	2.4194e+06
20200217_EXPL2_Evo1_AMV_SA_21m_DIA_Prot_HeLa_SUBCELL_EGF_8min_FR3_Rep2	GRB2	P62993	1.08701e+07
20200217_EXPL2_Evo1_AMV_SA_21m_DIA_Prot_HeLa_SUBCELL_EGF_8min_FR3_Rep3	EGFR	P00533	9.1554e+06
20200217_EXPL2_Evo1_AMV_SA_21m_DIA_Prot_HeLa_SUBCELL_EGF_8min_FR3_Rep3	SHC1	P29353	3.33121e+06
20200217_EXPL2_Evo1_AMV_SA_21m_DIA_Prot_HeLa_SUBCELL_EGF_8min_FR3_Rep3	GRB2	P62993	1.12064e+07
20200217_EXPL2_Evo1_AMV_SA_21m_DIA_Prot_HeLa_SUBCELL_EGF_8min_FR3_Rep4	EGFR	P00533	1.10648e+07
20200217_EXPL2_Evo1_AMV_SA_21m_DIA_Prot_HeLa_SUBCELL_EGF_8min_FR3_Rep4	CBL	P22681	2.64988e+07
20200217_EXPL2_Evo1_AMV_SA_21m_DIA_Prot_HeLa_SUBCELL_EGF_8min_FR3_Rep4	SHC1	P29353	6.93445e+06
20200217_EXPL2_Evo1_AMV_SA_21m_DIA_Prot_HeLa_SUBCELL_EGF_8min_FR3_Rep4	GRB2	P62993	1.95619e+07
20200217_EXPL2_Evo1_AMV_SA_21m_DIA_Prot_HeLa_SUBCELL_EGF_8min_FR4_Rep1	EGFR	P00533	1.21893e+08
20200217_EXPL2_Evo1_AMV_SA_21m_DIA_Prot_HeLa_SUBCELL_EGF_8min_FR4_Rep1	CBL	P22681	2.71347e+07
20200217_EXPL2_Evo1_AMV_SA_21m_DIA_Prot_HeLa_SUBCELL_EGF_8min_FR4_Rep1	SHC1	P29353	3.12709e+07
20200217_EXPL2_Evo1_AMV_SA_21m_DIA_Prot_HeLa_SUBCELL_EGF_8min_FR4_Rep1	GRB2	P62993	7.32438e+07
20200217_EXPL2_Evo1_AMV_SA_21m_DIA_Prot_HeLa_SUBCELL_EGF_8min_FR4_Rep2	EGFR	P00533	1.10872e+08
20200217_EXPL2_Evo1_AMV_SA_21m_DIA_Prot_HeLa_SUBCELL_EGF_8min_FR4_Rep2	CBL	P22681	1.54072e+07
20200217_EXPL2_Evo1_AMV_SA_21m_DIA_Prot_HeLa_SUBCELL_EGF_8min_FR4_Rep2	SHC1	P29353	2.99856e+07
20200217_EXPL2_Evo1_AMV_SA_21m_DIA_Prot_HeLa_SUBCELL_EGF_8min_FR4_Rep2	GRB2	P62993	6.28181e+07
20200217_EXPL2_Evo1_AMV_SA_21m_DIA_Prot_HeLa_SUBCELL_EGF_8min_FR4_Rep3	EGFR	P00533	1.11629e+08
20200217_EXPL2_Evo1_AMV_SA_21m_DIA_Prot_HeLa_SUBCELL_EGF_8min_FR4_Rep3	CBL	P22681	6.03718e+06
20200217_EXPL2_Evo1_AMV_SA_21m_DIA_Prot_HeLa_SUBCELL_EGF_8min_FR4_Rep3	SHC1	P29353	2.4621e+07
20200217_EXPL2_Evo1_AMV_SA_21m_DIA_Prot_HeLa_SUBCELL_EGF_8min_FR4_Rep3	GRB2	P62993	6.95554e+07
20200217_EXPL2_Evo1_AMV_SA_21m_DIA_Prot_HeLa_SUBCELL_EGF_8min_FR4_Rep4	EGFR	P00533	9.31191e+07
20200217_EXPL2_Evo1_AMV_SA_21m_DIA_Prot_HeLa_SUBCELL_EGF_8min_FR4_Rep4	CBL	P22681	1.21189e+07
20200217_EXPL2_Evo1_AMV_SA_21m_DIA_Prot_HeLa_SUBCELL_EGF_8min_FR4_Rep4	SHC1	P29353	1.90772e+07
20200217_EXPL2_Evo1_AMV_SA_21m_DIA_Prot_HeLa_SUBCELL_EGF_8min_FR4_Rep4	GRB2	P62993	3.5031e+07
20200217_EXPL2_Evo1_AMV_SA_21m_DIA_Prot_HeLa_SUBCELL_EGF_8min_FR5_Rep1	EGFR	P00533	3.01078e+07
20200217_EXPL2_Evo1_AMV_SA_21m_DIA_Prot_HeLa_SUBCELL_EGF_8min_FR5_Rep1	CBL	P22681	3.18993e+06
20200217_EXPL2_Evo1_AMV_SA_21m_DIA_Prot_HeLa_SUBCELL_EGF_8min_FR5_Rep1	SHC1	P29353	3.15556e+06
20200217_EXPL2_Evo1_AMV_SA_21m_DIA_Prot_HeLa_SUBCELL_EGF_8min_FR5_Rep2	EGFR	P00533	991978
20200217_EXPL2_Evo1_AMV_SA_21m_DIA_Prot_HeLa_SUBCELL_EGF_8min_FR5_Rep2	SHC1	P29353	3.17492e+06
20200217_EXPL2_Evo1_AMV_SA_21m_DIA_Prot_HeLa_SUBCELL_EGF_8min_FR5_Rep3	EGFR	P00533	3.20858e+07
20200217_EXPL2_Evo1_AMV_SA_21m_DIA_Prot_HeLa_SUBCELL_EGF_8min_FR5_Rep3	SHC1	P29353	3.62869e+06
20200217_EXPL2_Evo1_AMV_SA_21m_DIA_Prot_HeLa_SUBCELL_EGF_8min_FR5_Rep3	GRB2	P62993	5.35412e+06
20200217_EXPL2_Evo1_AMV_SA_21m_DIA_Prot_HeLa_SUBCELL_EGF_8min_FR5_Rep4	EGFR	P00533	2.57626e+07
20200217_EXPL2_Evo1_AMV_SA_21m_DIA_Prot_HeLa_SUBCELL_EGF_8min_FR5_Rep4	SHC1	P29353	3.17389e+06
20200217_EXPL2_Evo1_AMV_SA_21m_DIA_Prot_HeLa_SUBCELL_EGF_8min_FR6_Rep1	EGFR	P00533	2.89379e+07
20200217_EXPL2_Evo1_AMV_SA_21m_DIA_Prot_HeLa_SUBCELL_EGF_8min_FR6_Rep1	CBL	P22681	2.76173e+06
20200217_EXPL2_Evo1_AMV_SA_21m_DIA_Prot_HeLa_SUBCELL_EGF_8min_FR6_Rep1	SHC1	P29353	2.00711e+06
20200217_EXPL2_Evo1_AMV_SA_21m_DIA_Prot_HeLa_SUBCELL_EGF_8min_FR6_Rep1	GRB2	P62993	4.52726e+06
20200217_EXPL2_Evo1_AMV_SA_21m_DIA_Prot_HeLa_SUBCELL_EGF_8min_FR6_Rep2	EGFR	P00533	3.54839e+07
20200217_EXPL2_Evo1_AMV_SA_21m_DIA_Prot_HeLa_SUBCELL_EGF_8min_FR6_Rep2	SHC1	P29353	1.8781e+06
20200217_EXPL2_Evo1_AMV_SA_21m_DIA_Prot_HeLa_SUBCELL_EGF_8min_FR6_Rep3	EGFR	P00533	6.57662e+06
20200217_EXPL2_Evo1_AMV_SA_21m_DIA_Prot_HeLa_SUBCELL_EGF_8min_FR6_Rep3	CBL	P22681	1.00561e+06
20200217_EXPL2_Evo1_AMV_SA_21m_DIA_Prot_HeLa_SUBCELL_EGF_8min_FR6_Rep3	SHC1	P29353	2.16546e+06
20200217_EXPL2_Evo1_AMV_SA_21m_DIA_Prot_HeLa_SUBCELL_EGF_8min_FR6_Rep3	GRB2	P62993	5.65602e+06
20200217_EXPL2_Evo1_AMV_SA_21m_DIA_Prot_HeLa_SUBCELL_EGF_8min_FR6_Rep4	EGFR	P00533	7.55321e+07
20200217_EXPL2_Evo1_AMV_SA_21m_DIA_Prot_HeLa_SUBCELL_EGF_8min_FR6_Rep4	CBL	P22681	3.16022e+06
20200217_EXPL2_Evo1_AMV_SA_21m_DIA_Prot_HeLa_SUBCELL_EGF_8min_FR6_Rep4	SHC1	P29353	5.60831e+06
20200217_EXPL2_Evo1_AMV_SA_21m_DIA_Prot_HeLa_SUBCELL_EGF_8min_FR6_Rep4	GRB2	P62993	1.05501e+07
20200217_EXPL2_Evo1_AMV_SA_21m_DIA_Prot_HeLa_SUBCELL_EGF_90min_FR1_Rep1	CBL	P22681	1.26733e+07
20200217_EXPL2_Evo1_AMV_SA_21m_DIA_Prot_HeLa_SUBCELL_EGF_90min_FR1_Rep1	SHC1	P29353	2.85738e+07
20200217_EXPL2_Evo1_AMV_SA_21m_DIA_Prot_HeLa_SUBCELL_EGF_90min_FR1_Rep1	GRB2	P62993	5.15331e+07
20200217_EXPL2_Evo1_AMV_SA_21m_DIA_Prot_HeLa_SUBCELL_EGF_90min_FR1_Rep2	CBL	P22681	7.3537e+06
20200217_EXPL2_Evo1_AMV_SA_21m_DIA_Prot_HeLa_SUBCELL_EGF_90min_FR1_Rep2	SHC1	P29353	3.03617e+07
20200217_EXPL2_Evo1_AMV_SA_21m_DIA_Prot_HeLa_SUBCELL_EGF_90min_FR1_Rep2	GRB2	P62993	2.86328e+07
20200217_EXPL2_Evo1_AMV_SA_21m_DIA_Prot_HeLa_SUBCELL_EGF_90min_FR1_Rep3	CBL	P22681	5.4257e+06
20200217_EXPL2_Evo1_AMV_SA_21m_DIA_Prot_HeLa_SUBCELL_EGF_90min_FR1_Rep3	SHC1	P29353	2.42626e+07
20200217_EXPL2_Evo1_AMV_SA_21m_DIA_Prot_HeLa_SUBCELL_EGF_90min_FR1_Rep3	GRB2	P62993	2.94957e+07
20200217_EXPL2_Evo1_AMV_SA_21m_DIA_Prot_HeLa_SUBCELL_EGF_90min_FR1_Rep4	CBL	P22681	5.86239e+06
20200217_EXPL2_Evo1_AMV_SA_21m_DIA_Prot_HeLa_SUBCELL_EGF_90min_FR1_Rep4	SHC1	P29353	2.80071e+07
20200217_EXPL2_Evo1_AMV_SA_21m_DIA_Prot_HeLa_SUBCELL_EGF_90min_FR1_Rep4	GRB2	P62993	2.23468e+07
20200217_EXPL2_Evo1_AMV_SA_21m_DIA_Prot_HeLa_SUBCELL_EGF_90min_FR2_Rep1	SHC1	P29353	5.46033e+06
20200217_EXPL2_Evo1_AMV_SA_21m_DIA_Prot_HeLa_SUBCELL_EGF_90min_FR2_Rep1	GRB2	P62993	1.76577e+07
20200217_EXPL2_Evo1_AMV_SA_21m_DIA_Prot_HeLa_SUBCELL_EGF_90min_FR2_Rep2	CBL	P22681	2.55603e+06
20200217_EXPL2_Evo1_AMV_SA_21m_DIA_Prot_HeLa_SUBCELL_EGF_90min_FR2_Rep2	SHC1	P29353	1.37521e+07
20200217_EXPL2_Evo1_AMV_SA_21m_DIA_Prot_HeLa_SUBCELL_EGF_90min_FR2_Rep2	GRB2	P62993	2.16068e+07
20200217_EXPL2_Evo1_AMV_SA_21m_DIA_Prot_HeLa_SUBCELL_EGF_90min_FR2_Rep3	SHC1	P29353	5.33922e+06
20200217_EXPL2_Evo1_AMV_SA_21m_DIA_Prot_HeLa_SUBCELL_EGF_90min_FR2_Rep3	GRB2	P62993	1.44131e+07
20200217_EXPL2_Evo1_AMV_SA_21m_DIA_Prot_HeLa_SUBCELL_EGF_90min_FR2_Rep4	SHC1	P29353	2.93642e+06
20200217_EXPL2_Evo1_AMV_SA_21m_DIA_Prot_HeLa_SUBCELL_EGF_90min_FR2_Rep4	GRB2	P62993	1.34278e+07
20200217_EXPL2_Evo1_AMV_SA_21m_DIA_Prot_HeLa_SUBCELL_EGF_90min_FR3_Rep1	EGFR	P00533	1.39139e+07
20200217_EXPL2_Evo1_AMV_SA_21m_DIA_Prot_HeLa_SUBCELL_EGF_90min_FR3_Rep1	CBL	P22681	871926
20200217_EXPL2_Evo1_AMV_SA_21m_DIA_Prot_HeLa_SUBCELL_EGF_90min_FR3_Rep1	SHC1	P29353	5.61785e+06
20200217_EXPL2_Evo1_AMV_SA_21m_DIA_Prot_HeLa_SUBCELL_EGF_90min_FR3_Rep1	GRB2	P62993	8.04175e+06
20200217_EXPL2_Evo1_AMV_SA_21m_DIA_Prot_HeLa_SUBCELL_EGF_90min_FR3_Rep2	EGFR	P00533	8.7009e+06
20200217_EXPL2_Evo1_AMV_SA_21m_DIA_Prot_HeLa_SUBCELL_EGF_90min_FR3_Rep2	CBL	P22681	1.61703e+08
20200217_EXPL2_Evo1_AMV_SA_21m_DIA_Prot_HeLa_SUBCELL_EGF_90min_FR3_Rep2	SHC1	P29353	7.4056e+06
20200217_EXPL2_Evo1_AMV_SA_21m_DIA_Prot_HeLa_SUBCELL_EGF_90min_FR3_Rep2	GRB2	P62993	9.79148e+06
20200217_EXPL2_Evo1_AMV_SA_21m_DIA_Prot_HeLa_SUBCELL_EGF_90min_FR3_Rep3	EGFR	P00533	1.09917e+07
20200217_EXPL2_Evo1_AMV_SA_21m_DIA_Prot_HeLa_SUBCELL_EGF_90min_FR3_Rep3	SHC1	P29353	2.01608e+06
20200217_EXPL2_Evo1_AMV_SA_21m_DIA_Prot_HeLa_SUBCELL_EGF_90min_FR3_Rep3	GRB2	P62993	4.92869e+06
20200217_EXPL2_Evo1_AMV_SA_21m_DIA_Prot_HeLa_SUBCELL_EGF_90min_FR3_Rep4	EGFR	P00533	8.01683e+06
20200217_EXPL2_Evo1_AMV_SA_21m_DIA_Prot_HeLa_SUBCELL_EGF_90min_FR3_Rep4	SHC1	P29353	1.35064e+06
20200217_EXPL2_Evo1_AMV_SA_21m_DIA_Prot_HeLa_SUBCELL_EGF_90min_FR3_Rep4	GRB2	P62993	6.73123e+06
20200217_EXPL2_Evo1_AMV_SA_21m_DIA_Prot_HeLa_SUBCELL_EGF_90min_FR4_Rep1	EGFR	P00533	5.85431e+07
20200217_EXPL2_Evo1_AMV_SA_21m_DIA_Prot_HeLa_SUBCELL_EGF_90min_FR4_Rep1	SHC1	P29353	1.12723e+07
20200217_EXPL2_Evo1_AMV_SA_21m_DIA_Prot_HeLa_SUBCELL_EGF_90min_FR4_Rep1	GRB2	P62993	1.77281e+07
20200217_EXPL2_Evo1_AMV_SA_21m_DIA_Prot_HeLa_SUBCELL_EGF_90min_FR4_Rep2	EGFR	P00533	4.93802e+07
20200217_EXPL2_Evo1_AMV_SA_21m_DIA_Prot_HeLa_SUBCELL_EGF_90min_FR4_Rep2	SHC1	P29353	9.56343e+06
20200217_EXPL2_Evo1_AMV_SA_21m_DIA_Prot_HeLa_SUBCELL_EGF_90min_FR4_Rep2	GRB2	P62993	1.72937e+07
20200217_EXPL2_Evo1_AMV_SA_21m_DIA_Prot_HeLa_SUBCELL_EGF_90min_FR4_Rep3	EGFR	P00533	4.89782e+07
20200217_EXPL2_Evo1_AMV_SA_21m_DIA_Prot_HeLa_SUBCELL_EGF_90min_FR4_Rep3	SHC1	P29353	9.43151e+06
20200217_EXPL2_Evo1_AMV_SA_21m_DIA_Prot_HeLa_SUBCELL_EGF_90min_FR4_Rep3	GRB2	P62993	1.6272e+07
20200217_EXPL2_Evo1_AMV_SA_21m_DIA_Prot_HeLa_SUBCELL_EGF_90min_FR4_Rep4	EGFR	P00533	6.70549e+07
20200217_EXPL2_Evo1_AMV_SA_21m_DIA_Prot_HeLa_SUBCELL_EGF_90min_FR4_Rep4	SHC1	P29353	1.04375e+07
20200217_EXPL2_Evo1_AMV_SA_21m_DIA_Prot_HeLa_SUBCELL_EGF_90min_FR4_Rep4	GRB2	P62993	1.15901e+07
20200217_EXPL2_Evo1_AMV_SA_21m_DIA_Prot_HeLa_SUBCELL_EGF_90min_FR5_Rep2	EGFR	P00533	3.03541e+06
20200217_EXPL2_Evo1_AMV_SA_21m_DIA_Prot_HeLa_SUBCELL_EGF_90min_FR5_Rep2	SHC1	P29353	1.94946e+06
20200217_EXPL2_Evo1_AMV_SA_21m_DIA_Prot_HeLa_SUBCELL_EGF_90min_FR5_Rep3	EGFR	P00533	2.16972e+06
20200217_EXPL2_Evo1_AMV_SA_21m_DIA_Prot_HeLa_SUBCELL_EGF_90min_FR5_Rep3	SHC1	P29353	1.12262e+06
20200217_EXPL2_Evo1_AMV_SA_21m_DIA_Prot_HeLa_SUBCELL_EGF_90min_FR5_Rep4	EGFR	P00533	7.19605e+06
20200217_EXPL2_Evo1_AMV_SA_21m_DIA_Prot_HeLa_SUBCELL_EGF_90min_FR5_Rep4	SHC1	P29353	1.4666e+06
20200217_EXPL2_Evo1_AMV_SA_21m_DIA_Prot_HeLa_SUBCELL_EGF_90min_FR6_Rep1	EGFR	P00533	3.31237e+06
20200217_EXPL2_Evo1_AMV_SA_21m_DIA_Prot_HeLa_SUBCELL_EGF_90min_FR6_Rep1	SHC1	P29353	2.29392e+06
20200217_EXPL2_Evo1_AMV_SA_21m_DIA_Prot_HeLa_SUBCELL_EGF_90min_FR6_Rep2	EGFR	P00533	5.59525e+06
20200217_EXPL2_Evo1_AMV_SA_21m_DIA_Prot_HeLa_SUBCELL_EGF_90min_FR6_Rep2	SHC1	P29353	2.55885e+06
20200217_EXPL2_Evo1_AMV_SA_21m_DIA_Prot_HeLa_SUBCELL_EGF_90min_FR6_Rep3	EGFR	P00533	5.77426e+06
20200217_EXPL2_Evo1_AMV_SA_21m_DIA_Prot_HeLa_SUBCELL_EGF_90min_FR6_Rep3	SHC1	P29353	2.65373e+06
20200217_EXPL2_Evo1_AMV_SA_21m_DIA_Prot_HeLa_SUBCELL_EGF_90min_FR6_Rep3	GRB2	P62993	2.79295e+06
20200217_EXPL2_Evo1_AMV_SA_21m_DIA_Prot_HeLa_SUBCELL_EGF_90min_FR6_Rep4	EGFR	P00533	3.56362e+06
20200217_EXPL2_Evo1_AMV_SA_21m_DIA_Prot_HeLa_SUBCELL_EGF_CTRL_FR1_Rep1	CBL	P22681	1.30071e+07
20200217_EXPL2_Evo1_AMV_SA_21m_DIA_Prot_HeLa_SUBCELL_EGF_CTRL_FR1_Rep1	SHC1	P29353	6.02398e+07
20200217_EXPL2_Evo1_AMV_SA_21m_DIA_Prot_HeLa_SUBCELL_EGF_CTRL_FR1_Rep1	GRB2	P62993	4.79397e+07
20200217_EXPL2_Evo1_AMV_SA_21m_DIA_Prot_HeLa_SUBCELL_EGF_CTRL_FR1_Rep2	CBL	P22681	1.90445e+07
20200217_EXPL2_Evo1_AMV_SA_21m_DIA_Prot_HeLa_SUBCELL_EGF_CTRL_FR1_Rep2	SHC1	P29353	3.82006e+07
20200217_EXPL2_Evo1_AMV_SA_21m_DIA_Prot_HeLa_SUBCELL_EGF_CTRL_FR1_Rep2	GRB2	P62993	4.19373e+07
20200217_EXPL2_Evo1_AMV_SA_21m_DIA_Prot_HeLa_SUBCELL_EGF_CTRL_FR1_Rep3	CBL	P22681	4.97547e+06
20200217_EXPL2_Evo1_AMV_SA_21m_DIA_Prot_HeLa_SUBCELL_EGF_CTRL_FR1_Rep3	SHC1	P29353	4.14144e+07
20200217_EXPL2_Evo1_AMV_SA_21m_DIA_Prot_HeLa_SUBCELL_EGF_CTRL_FR1_Rep3	GRB2	P62993	4.58876e+07
20200217_EXPL2_Evo1_AMV_SA_21m_DIA_Prot_HeLa_SUBCELL_EGF_CTRL_FR1_Rep4	CBL	P22681	6.08722e+06
20200217_EXPL2_Evo1_AMV_SA_21m_DIA_Prot_HeLa_SUBCELL_EGF_CTRL_FR1_Rep4	SHC1	P29353	4.91994e+07
20200217_EXPL2_Evo1_AMV_SA_21m_DIA_Prot_HeLa_SUBCELL_EGF_CTRL_FR1_Rep4	GRB2	P62993	4.57816e+07
20200217_EXPL2_Evo1_AMV_SA_21m_DIA_Prot_HeLa_SUBCELL_EGF_CTRL_FR2_Rep1	EGFR	P00533	5.03443e+06
20200217_EXPL2_Evo1_AMV_SA_21m_DIA_Prot_HeLa_SUBCELL_EGF_CTRL_FR2_Rep1	CBL	P22681	2.0575e+06
20200217_EXPL2_Evo1_AMV_SA_21m_DIA_Prot_HeLa_SUBCELL_EGF_CTRL_FR2_Rep1	SHC1	P29353	1.45625e+07
20200217_EXPL2_Evo1_AMV_SA_21m_DIA_Prot_HeLa_SUBCELL_EGF_CTRL_FR2_Rep1	GRB2	P62993	3.65017e+07
20200217_EXPL2_Evo1_AMV_SA_21m_DIA_Prot_HeLa_SUBCELL_EGF_CTRL_FR2_Rep2	EGFR	P00533	1.00403e+07
20200217_EXPL2_Evo1_AMV_SA_21m_DIA_Prot_HeLa_SUBCELL_EGF_CTRL_FR2_Rep2	CBL	P22681	1.52438e+06
20200217_EXPL2_Evo1_AMV_SA_21m_DIA_Prot_HeLa_SUBCELL_EGF_CTRL_FR2_Rep2	SHC1	P29353	1.30084e+07
20200217_EXPL2_Evo1_AMV_SA_21m_DIA_Prot_HeLa_SUBCELL_EGF_CTRL_FR2_Rep2	GRB2	P62993	3.024e+07
20200217_EXPL2_Evo1_AMV_SA_21m_DIA_Prot_HeLa_SUBCELL_EGF_CTRL_FR2_Rep3	CBL	P22681	3.07504e+06
20200217_EXPL2_Evo1_AMV_SA_21m_DIA_Prot_HeLa_SUBCELL_EGF_CTRL_FR2_Rep3	SHC1	P29353	1.14779e+07
20200217_EXPL2_Evo1_AMV_SA_21m_DIA_Prot_HeLa_SUBCELL_EGF_CTRL_FR2_Rep3	GRB2	P62993	2.86451e+07
20200217_EXPL2_Evo1_AMV_SA_21m_DIA_Prot_HeLa_SUBCELL_EGF_CTRL_FR2_Rep4	CBL	P22681	3.6532e+06
20200217_EXPL2_Evo1_AMV_SA_21m_DIA_Prot_HeLa_SUBCELL_EGF_CTRL_FR2_Rep4	SHC1	P29353	8.6402e+06
20200217_EXPL2_Evo1_AMV_SA_21m_DIA_Prot_HeLa_SUBCELL_EGF_CTRL_FR2_Rep4	GRB2	P62993	2.54397e+07
20200217_EXPL2_Evo1_AMV_SA_21m_DIA_Prot_HeLa_SUBCELL_EGF_CTRL_FR3_Rep1	EGFR	P00533	1.82899e+07
20200217_EXPL2_Evo1_AMV_SA_21m_DIA_Prot_HeLa_SUBCELL_EGF_CTRL_FR3_Rep1	CBL	P22681	4.96539e+06
20200217_EXPL2_Evo1_AMV_SA_21m_DIA_Prot_HeLa_SUBCELL_EGF_CTRL_FR3_Rep1	SHC1	P29353	3.27381e+06
20200217_EXPL2_Evo1_AMV_SA_21m_DIA_Prot_HeLa_SUBCELL_EGF_CTRL_FR3_Rep1	GRB2	P62993	9.79381e+06
20200217_EXPL2_Evo1_AMV_SA_21m_DIA_Prot_HeLa_SUBCELL_EGF_CTRL_FR3_Rep2	EGFR	P00533	1.84971e+07
20200217_EXPL2_Evo1_AMV_SA_21m_DIA_Prot_HeLa_SUBCELL_EGF_CTRL_FR3_Rep2	CBL	P22681	2.28962e+06
20200217_EXPL2_Evo1_AMV_SA_21m_DIA_Prot_HeLa_SUBCELL_EGF_CTRL_FR3_Rep2	SHC1	P29353	3.18801e+06
20200217_EXPL2_Evo1_AMV_SA_21m_DIA_Prot_HeLa_SUBCELL_EGF_CTRL_FR3_Rep2	GRB2	P62993	9.71965e+06
20200217_EXPL2_Evo1_AMV_SA_21m_DIA_Prot_HeLa_SUBCELL_EGF_CTRL_FR3_Rep3	EGFR	P00533	1.13913e+07
20200217_EXPL2_Evo1_AMV_SA_21m_DIA_Prot_HeLa_SUBCELL_EGF_CTRL_FR3_Rep3	CBL	P22681	1.763e+06
20200217_EXPL2_Evo1_AMV_SA_21m_DIA_Prot_HeLa_SUBCELL_EGF_CTRL_FR3_Rep3	SHC1	P29353	8.47428e+06
20200217_EXPL2_Evo1_AMV_SA_21m_DIA_Prot_HeLa_SUBCELL_EGF_CTRL_FR3_Rep3	GRB2	P62993	5.92084e+06
20200217_EXPL2_Evo1_AMV_SA_21m_DIA_Prot_HeLa_SUBCELL_EGF_CTRL_FR3_Rep4	CBL	P22681	6.37263e+06
20200217_EXPL2_Evo1_AMV_SA_21m_DIA_Prot_HeLa_SUBCELL_EGF_CTRL_FR3_Rep4	SHC1	P29353	1.16838e+07
20200217_EXPL2_Evo1_AMV_SA_21m_DIA_Prot_HeLa_SUBCELL_EGF_CTRL_FR3_Rep4	GRB2	P62993	2.21484e+07
20200217_EXPL2_Evo1_AMV_SA_21m_DIA_Prot_HeLa_SUBCELL_EGF_CTRL_FR4_Rep1	EGFR	P00533	1.03401e+08
20200217_EXPL2_Evo1_AMV_SA_21m_DIA_Prot_HeLa_SUBCELL_EGF_CTRL_FR4_Rep1	SHC1	P29353	7.38086e+06
20200217_EXPL2_Evo1_AMV_SA_21m_DIA_Prot_HeLa_SUBCELL_EGF_CTRL_FR4_Rep1	GRB2	P62993	6.62175e+06
20200217_EXPL2_Evo1_AMV_SA_21m_DIA_Prot_HeLa_SUBCELL_EGF_CTRL_FR4_Rep2	EGFR	P00533	1.5492e+08
20200217_EXPL2_Evo1_AMV_SA_21m_DIA_Prot_HeLa_SUBCELL_EGF_CTRL_FR4_Rep2	SHC1	P29353	1.08333e+07
20200217_EXPL2_Evo1_AMV_SA_21m_DIA_Prot_HeLa_SUBCELL_EGF_CTRL_FR4_Rep2	GRB2	P62993	4.27577e+06
20200217_EXPL2_Evo1_AMV_SA_21m_DIA_Prot_HeLa_SUBCELL_EGF_CTRL_FR4_Rep3	EGFR	P00533	1.03083e+08
20200217_EXPL2_Evo1_AMV_SA_21m_DIA_Prot_HeLa_SUBCELL_EGF_CTRL_FR4_Rep3	SHC1	P29353	6.7415e+06
20200217_EXPL2_Evo1_AMV_SA_21m_DIA_Prot_HeLa_SUBCELL_EGF_CTRL_FR4_Rep4	EGFR	P00533	4.89652e+07
20200217_EXPL2_Evo1_AMV_SA_21m_DIA_Prot_HeLa_SUBCELL_EGF_CTRL_FR4_Rep4	CBL	P22681	1.24809e+09
20200217_EXPL2_Evo1_AMV_SA_21m_DIA_Prot_HeLa_SUBCELL_EGF_CTRL_FR4_Rep4	SHC1	P29353	2.20879e+07
20200217_EXPL2_Evo1_AMV_SA_21m_DIA_Prot_HeLa_SUBCELL_EGF_CTRL_FR4_Rep4	GRB2	P62993	2.7554e+07
20200217_EXPL2_Evo1_AMV_SA_21m_DIA_Prot_HeLa_SUBCELL_EGF_CTRL_FR5_Rep1	EGFR	P00533	4.13313e+06
20200217_EXPL2_Evo1_AMV_SA_21m_DIA_Prot_HeLa_SUBCELL_EGF_CTRL_FR5_Rep2	EGFR	P00533	1.38957e+06
20200217_EXPL2_Evo1_AMV_SA_21m_DIA_Prot_HeLa_SUBCELL_EGF_CTRL_FR5_Rep3	EGFR	P00533	1.68417e+06
20200217_EXPL2_Evo1_AMV_SA_21m_DIA_Prot_HeLa_SUBCELL_EGF_CTRL_FR5_Rep4	EGFR	P00533	5.47445e+06
20200217_EXPL2_Evo1_AMV_SA_21m_DIA_Prot_HeLa_SUBCELL_EGF_CTRL_FR5_Rep4	SHC1	P29353	9.72278e+06
20200217_EXPL2_Evo1_AMV_SA_21m_DIA_Prot_HeLa_SUBCELL_EGF_CTRL_FR5_Rep4	GRB2	P62993	1.23624e+07
20200217_EXPL2_Evo1_AMV_SA_21m_DIA_Prot_HeLa_SUBCELL_EGF_CTRL_FR6_Rep1	EGFR	P00533	2.99988e+07
20200217_EXPL2_Evo1_AMV_SA_21m_DIA_Prot_HeLa_SUBCELL_EGF_CTRL_FR6_Rep1	SHC1	P29353	1.44017e+06
20200217_EXPL2_Evo1_AMV_SA_21m_DIA_Prot_HeLa_SUBCELL_EGF_CTRL_FR6_Rep2	EGFR	P00533	8.49492e+07
20200217_EXPL2_Evo1_AMV_SA_21m_DIA_Prot_HeLa_SUBCELL_EGF_CTRL_FR6_Rep2	SHC1	P29353	2.55803e+06
20200217_EXPL2_Evo1_AMV_SA_21m_DIA_Prot_HeLa_SUBCELL_EGF_CTRL_FR6_Rep3	EGFR	P00533	5.47431e+07
20200217_EXPL2_Evo1_AMV_SA_21m_DIA_Prot_HeLa_SUBCELL_EGF_CTRL_FR6_Rep3	SHC1	P29353	998738
20200217_EXPL2_Evo1_AMV_SA_21m_DIA_Prot_HeLa_SUBCELL_EGF_CTRL_FR6_Rep4	EGFR	P00533	4.03847e+06
20200217_EXPL2_Evo1_AMV_SA_21m_DIA_Prot_HeLa_SUBCELL_EGF_CTRL_FR6_Rep4	SHC1	P29353	3.78368e+06
20200217_EXPL2_Evo1_AMV_SA_21m_DIA_Prot_HeLa_SUBCELL_EGF_CTRL_FR6_Rep4	GRB2	P62993	8.64261e+06
