gene	protein_group	timepoint	rep	normalization	n_fractions_present	Cyt	Mem	Nuc
GRB2	P62993	CTRL	Rep1	raw	4	0.837239194995	0.162760805005	
GRB2	P62993	CTRL	Rep1	centered	4	0.766982435557	0.233017564443	
GRB2	P62993	CTRL	Rep2	raw	4	0.837588740381	0.162411259619	
GRB2	P62993	CTRL	Rep2	centered	4	0.761266487212	0.238733512788	
GRB2	P62993	CTRL	Rep3	raw	3	0.926406718710	0.073593281290	
GRB2	P62993	CTRL	Rep3	centered	3	0.865553868546	0.134446131454	
GRB2	P62993	CTRL	Rep4	raw	6	0.501810380719	0.350192712947	0.147996906334
GRB2	P62993	CTRL	Rep4	centered	6	0.489409156646	0.360186053515	0.150404789839
GRB2	P62993	2min	Rep1	raw	4	0.345404901969	0.654595098031	
GRB2	P62993	2min	Rep1	centered	4	0.269519646566	0.730480353434	
GRB2	P62993	2min	Rep2	raw	4	0.262653533553	0.737346466447	
GRB2	P62993	2min	Rep2	centered	4	0.226934373816	0.773065626184	
GRB2	P62993	2min	Rep3	raw	5	0.401660673755	0.569336957926	0.029002368320
GRB2	P62993	2min	Rep3	centered	5	0.323101596272	0.623875197851	0.053023205877
GRB2	P62993	2min	Rep4	raw	5	0.371852553540	0.585957786499	0.042189659961
GRB2	P62993	2min	Rep4	centered	5	0.321187701805	0.613307113266	0.065505184929
GRB2	P62993	8min	Rep1	raw	5	0.273690928271	0.687391601255	0.038917470474
GRB2	P62993	8min	Rep1	centered	5	0.238182513324	0.688856380947	0.072961105730
GRB2	P62993	8min	Rep2	raw	4	0.342053194187	0.657946805813	
GRB2	P62993	8min	Rep2	centered	4	0.280497201527	0.719502798473	
GRB2	P62993	8min	Rep3	raw	6	0.271921929975	0.640728478397	0.087349591628
GRB2	P62993	8min	Rep3	centered	6	0.220542985691	0.660301106036	0.119155908272
GRB2	P62993	8min	Rep4	raw	5	0.406825652653	0.497108021235	0.096066326112
GRB2	P62993	8min	Rep4	centered	5	0.290814207729	0.560170580848	0.149015211423
GRB2	P62993	20min	Rep1	raw	4	0.416378740850	0.583621259150	
GRB2	P62993	20min	Rep1	centered	4	0.332509155517	0.667490844483	
GRB2	P62993	20min	Rep2	raw	5	0.382980414588	0.553374150536	0.063645434875
GRB2	P62993	20min	Rep2	centered	5	0.312438427327	0.595372252385	0.092189320287
GRB2	P62993	20min	Rep3	raw	5	0.415614446101	0.448633888094	0.135751665805
GRB2	P62993	20min	Rep3	centered	5	0.285086226460	0.535710668046	0.179203105493
GRB2	P62993	20min	Rep4	raw	4	0.551479087141	0.448520912859	
GRB2	P62993	20min	Rep4	centered	4	0.444883796450	0.555116203550	
GRB2	P62993	90min	Rep1	raw	4	0.728626015092	0.271373984908	
GRB2	P62993	90min	Rep1	centered	4	0.664884869198	0.335115130802	
GRB2	P62993	90min	Rep2	raw	4	0.649721861478	0.350278138522	
GRB2	P62993	90min	Rep2	centered	4	0.578901505508	0.421098494492	
GRB2	P62993	90min	Rep3	raw	5	0.646645393008	0.312222800830	0.041131806162
GRB2	P62993	90min	Rep3	centered	5	0.572049441129	0.369976254576	0.057974304296
GRB2	P62993	90min	Rep4	raw	4	0.661317773814	0.338682226186	
GRB2	P62993	90min	Rep4	centered	4	0.589719158566	0.410280841434	
SHC1	P29353	CTRL	Rep1	raw	5	0.860814291472	0.122612435806	0.016573272722
SHC1	P29353	CTRL	Rep1	centered	5	0.809371645078	0.157202843516	0.033425511406
SHC1	P29353	CTRL	Rep2	raw	5	0.755424900506	0.206839553823	0.037735545671
SHC1	P29353	CTRL	Rep2	centered	5	0.699229751957	0.237704726498	0.063065521546
SHC1	P29353	CTRL	Rep3	raw	5	0.765370212820	0.220177696505	0.014452090675
SHC1	P29353	CTRL	Rep3	centered	5	0.657095486988	0.316168440226	0.026736072785
SHC1	P29353	CTRL	Rep4	raw	6	0.550236230300	0.321274920622	0.128488849077
SHC1	P29353	CTRL	Rep4	centered	6	0.521531084376	0.342447733507	0.136021182118
SHC1	P29353	2min	Rep1	raw	6	0.516810428107	0.432835847336	0.050353724557
SHC1	P29353	2min	Rep1	centered	6	0.427971950341	0.480893032162	0.091135017497
SHC1	P29353	2min	Rep2	raw	6	0.436699513885	0.490716338927	0.072584147188
SHC1	P29353	2min	Rep2	centered	6	0.379236926009	0.513374968568	0.107388105423
SHC1	P29353	2min	Rep3	raw	6	0.490555977136	0.430492675954	0.078951346910
SHC1	P29353	2min	Rep3	centered	6	0.407927971899	0.469464249505	0.122607778595
SHC1	P29353	2min	Rep4	raw	6	0.433246565007	0.508090117955	0.058663317037
SHC1	P29353	2min	Rep4	centered	6	0.374531041649	0.545510430117	0.079958528233
SHC1	P29353	8min	Rep1	raw	6	0.457013800111	0.469702015380	0.073284184509
SHC1	P29353	8min	Rep1	centered	6	0.406147664465	0.485828703330	0.108023632205
SHC1	P29353	8min	Rep2	raw	6	0.445565033286	0.479642679895	0.074792286819
SHC1	P29353	8min	Rep2	centered	6	0.368934926108	0.526533440022	0.104531633870
SHC1	P29353	8min	Rep3	raw	6	0.500072738004	0.414091232715	0.085836029281
SHC1	P29353	8min	Rep3	centered	6	0.421205750362	0.457851469166	0.120942780472
SHC1	P29353	8min	Rep4	raw	6	0.514252846765	0.363141329242	0.122605823993
SHC1	P29353	8min	Rep4	centered	6	0.383462090364	0.428769329190	0.187768580446
SHC1	P29353	20min	Rep1	raw	6	0.629241568868	0.305101951847	0.065656479285
SHC1	P29353	20min	Rep1	centered	6	0.516960680963	0.374538226136	0.108501092902
SHC1	P29353	20min	Rep2	raw	6	0.540860428320	0.380374495990	0.078765075690
SHC1	P29353	20min	Rep2	centered	6	0.467648232349	0.413619824472	0.118731943179
SHC1	P29353	20min	Rep3	raw	6	0.568363538528	0.239158679351	0.192477782121
SHC1	P29353	20min	Rep3	centered	6	0.442884266484	0.263584299446	0.293531434071
SHC1	P29353	20min	Rep4	raw	6	0.662846565818	0.270873549100	0.066279885082
SHC1	P29353	20min	Rep4	centered	6	0.549793211780	0.336508417956	0.113698370264
SHC1	P29353	90min	Rep1	raw	5	0.639520502385	0.317375446746	0.043104050870
SHC1	P29353	90min	Rep1	centered	5	0.548166950635	0.375098118956	0.076734930410
SHC1	P29353	90min	Rep2	raw	6	0.672557299660	0.258709179319	0.068733521021
SHC1	P29353	90min	Rep2	centered	6	0.589117788034	0.311414957291	0.099467254675
SHC1	P29353	90min	Rep3	raw	6	0.660375194977	0.255379719161	0.084245085861
SHC1	P29353	90min	Rep3	centered	6	0.581772939032	0.302441631173	0.115785429795
SHC1	P29353	90min	Rep4	raw	5	0.700107198790	0.266710499463	0.033182301747
SHC1	P29353	90min	Rep4	centered	5	0.648261108942	0.307160721632	0.044578169426
CBL	P22681	CTRL	Rep1	raw	3	0.752102222717	0.247897777283	
CBL	P22681	CTRL	Rep1	centered	3	0.636542614019	0.363457385981	
CBL	P22681	CTRL	Rep2	raw	3	0.899835072293	0.100164927707	
CBL	P22681	CTRL	Rep2	centered	3	0.831890185299	0.168109814701	
CBL	P22681	CTRL	Rep3	raw	3	0.820349701585	0.179650298415	
CBL	P22681	CTRL	Rep3	centered	3	0.700126555196	0.299873444804	
CBL	P22681	CTRL	Rep4	raw	4	0.007704790777	0.992295209223	
CBL	P22681	CTRL	Rep4	centered	4	0.007895482290	0.992104517710	
CBL	P22681	2min	Rep1	raw	3	0.149617717312	0.595594977539	0.254787305149
CBL	P22681	2min	Rep1	centered	3	0.096869993503	0.489305775941	0.413824230555
CBL	P22681	2min	Rep2	raw	4	0.130269199298	0.869730800702	
CBL	P22681	2min	Rep2	centered	4	0.096920633207	0.903079366793	
CBL	P22681	2min	Rep3	raw	4	0.113717584824	0.656285915540	0.229996499637
CBL	P22681	2min	Rep3	centered	4	0.088821470342	0.636072115745	0.275106413913
CBL	P22681	2min	Rep4	raw	3	0.095438015060	0.671627827682	0.232934157258
CBL	P22681	2min	Rep4	centered	3	0.078519049988	0.642179533535	0.279301416477
CBL	P22681	8min	Rep1	raw	3		0.820117413943	0.179882586057
CBL	P22681	8min	Rep1	centered	3		0.747357328991	0.252642671009
CBL	P22681	8min	Rep2	raw	3	0.086793342155	0.913206657845	
CBL	P22681	8min	Rep2	centered	3	0.055420345576	0.944579654424	
CBL	P22681	8min	Rep3	raw	3	0.245437724525	0.646821540647	0.107740734828
CBL	P22681	8min	Rep3	centered	3	0.187024449207	0.632628518945	0.180347031848
CBL	P22681	8min	Rep4	raw	5	0.129962537379	0.804224952326	0.065812510296
CBL	P22681	8min	Rep4	centered	5	0.072300700277	0.847809533317	0.079889766406
CBL	P22681	20min	Rep1	raw	2	0.152147999102	0.847852000898	
CBL	P22681	20min	Rep1	centered	2	0.117760972453	0.882239027547	
CBL	P22681	20min	Rep2	raw	4	0.032057406378	0.895042458944	0.072900134677
CBL	P22681	20min	Rep2	centered	4	0.016925139404	0.909835079039	0.073239781557
CBL	P22681	20min	Rep3	raw	3	0.069071318741	0.719818294736	0.211110386523
CBL	P22681	20min	Rep3	centered	3	0.032605043166	0.761492660251	0.205902296583
CBL	P22681	20min	Rep4	raw	2	0.265680094922	0.734319905078	
CBL	P22681	20min	Rep4	centered	2	0.202100453866	0.797899546134	
CBL	P22681	90min	Rep1	raw	2	0.935628538055	0.064371461945	
CBL	P22681	90min	Rep1	centered	2	0.880049662840	0.119950337160	
CBL	P22681	90min	Rep2	raw	3	0.057744725581	0.942255274419	
CBL	P22681	90min	Rep2	centered	3	0.038554004868	0.961445995132	
CBL	P22681	90min	Rep3	raw	1	1.000000000000		
CBL	P22681	90min	Rep3	centered	1	1.000000000000		
CBL	P22681	90min	Rep4	raw	1	1.000000000000		
CBL	P22681	90min	Rep4	centered	1	1.000000000000		
EGFR	P00533	CTRL	Rep1	raw	5	0.031297499410	0.756514813195	0.212187687394
EGFR	P00533	CTRL	Rep1	centered	5	0.019892399544	0.673586068594	0.306521531862
EGFR	P00533	CTRL	Rep2	raw	5	0.037214390404	0.642770799897	0.320014809699
EGFR	P00533	CTRL	Rep2	centered	5	0.026308982571	0.547340684524	0.426350332905
EGFR	P00533	CTRL	Rep3	raw	4		0.669825912073	0.330174087927
EGFR	P00533	CTRL	Rep3	centered	4		0.560830201764	0.439169798236
EGFR	P00533	CTRL	Rep4	raw	3		0.837325139727	0.162674860273
EGFR	P00533	CTRL	Rep4	centered	3		0.828827882845	0.171172117155
EGFR	P00533	2min	Rep1	raw	3		0.807878600018	0.192121399982
EGFR	P00533	2min	Rep1	centered	3		0.691420575295	0.308579424705
EGFR	P00533	2min	Rep2	raw	4		0.660661398436	0.339338601564
EGFR	P00533	2min	Rep2	centered	4		0.558581798174	0.441418201826
EGFR	P00533	2min	Rep3	raw	4		0.581729648778	0.418270351222
EGFR	P00533	2min	Rep3	centered	4		0.475974477679	0.524025522321
EGFR	P00533	2min	Rep4	raw	4		0.562229460386	0.437770539614
EGFR	P00533	2min	Rep4	centered	4		0.467820012375	0.532179987625
EGFR	P00533	8min	Rep1	raw	4		0.685796582825	0.314203417175
EGFR	P00533	8min	Rep1	centered	4		0.591752315228	0.408247684772
EGFR	P00533	8min	Rep2	raw	4		0.767205338738	0.232794661262
EGFR	P00533	8min	Rep2	centered	4		0.668922816044	0.331077183956
EGFR	P00533	8min	Rep3	raw	4		0.757521536021	0.242478463979
EGFR	P00533	8min	Rep3	centered	4		0.720387440011	0.279612559989
EGFR	P00533	8min	Rep4	raw	4		0.507030415819	0.492969584181
EGFR	P00533	8min	Rep4	centered	4		0.407501082270	0.592498917730
EGFR	P00533	20min	Rep1	raw	4		0.901180218559	0.098819781441
EGFR	P00533	20min	Rep1	centered	4		0.876125757164	0.123874242836
EGFR	P00533	20min	Rep2	raw	5	0.008412476622	0.558632770368	0.432954753010
EGFR	P00533	20min	Rep2	centered	5	0.006850003306	0.482773833222	0.510376163472
EGFR	P00533	20min	Rep3	raw	4	0.004365514227	0.485425007668	0.510209478105
EGFR	P00533	20min	Rep3	centered	4	0.002855824134	0.411474890690	0.585669285175
EGFR	P00533	20min	Rep4	raw	4		0.912697746785	0.087302253215
EGFR	P00533	20min	Rep4	centered	4		0.880269707332	0.119730292668
EGFR	P00533	90min	Rep1	raw	3		0.956283521956	0.043716478044
EGFR	P00533	90min	Rep1	centered	3		0.929716355049	0.070283644951
EGFR	P00533	90min	Rep2	raw	4		0.870627607486	0.129372392514
EGFR	P00533	90min	Rep2	centered	4		0.837353971752	0.162646028248
EGFR	P00533	90min	Rep3	raw	4		0.883028623898	0.116971376102
EGFR	P00533	90min	Rep3	centered	4		0.866660444000	0.133339556000
EGFR	P00533	90min	Rep4	raw	4		0.874641797757	0.125358202243
EGFR	P00533	90min	Rep4	centered	4		0.837725529301	0.162274470699
