gene	protein_group	is_primary	timepoint	rep	normalization	n_fractions_present	total_quantity
EGFR	P00533	yes	CTRL	Rep1	raw	5	160857260.0
EGFR	P00533	yes	CTRL	Rep2	raw	5	269796170.0
EGFR	P00533	yes	CTRL	Rep3	raw	4	170901570.0
EGFR	P00533	yes	CTRL	Rep4	raw	3	58478120.0
EGFR	P00533	yes	2min	Rep1	raw	3	160789480.0
EGFR	P00533	yes	2min	Rep2	raw	4	302834100.0
EGFR	P00533	yes	2min	Rep3	raw	4	217545900.0
EGFR	P00533	yes	2min	Rep4	raw	4	238590290.0
EGFR	P00533	yes	8min	Rep1	raw	4	187921890.0
EGFR	P00533	yes	8min	Rep2	raw	4	156686918.0
EGFR	P00533	yes	8min	Rep3	raw	4	159446820.0
EGFR	P00533	yes	8min	Rep4	raw	4	205478600.0
EGFR	P00533	yes	20min	Rep1	raw	4	125250530.0
EGFR	P00533	yes	20min	Rep2	raw	5	200439190.0
EGFR	P00533	yes	20min	Rep3	raw	4	177175462.0
EGFR	P00533	yes	20min	Rep4	raw	4	117990540.0
EGFR	P00533	yes	90min	Rep1	raw	3	75769370.0
EGFR	P00533	yes	90min	Rep2	raw	4	66711760.0
EGFR	P00533	yes	90min	Rep3	raw	4	67913880.0
EGFR	P00533	yes	90min	Rep4	raw	4	85831400.0
EGFR	P00533	yes	CTRL	Rep1	centered	5	182885935.49701345
EGFR	P00533	yes	CTRL	Rep2	centered	5	268884392.2909646
EGFR	P00533	yes	CTRL	Rep3	centered	4	211669722.84436068
EGFR	P00533	yes	CTRL	Rep4	centered	3	50668928.98571637
EGFR	P00533	yes	2min	Rep1	centered	3	188418728.68130258
EGFR	P00533	yes	2min	Rep2	centered	4	308705859.7372985
EGFR	P00533	yes	2min	Rep3	centered	4	276379155.525707
EGFR	P00533	yes	2min	Rep4	centered	4	274893745.46072245
EGFR	P00533	yes	8min	Rep1	centered	4	216182682.55171812
EGFR	P00533	yes	8min	Rep2	centered	4	185196547.17746428
EGFR	P00533	yes	8min	Rep3	centered	4	174190733.02615362
EGFR	P00533	yes	8min	Rep4	centered	4	275764949.63878924
EGFR	P00533	yes	20min	Rep1	centered	4	133487110.16310656
EGFR	P00533	yes	20min	Rep2	centered	5	245810495.9060312
EGFR	P00533	yes	20min	Rep3	centered	4	247208144.54338196
EGFR	P00533	yes	20min	Rep4	centered	4	135271414.23593253
EGFR	P00533	yes	90min	Rep1	centered	3	74759344.37941968
EGFR	P00533	yes	90min	Rep2	centered	4	73096706.10937238
EGFR	P00533	yes	90min	Rep3	centered	4	76163356.76261109
EGFR	P00533	yes	90min	Rep4	centered	4	85834561.10071063
